Timestamp,Modo,V1,V2,V3,V4
2025-05-08 22:43:38,MODO AC,15.21,11.86,1.21,6.55
2025-05-08 22:43:38,MODO AC,15.21,11.86,1.21,6.55
2025-05-08 22:43:38,MODO AC,15.21,11.86,1.21,6.55
2025-05-08 22:43:38,MODO AC,15.21,11.86,1.21,6.55
2025-05-08 22:43:38,MODO AC,15.21,11.86,1.21,6.55
2025-05-08 22:43:38,MODO AC,15.21,11.86,1.21,6.55
2025-05-08 22:43:38,MODO AC,15.21,11.86,1.21,6.55
2025-05-08 22:43:38,MODO AC,15.21,11.86,1.21,6.55
2025-05-08 22:43:38,MODO AC,15.21,11.86,1.21,6.55
2025-05-08 22:43:38,MODO AC,15.21,11.86,1.21,6.55
2025-05-08 22:43:38,MODO AC,15.21,11.86,1.21,6.55
2025-05-08 22:43:38,MODO AC,15.21,11.86,1.21,6.55
2025-05-08 22:43:38,MODO AC,15.21,11.86,1.21,6.55
2025-05-08 22:43:38,MODO AC,15.21,11.86,1.21,6.55
2025-05-08 22:43:38,MODO AC,15.21,11.86,1.21,6.55
2025-05-08 22:43:38,MODO AC,15.21,11.86,1.21,6.55
2025-05-08 22:43:38,MODO AC,15.21,11.86,1.21,6.55
2025-05-08 22:43:38,MODO AC,15.21,11.86,1.21,6.55
2025-05-08 22:43:38,MODO AC,15.21,11.86,1.21,6.55
2025-05-08 22:43:38,MODO AC,15.21,11.86,1.21,6.55
2025-05-08 22:43:38,MODO AC,15.21,11.86,1.21,6.55
2025-05-08 22:43:38,MODO AC,15.21,11.86,1.21,6.55
2025-05-08 22:43:38,MODO AC,15.21,11.86,1.21,6.55
2025-05-08 22:43:38,MODO AC,15.21,11.86,1.21,6.55
2025-05-08 22:43:38,MODO AC,15.21,11.86,1.21,6.55
2025-05-08 22:43:38,MODO AC,15.21,11.86,1.21,6.55
2025-05-08 22:43:38,MODO AC,15.21,11.86,1.21,6.55
2025-05-08 22:43:38,MODO AC,15.21,11.86,1.21,6.55
2025-05-08 22:43:38,MODO AC,15.21,11.86,1.21,6.55
2025-05-08 22:43:38,MODO AC,15.21,11.86,1.21,6.55
2025-05-08 22:43:38,MODO AC,15.21,11.86,1.21,6.55
2025-05-08 22:43:38,MODO AC,15.21,11.86,1.21,6.55
2025-05-08 22:43:38,MODO AC,15.21,11.86,1.21,6.55
2025-05-08 22:43:38,MODO AC,15.21,11.86,1.21,6.55
2025-05-08 22:43:38,MODO AC,15.21,11.86,1.21,6.55
2025-05-08 22:43:38,MODO AC,15.21,11.86,1.21,6.55
2025-05-08 22:43:38,MODO AC,15.21,11.86,1.21,6.55
2025-05-08 22:43:38,MODO AC,15.21,11.86,1.21,6.55
2025-05-08 22:43:38,MODO AC,15.21,11.86,1.21,6.55
2025-05-08 22:43:38,MODO AC,15.21,11.86,1.21,6.55
2025-05-08 22:43:38,MODO AC,15.21,11.86,1.21,6.55
2025-05-08 22:43:38,MODO AC,15.21,11.86,1.21,6.55
2025-05-08 22:43:38,MODO AC,15.21,11.86,1.21,6.55
2025-05-08 22:43:38,MODO AC,15.21,11.86,1.21,6.55
2025-05-08 22:43:38,MODO AC,15.21,11.86,1.21,6.55
2025-05-08 22:43:38,MODO AC,15.21,11.86,1.21,6.55
2025-05-08 22:43:38,MODO AC,15.21,11.86,1.21,6.55
2025-05-08 22:43:38,MODO AC,15.21,11.86,1.21,6.55
2025-05-08 22:43:38,MODO AC,15.21,11.86,1.21,6.55
2025-05-08 22:43:38,MODO AC,15.21,11.86,1.21,6.55
2025-05-08 22:43:38,MODO AC,15.21,11.86,1.21,6.55
2025-05-08 22:43:38,MODO AC,15.21,11.86,1.21,6.55
2025-05-08 22:43:38,MODO AC,15.21,11.86,1.21,6.55
2025-05-08 22:43:38,MODO AC,15.21,11.86,1.21,6.55
2025-05-08 22:43:38,MODO AC,15.21,11.86,1.21,6.55
2025-05-08 22:43:38,MODO AC,15.21,11.86,1.21,6.55
2025-05-08 22:43:38,MODO AC,15.21,11.86,1.21,6.55
2025-05-08 22:43:38,MODO AC,15.21,11.86,1.21,6.55
2025-05-08 22:43:38,MODO AC,15.21,11.86,1.21,6.55
2025-05-08 22:43:38,MODO AC,15.21,11.86,1.21,6.55
2025-05-08 22:43:38,MODO AC,15.21,11.86,1.21,6.55
2025-05-08 22:43:38,MODO AC,15.21,11.86,1.21,6.55
2025-05-08 22:43:38,MODO AC,15.21,11.86,1.21,6.55
2025-05-08 22:43:38,MODO AC,15.21,11.86,1.21,6.55
2025-05-08 22:43:38,MODO AC,15.21,11.86,1.21,6.55
2025-05-08 22:43:38,MODO AC,15.21,11.86,1.21,6.55
2025-05-08 22:43:38,MODO AC,15.21,11.86,1.21,6.55
2025-05-08 22:43:38,MODO AC,15.21,11.86,1.21,6.55
2025-05-08 22:43:38,MODO AC,15.21,11.86,1.21,6.55
2025-05-08 22:43:38,MODO AC,15.21,11.86,1.21,6.55
2025-05-08 22:43:38,MODO AC,15.21,11.86,1.21,6.55
2025-05-08 22:43:38,MODO AC,15.21,11.86,1.21,6.55
2025-05-08 22:43:38,MODO AC,15.21,11.86,1.21,6.55
2025-05-08 22:43:38,MODO AC,15.21,11.86,1.21,6.55
2025-05-08 22:43:38,MODO AC,15.21,11.86,1.21,6.55
2025-05-08 22:43:38,MODO AC,15.21,11.86,1.21,6.55
2025-05-08 22:43:38,MODO AC,15.21,11.86,1.21,6.55
2025-05-08 22:43:38,MODO AC,15.21,11.86,1.21,6.55
2025-05-08 22:43:38,MODO AC,15.21,11.86,1.21,6.55
2025-05-08 22:43:38,MODO AC,15.21,11.86,1.21,6.55
2025-05-08 22:43:38,MODO AC,15.21,11.86,1.21,6.55
2025-05-08 22:43:38,MODO AC,15.21,11.86,1.21,6.55
2025-05-08 22:43:38,MODO AC,15.21,11.86,1.21,6.55
2025-05-08 22:43:38,MODO AC,15.21,11.86,1.21,6.55
2025-05-08 22:43:38,MODO AC,15.21,11.86,1.21,6.55
2025-05-08 22:43:38,MODO AC,15.21,11.86,1.21,6.55
2025-05-08 22:43:38,MODO AC,15.21,11.86,1.21,6.55
2025-05-08 22:43:38,MODO AC,15.21,11.86,1.21,6.55
2025-05-08 22:43:38,MODO AC,15.21,11.86,1.21,6.55
2025-05-08 22:43:38,MODO AC,15.21,11.86,1.21,6.55
2025-05-08 22:43:38,MODO AC,15.21,11.86,1.21,6.55
2025-05-08 22:43:38,MODO AC,15.21,11.86,1.21,6.55
2025-05-08 22:43:38,MODO AC,15.21,11.86,1.21,6.55
2025-05-08 22:43:38,MODO AC,15.21,11.86,1.21,6.55
2025-05-08 22:43:38,MODO AC,15.21,11.86,1.21,6.55
2025-05-08 22:43:38,MODO AC,15.21,11.86,1.21,6.55
2025-05-08 22:43:38,MODO AC,15.21,11.86,1.21,6.55
2025-05-08 22:43:38,MODO AC,15.21,11.86,1.21,6.55
2025-05-08 22:43:38,MODO AC,15.21,11.86,1.21,6.55
2025-05-08 22:43:38,MODO AC,15.21,11.86,1.21,6.55
2025-05-08 22:43:38,MODO AC,15.21,11.86,1.21,6.55
2025-05-08 22:43:38,MODO AC,15.21,11.86,1.21,6.55
2025-05-08 22:43:38,MODO AC,15.21,11.86,1.21,6.55
2025-05-08 22:43:38,MODO AC,15.21,11.86,1.21,6.55
2025-05-08 22:43:38,MODO AC,15.21,11.86,1.21,6.55
2025-05-08 22:43:38,MODO AC,15.21,11.86,1.21,6.55
2025-05-08 22:43:38,MODO AC,15.21,11.86,1.21,6.55
2025-05-08 22:43:38,MODO AC,15.21,11.86,1.21,6.55
2025-05-08 22:43:38,MODO AC,15.21,11.86,1.21,6.55
2025-05-08 22:43:38,MODO AC,15.21,11.86,1.21,6.55
2025-05-08 22:43:38,MODO AC,15.21,11.86,1.21,6.55
2025-05-08 22:43:38,MODO AC,15.21,11.86,1.21,6.55
2025-05-08 22:43:38,MODO AC,15.21,11.86,1.21,6.55
2025-05-08 22:43:38,MODO AC,15.21,11.86,1.21,6.55
2025-05-08 22:43:38,MODO AC,15.21,11.86,1.21,6.55
2025-05-08 22:43:38,MODO AC,15.21,11.86,1.21,6.55
2025-05-08 22:43:38,MODO AC,15.21,11.86,1.21,6.55
2025-05-08 22:43:38,MODO AC,15.21,11.86,1.21,6.55
2025-05-08 22:43:38,MODO AC,15.21,11.86,1.21,6.55
2025-05-08 22:43:38,MODO AC,15.21,11.86,1.21,6.55
2025-05-08 22:43:38,MODO AC,15.21,11.86,1.21,6.55
2025-05-08 22:43:38,MODO AC,15.21,11.86,1.21,6.55
2025-05-08 22:43:38,MODO AC,15.21,11.86,1.21,6.55
2025-05-08 22:43:38,MODO AC,15.21,11.86,1.21,6.55
2025-05-08 22:43:38,MODO AC,15.21,11.86,1.21,6.55
2025-05-08 22:43:38,MODO AC,15.21,11.86,1.21,6.55
2025-05-08 22:43:38,MODO AC,15.21,11.86,1.21,6.55
2025-05-08 22:43:38,MODO AC,15.21,11.86,1.21,6.55
2025-05-08 22:43:38,MODO AC,15.21,11.86,1.21,6.55
2025-05-08 22:43:38,MODO AC,15.21,11.86,1.21,6.55
2025-05-08 22:43:38,MODO AC,15.21,11.86,1.21,6.55
2025-05-08 22:43:38,MODO AC,15.21,11.86,1.21,6.55
2025-05-08 22:43:38,MODO AC,15.21,11.86,1.21,6.55
2025-05-08 22:43:38,MODO AC,15.21,11.86,1.21,6.55
2025-05-08 22:43:38,MODO AC,15.21,11.86,1.21,6.55
2025-05-08 22:43:38,MODO AC,15.21,11.86,1.21,6.55
2025-05-08 22:43:38,MODO AC,15.21,11.86,1.21,6.55
2025-05-08 22:43:38,MODO AC,15.21,11.86,1.21,6.55
2025-05-08 22:43:38,MODO AC,15.21,11.86,1.21,6.55
2025-05-08 22:43:38,MODO AC,15.21,11.86,1.21,6.55
2025-05-08 22:43:38,MODO AC,15.21,11.86,1.21,6.55
2025-05-08 22:43:38,MODO AC,15.21,11.86,1.21,6.55
2025-05-08 22:43:38,MODO AC,15.21,11.86,1.21,6.55
2025-05-08 22:43:38,MODO AC,15.21,11.86,1.21,6.55
2025-05-08 22:43:38,MODO AC,15.21,11.86,1.21,6.55
2025-05-08 22:43:38,MODO AC,15.21,11.86,1.21,6.55
2025-05-08 22:43:38,MODO AC,15.21,11.86,1.21,6.55
2025-05-08 22:43:38,MODO AC,15.21,11.86,1.21,6.55
2025-05-08 22:43:38,MODO AC,15.21,11.86,1.21,6.55
2025-05-08 22:43:38,MODO AC,15.21,11.86,1.21,6.55
2025-05-08 22:43:38,MODO AC,15.21,11.86,1.21,6.55
2025-05-08 22:43:38,MODO AC,15.21,11.86,1.21,6.55
2025-05-08 22:43:38,MODO AC,15.21,11.86,1.21,6.55
2025-05-08 22:43:38,MODO AC,15.21,11.86,1.21,6.55
2025-05-08 22:43:38,MODO AC,15.21,11.86,1.21,6.55
2025-05-08 22:43:38,MODO AC,15.21,11.86,1.21,6.55
2025-05-08 22:43:38,MODO AC,15.21,11.86,1.21,6.55
2025-05-08 22:43:38,MODO AC,15.21,11.86,1.21,6.55
2025-05-08 22:43:38,MODO AC,15.21,11.86,1.21,6.55
2025-05-08 22:43:38,MODO AC,15.21,11.86,1.21,6.55
2025-05-08 22:43:38,MODO AC,15.21,11.86,1.21,6.55
2025-05-08 22:43:38,MODO AC,15.21,11.86,1.21,6.55
2025-05-08 22:43:38,MODO AC,15.21,11.86,1.21,6.55
2025-05-08 22:43:38,MODO AC,15.21,11.86,1.21,6.55
2025-05-08 22:43:38,MODO AC,15.21,11.86,1.21,6.55
2025-05-08 22:43:38,MODO AC,15.21,11.86,1.21,6.55
2025-05-08 22:43:38,MODO AC,15.21,11.86,1.21,6.55
2025-05-08 22:43:38,MODO AC,15.21,11.86,1.21,6.55
2025-05-08 22:43:38,MODO AC,15.21,11.86,1.21,6.55
2025-05-08 22:43:38,MODO AC,15.21,11.86,1.21,6.55
2025-05-08 22:43:38,MODO AC,15.21,11.86,1.21,6.55
2025-05-08 22:43:38,MODO AC,15.21,11.86,1.21,6.55
2025-05-08 22:43:38,MODO AC,15.21,11.86,1.21,6.55
2025-05-08 22:43:38,MODO AC,15.21,11.86,1.21,6.55
2025-05-08 22:43:38,MODO AC,15.21,11.86,1.21,6.55
2025-05-08 22:43:38,MODO AC,15.21,11.86,1.21,6.55
2025-05-08 22:43:38,MODO AC,15.21,11.86,1.21,6.55
2025-05-08 22:43:38,MODO AC,15.21,11.86,1.21,6.55
2025-05-08 22:43:38,MODO AC,15.21,11.86,1.21,6.55
2025-05-08 22:43:38,MODO AC,15.21,11.86,1.21,6.55
2025-05-08 22:43:38,MODO AC,15.21,11.86,1.21,6.55
2025-05-08 22:43:38,MODO AC,15.21,11.86,1.21,6.55
2025-05-08 22:43:38,MODO AC,15.21,11.86,1.21,6.55
2025-05-08 22:43:38,MODO AC,15.21,11.86,1.21,6.55
2025-05-08 22:43:38,MODO AC,15.21,11.86,1.21,6.55
2025-05-08 22:43:38,MODO AC,15.21,11.86,1.21,6.55
2025-05-08 22:43:38,MODO AC,15.21,11.86,1.21,6.55
2025-05-08 22:43:38,MODO AC,15.21,11.86,1.21,6.55
2025-05-08 22:43:38,MODO AC,15.21,11.86,1.21,6.55
2025-05-08 22:43:38,MODO AC,15.21,11.86,1.21,6.55
2025-05-08 22:43:38,MODO AC,15.21,11.86,1.21,6.55
2025-05-08 22:43:38,MODO AC,15.21,11.86,1.21,6.55
2025-05-08 22:43:38,MODO AC,15.21,11.86,1.21,6.55
2025-05-08 22:43:38,MODO AC,15.21,11.86,1.21,6.55
2025-05-08 22:43:38,MODO AC,15.21,11.86,1.21,6.55
2025-05-08 22:43:38,MODO AC,15.21,11.86,1.21,6.55
2025-05-08 22:43:38,MODO AC,15.21,11.86,1.21,6.55
2025-05-08 22:43:38,MODO AC,15.21,11.86,1.21,6.55
2025-05-08 22:43:38,MODO AC,15.21,11.86,1.21,6.55
2025-05-08 22:43:38,MODO AC,15.21,11.86,1.21,6.55
2025-05-08 22:43:38,MODO AC,15.21,11.86,1.21,6.55
2025-05-08 22:43:38,MODO AC,15.21,11.86,1.21,6.55
2025-05-08 22:43:38,MODO AC,15.21,11.86,1.21,6.55
2025-05-08 22:43:38,MODO AC,15.21,11.86,1.21,6.55
2025-05-08 22:43:38,MODO AC,15.21,11.86,1.21,6.55
2025-05-08 22:43:38,MODO AC,15.21,11.86,1.21,6.55
2025-05-08 22:43:38,MODO AC,15.21,11.86,1.21,6.55
2025-05-08 22:43:38,MODO AC,15.21,11.86,1.21,6.55
2025-05-08 22:43:38,MODO AC,15.21,11.86,1.21,6.55
2025-05-08 22:43:38,MODO AC,15.21,11.86,1.21,6.55
2025-05-08 22:43:38,MODO AC,15.21,11.86,1.21,6.55
2025-05-08 22:43:38,MODO AC,15.21,11.86,1.21,6.55
2025-05-08 22:43:38,MODO AC,15.21,11.86,1.21,6.55
2025-05-08 22:43:38,MODO AC,15.21,11.86,1.21,6.55
2025-05-08 22:43:38,MODO AC,15.21,11.86,1.21,6.55
2025-05-08 22:43:38,MODO AC,15.21,11.86,1.21,6.55
2025-05-08 22:43:38,MODO AC,15.21,11.86,1.21,6.55
2025-05-08 22:43:38,MODO AC,15.21,11.86,1.21,6.55
2025-05-08 22:43:38,MODO AC,15.21,11.86,1.21,6.55
2025-05-08 22:43:38,MODO AC,15.21,11.86,1.21,6.55
2025-05-08 22:43:38,MODO AC,15.21,11.86,1.21,6.55
2025-05-08 22:43:38,MODO AC,15.21,11.86,1.21,6.55
2025-05-08 22:43:38,MODO AC,15.21,11.86,1.21,6.55
2025-05-08 22:43:38,MODO AC,15.21,11.86,1.21,6.55
2025-05-08 22:43:38,MODO AC,15.21,11.86,1.21,6.55
2025-05-08 22:43:38,MODO AC,15.21,11.86,1.21,6.55
2025-05-08 22:43:38,MODO AC,15.21,11.86,1.21,6.55
2025-05-08 22:43:38,MODO AC,15.21,11.86,1.21,6.55
2025-05-08 22:43:38,MODO AC,15.21,11.86,1.21,6.55
2025-05-08 22:43:38,MODO AC,15.21,11.86,1.21,6.55
2025-05-08 22:43:38,MODO AC,15.21,11.86,1.21,6.55
2025-05-08 22:43:38,MODO AC,15.21,11.86,1.21,6.55
2025-05-08 22:43:38,MODO AC,15.21,11.86,1.21,6.55
2025-05-08 22:43:38,MODO AC,15.21,11.86,1.21,6.55
2025-05-08 22:43:38,MODO AC,15.21,11.86,1.21,6.55
2025-05-08 22:43:38,MODO AC,15.21,11.86,1.21,6.55
2025-05-08 22:43:38,MODO AC,15.21,11.86,1.21,6.55
2025-05-08 22:43:38,MODO AC,15.21,11.86,1.21,6.55
2025-05-08 22:43:38,MODO AC,15.21,11.86,1.21,6.55
2025-05-08 22:43:38,MODO AC,15.21,11.86,1.21,6.55
2025-05-08 22:43:38,MODO AC,15.21,11.86,1.21,6.55
2025-05-08 22:43:38,MODO AC,15.21,11.86,1.21,6.55
2025-05-08 22:43:38,MODO AC,15.21,11.86,1.21,6.55
2025-05-08 22:43:38,MODO AC,15.21,11.86,1.21,6.55
2025-05-08 22:43:38,MODO AC,15.21,11.86,1.21,6.55
2025-05-08 22:43:38,MODO AC,15.21,11.86,1.21,6.55
2025-05-08 22:43:38,MODO AC,15.21,11.86,1.21,6.55
2025-05-08 22:43:38,MODO AC,15.21,11.86,1.21,6.55
2025-05-08 22:43:38,MODO AC,15.21,11.86,1.21,6.55
2025-05-08 22:43:38,MODO AC,15.21,11.86,1.21,6.55
2025-05-08 22:43:38,MODO AC,15.21,11.86,1.21,6.55
2025-05-08 22:43:38,MODO AC,15.21,11.86,1.21,6.55
2025-05-08 22:43:38,MODO AC,15.21,11.86,1.21,6.55
2025-05-08 22:43:38,MODO AC,15.21,11.86,1.21,6.55
2025-05-08 22:43:38,MODO AC,15.21,11.86,1.21,6.55
2025-05-08 22:43:38,MODO AC,15.21,11.86,1.21,6.55
2025-05-08 22:43:38,MODO AC,15.21,11.86,1.21,6.55
2025-05-08 22:43:38,MODO AC,15.21,11.86,1.21,6.55
2025-05-08 22:43:38,MODO AC,15.21,11.86,1.21,6.55
2025-05-08 22:43:38,MODO AC,15.21,11.86,1.21,6.55
2025-05-08 22:43:38,MODO AC,15.21,11.86,1.21,6.55
2025-05-08 22:43:38,MODO AC,15.21,11.86,1.21,6.55
2025-05-08 22:43:38,MODO AC,15.21,11.86,1.21,6.55
2025-05-08 22:43:38,MODO AC,15.21,11.86,1.21,6.55
2025-05-08 22:43:38,MODO AC,15.21,11.86,1.21,6.55
2025-05-08 22:43:38,MODO AC,15.21,11.86,1.21,6.55
2025-05-08 22:43:38,MODO AC,15.21,11.86,1.21,6.55
2025-05-08 22:43:38,MODO AC,15.21,11.86,1.21,6.55
2025-05-08 22:43:38,MODO AC,15.21,11.86,1.21,6.55
2025-05-08 22:43:38,MODO AC,15.21,11.86,1.21,6.55
2025-05-08 22:43:38,MODO AC,15.21,11.86,1.21,6.55
2025-05-08 22:43:38,MODO AC,15.21,11.86,1.21,6.55
2025-05-08 22:43:38,MODO AC,15.21,11.86,1.21,6.55
2025-05-08 22:43:38,MODO AC,15.21,11.86,1.21,6.55
2025-05-08 22:43:38,MODO AC,15.21,11.86,1.21,6.55
2025-05-08 22:43:38,MODO AC,15.21,11.86,1.21,6.55
2025-05-08 22:43:38,MODO AC,15.21,11.86,1.21,6.55
2025-05-08 22:43:38,MODO AC,15.21,11.86,1.21,6.55
2025-05-08 22:43:38,MODO AC,15.21,11.86,1.21,6.55
2025-05-08 22:43:38,MODO AC,15.21,11.86,1.21,6.55
2025-05-08 22:43:38,MODO AC,15.21,11.86,1.21,6.55
2025-05-08 22:43:38,MODO AC,15.21,11.86,1.21,6.55
2025-05-08 22:43:38,MODO AC,15.21,11.86,1.21,6.55
2025-05-08 22:43:38,MODO AC,15.21,11.86,1.21,6.55
2025-05-08 22:43:38,MODO AC,15.21,11.86,1.21,6.55
2025-05-08 22:43:38,MODO AC,15.21,11.86,1.21,6.55
2025-05-08 22:43:38,MODO AC,15.21,11.86,1.21,6.55
2025-05-08 22:43:38,MODO AC,15.21,11.86,1.21,6.55
2025-05-08 22:43:38,MODO AC,15.21,11.86,1.21,6.55
2025-05-08 22:43:38,MODO AC,15.21,11.86,1.21,6.55
2025-05-08 22:43:38,MODO AC,15.21,11.86,1.21,6.55
2025-05-08 22:43:38,MODO AC,15.21,11.86,1.21,6.55
2025-05-08 22:43:38,MODO AC,15.21,11.86,1.21,6.55
2025-05-08 22:43:38,MODO AC,15.21,11.86,1.21,6.55
2025-05-08 22:43:38,MODO AC,15.21,11.86,1.21,6.55
2025-05-08 22:43:38,MODO AC,15.21,11.86,1.21,6.55
2025-05-08 22:43:38,MODO AC,15.21,11.86,1.21,6.55
2025-05-08 22:43:38,MODO AC,15.21,11.86,1.21,6.55
2025-05-08 22:43:38,MODO AC,15.21,11.86,1.21,6.55
2025-05-08 22:43:38,MODO AC,15.21,11.86,1.21,6.55
2025-05-08 22:43:38,MODO AC,15.21,11.86,1.21,6.55
2025-05-08 22:43:38,MODO AC,15.21,11.86,1.21,6.55
2025-05-08 22:43:38,MODO AC,15.21,11.86,1.21,6.55
2025-05-08 22:43:38,MODO AC,15.21,11.86,1.21,6.55
2025-05-08 22:43:38,MODO AC,15.21,11.86,1.21,6.55
2025-05-08 22:43:38,MODO AC,15.21,11.86,1.21,6.55
2025-05-08 22:43:38,MODO AC,15.21,11.86,1.21,6.55
2025-05-08 22:43:38,MODO AC,15.21,11.86,1.21,6.55
2025-05-08 22:43:38,MODO AC,15.21,11.86,1.21,6.55
2025-05-08 22:43:38,MODO AC,15.21,11.86,1.21,6.55
2025-05-08 22:43:38,MODO AC,15.21,11.86,1.21,6.55
2025-05-08 22:43:38,MODO AC,15.21,11.86,1.21,6.55
2025-05-08 22:43:38,MODO AC,15.21,11.86,1.21,6.55
2025-05-08 22:43:38,MODO AC,15.21,11.86,1.21,6.55
2025-05-08 22:43:38,MODO AC,15.21,11.86,1.21,6.55
2025-05-08 22:43:38,MODO AC,15.21,11.86,1.21,6.55
2025-05-08 22:43:38,MODO AC,15.21,11.86,1.21,6.55
2025-05-08 22:43:38,MODO AC,15.21,11.86,1.21,6.55
2025-05-08 22:43:38,MODO AC,15.21,11.86,1.21,6.55
2025-05-08 22:43:38,MODO AC,15.21,11.86,1.21,6.55
2025-05-08 22:43:38,MODO AC,15.21,11.86,1.21,6.55
2025-05-08 22:43:38,MODO AC,15.21,11.86,1.21,6.55
2025-05-08 22:43:38,MODO AC,15.21,11.86,1.21,6.55
2025-05-08 22:43:38,MODO AC,15.21,11.86,1.21,6.55
2025-05-08 22:43:38,MODO AC,15.21,11.86,1.21,6.55
2025-05-08 22:43:38,MODO AC,15.21,11.86,1.21,6.55
2025-05-08 22:43:38,MODO AC,15.21,11.86,1.21,6.55
2025-05-08 22:43:38,MODO AC,15.21,11.86,1.21,6.55
2025-05-08 22:43:38,MODO AC,15.21,11.86,1.21,6.55
2025-05-08 22:43:38,MODO AC,15.21,11.86,1.21,6.55
2025-05-08 22:43:38,MODO AC,15.21,11.86,1.21,6.55
2025-05-08 22:43:38,MODO AC,15.21,11.86,1.21,6.55
2025-05-08 22:43:38,MODO AC,15.21,11.86,1.21,6.55
2025-05-08 22:43:38,MODO AC,15.21,11.86,1.21,6.55
2025-05-08 22:43:38,MODO AC,15.21,11.86,1.21,6.55
2025-05-08 22:43:38,MODO AC,15.21,11.86,1.21,6.55
2025-05-08 22:43:38,MODO AC,15.21,11.86,1.21,6.55
2025-05-08 22:43:38,MODO AC,15.21,11.86,1.21,6.55
2025-05-08 22:43:38,MODO AC,15.21,11.86,1.21,6.55
2025-05-08 22:43:38,MODO AC,15.21,11.86,1.21,6.55
2025-05-08 22:43:38,MODO AC,15.21,11.86,1.21,6.55
2025-05-08 22:43:38,MODO AC,15.21,11.86,1.21,6.55
2025-05-08 22:43:38,MODO AC,15.21,11.86,1.21,6.55
2025-05-08 22:43:38,MODO AC,15.21,11.86,1.21,6.55
2025-05-08 22:43:38,MODO AC,15.21,11.86,1.21,6.55
2025-05-08 22:43:38,MODO AC,15.21,11.86,1.21,6.55
2025-05-08 22:43:38,MODO AC,15.21,11.86,1.21,6.55
2025-05-08 22:43:38,MODO AC,15.21,11.86,1.21,6.55
2025-05-08 22:43:38,MODO AC,15.21,11.86,1.21,6.55
2025-05-08 22:43:38,MODO AC,15.21,11.86,1.21,6.55
2025-05-08 22:43:38,MODO AC,15.21,11.86,1.21,6.55
2025-05-08 22:43:38,MODO AC,15.21,11.86,1.21,6.55
2025-05-08 22:43:38,MODO AC,15.21,11.86,1.21,6.55
2025-05-08 22:43:38,MODO AC,15.21,11.86,1.21,6.55
2025-05-08 22:43:38,MODO AC,15.21,11.86,1.21,6.55
2025-05-08 22:43:38,MODO AC,15.21,11.86,1.21,6.55
2025-05-08 22:43:38,MODO AC,15.21,11.86,1.21,6.55
2025-05-08 22:43:38,MODO AC,15.21,11.86,1.21,6.55
2025-05-08 22:43:38,MODO AC,15.21,11.86,1.21,6.55
2025-05-08 22:43:38,MODO AC,15.21,11.86,1.21,6.55
2025-05-08 22:43:38,MODO AC,15.21,11.86,1.21,6.55
2025-05-08 22:43:38,MODO AC,15.21,11.86,1.21,6.55
2025-05-08 22:43:38,MODO AC,15.21,11.86,1.21,6.55
2025-05-08 22:43:38,MODO AC,15.21,11.86,1.21,6.55
2025-05-08 22:43:38,MODO AC,15.21,11.86,1.21,6.55
2025-05-08 22:43:38,MODO AC,15.21,11.86,1.21,6.55
2025-05-08 22:43:38,MODO AC,15.21,11.86,1.21,6.55
2025-05-08 22:43:38,MODO AC,15.21,11.86,1.21,6.55
2025-05-08 22:43:38,MODO DC,19.96,15.41,-10.91,8.33
2025-05-08 22:43:38,MODO DC,2.13,2.13,1.15,2.09
2025-05-08 22:43:38,MODO DC,15.13,12.27,-8.47,7.3
2025-05-08 22:43:38,MODO DC,13.77,10.53,-6.22,5.75
2025-05-08 22:43:38,MODO DC,4.53,4.11,-0.77,3.21
2025-05-08 22:43:38,MODO DC,20.53,16.21,-11.99,9.08
2025-05-08 22:43:38,MODO DC,4.11,3.31,0.4,2.32
2025-05-08 22:43:38,MODO DC,5.65,5.0,-1.67,3.68
2025-05-08 22:43:38,MODO DC,21.04,16.54,-12.27,9.22
2025-05-08 22:43:38,MODO DC,3.26,2.7,0.91,2.04
2025-05-08 22:43:38,MODO DC,6.78,5.89,-2.51,4.15
2025-05-08 22:43:38,MODO DC,21.37,16.73,-12.41,9.27
2025-05-08 22:43:38,MODO DC,2.56,2.23,1.34,1.85
2025-05-08 22:43:38,MODO DC,8.23,7.01,-3.59,4.72
2025-05-08 22:43:38,MODO DC,21.51,16.77,-12.36,9.22
2025-05-08 22:43:38,MODO DC,2.04,1.9,1.62,1.76
2025-05-08 22:43:38,MODO DC,9.55,8.05,-4.57,5.23
2025-05-08 22:43:38,MODO DC,21.37,16.63,-12.22,9.08
2025-05-08 22:43:38,MODO DC,1.81,1.71,1.71,1.71
2025-05-08 22:43:38,MODO DC,11.1,9.22,-5.65,5.79
2025-05-08 22:43:38,MODO DC,19.68,15.18,-10.72,8.23
2025-05-08 22:43:38,MODO DC,2.32,2.32,1.01,2.18
2025-05-08 22:43:38,MODO DC,15.65,12.65,-8.84,7.48
2025-05-08 22:43:38,MODO DC,13.11,10.06,-5.79,5.51
2025-05-08 22:43:38,MODO DC,4.95,4.43,-1.1,3.35
2025-05-08 22:43:38,MODO DC,20.76,16.35,-12.13,9.13
2025-05-08 22:43:38,MODO DC,3.73,3.03,0.63,2.18
2025-05-08 22:43:38,MODO DC,6.08,5.33,-1.99,3.87
2025-05-08 22:43:38,MODO DC,21.23,16.63,-12.36,9.22
2025-05-08 22:43:38,MODO DC,2.93,2.46,1.15,1.95
2025-05-08 22:43:38,MODO DC,7.53,6.45,-3.07,4.43
2025-05-08 22:43:38,MODO DC,21.47,16.77,-12.41,9.22
2025-05-08 22:43:38,MODO DC,2.32,2.04,1.48,1.81
2025-05-08 22:43:38,MODO DC,8.84,7.48,-4.06,4.95
2025-05-08 22:43:38,MODO DC,21.47,16.73,-12.32,9.17
2025-05-08 22:43:38,MODO DC,1.9,1.81,1.67,1.71
2025-05-08 22:43:38,MODO DC,10.25,8.56,-5.09,5.51
2025-05-08 22:43:38,MODO DC,20.11,15.55,-11.05,8.42
2025-05-08 22:43:38,MODO DC,2.04,2.09,1.24,2.04
2025-05-08 22:43:38,MODO DC,14.71,11.94,-8.19,7.16
2025-05-08 22:43:38,MODO DC,14.19,10.86,-6.55,5.94
2025-05-08 22:43:38,MODO DC,4.2,3.87,-0.54,3.03
2025-05-08 22:43:38,MODO DC,20.29,16.02,-11.85,9.03
2025-05-08 22:43:38,MODO DC,4.53,3.64,0.16,2.42
2025-05-08 22:43:38,MODO AC,15.21,11.86,1.21,6.55
2025-05-08 22:43:38,MODO AC,15.21,11.86,1.21,6.55
2025-05-08 22:43:38,MODO AC,15.21,11.86,1.21,6.55
2025-05-08 22:43:38,MODO AC,15.21,11.86,1.21,6.55
2025-05-08 22:43:38,MODO AC,15.21,11.86,1.21,6.55
2025-05-08 22:43:38,MODO AC,15.21,11.86,1.21,6.55
2025-05-08 22:43:38,MODO AC,15.21,11.86,1.21,6.55
2025-05-08 22:43:38,MODO AC,15.21,11.86,1.21,6.55
2025-05-08 22:43:38,MODO AC,15.21,11.86,1.21,6.55
2025-05-08 22:43:38,MODO AC,15.21,11.86,1.21,6.55
2025-05-08 22:43:38,MODO AC,15.21,11.86,1.21,6.55
2025-05-08 22:43:38,MODO AC,15.21,11.86,1.21,6.55
2025-05-08 22:43:38,MODO AC,15.21,11.86,1.21,6.55
2025-05-08 22:43:38,MODO AC,15.21,11.86,1.21,6.55
2025-05-08 22:43:38,MODO AC,15.21,11.86,1.21,6.55
2025-05-08 22:43:38,MODO AC,15.21,11.86,1.21,6.55
2025-05-08 22:43:38,MODO AC,15.21,11.86,1.21,6.55
2025-05-08 22:43:38,MODO AC,15.21,11.86,1.21,6.55
2025-05-08 22:43:38,MODO AC,15.21,11.86,1.21,6.55
2025-05-08 22:43:38,MODO AC,15.21,11.86,1.21,6.55
2025-05-08 22:43:38,MODO AC,15.21,11.86,1.21,6.55
2025-05-08 22:43:38,MODO AC,15.21,11.86,1.21,6.55
2025-05-08 22:43:38,MODO AC,15.21,11.86,1.21,6.55
2025-05-08 22:43:38,MODO AC,15.21,11.86,1.21,6.55
2025-05-08 22:43:38,MODO AC,15.21,11.86,1.21,6.55
2025-05-08 22:43:38,MODO AC,15.21,11.86,1.21,6.55
2025-05-08 22:43:38,MODO AC,15.21,11.86,1.21,6.55
2025-05-08 22:43:38,MODO AC,15.21,11.86,1.21,6.55
2025-05-08 22:43:38,MODO AC,15.21,11.86,1.21,6.55
2025-05-08 22:43:38,MODO AC,15.21,11.86,1.21,6.55
2025-05-08 22:43:38,MODO AC,15.21,11.86,1.21,6.55
2025-05-08 22:43:38,MODO AC,15.21,11.86,1.21,6.55
2025-05-08 22:43:38,MODO AC,15.21,11.86,1.21,6.55
2025-05-08 22:43:38,MODO AC,15.21,11.86,1.21,6.55
2025-05-08 22:43:38,MODO AC,15.21,11.86,1.21,6.55
2025-05-08 22:43:38,MODO AC,15.21,11.86,1.21,6.55
2025-05-08 22:43:38,MODO AC,15.21,11.86,1.21,6.55
2025-05-08 22:43:38,MODO AC,15.21,11.86,1.21,6.55
2025-05-08 22:43:38,MODO AC,15.21,11.86,1.21,6.55
2025-05-08 22:43:38,MODO AC,15.21,11.86,1.21,6.55
2025-05-08 22:43:38,MODO AC,15.21,11.86,1.21,6.55
2025-05-08 22:43:38,MODO AC,15.21,11.86,1.21,6.55
2025-05-08 22:43:38,MODO AC,15.21,11.86,1.21,6.55
2025-05-08 22:43:38,MODO AC,15.21,11.86,1.21,6.55
2025-05-08 22:43:38,MODO AC,15.21,11.86,1.21,6.55
2025-05-08 22:43:38,MODO AC,15.21,11.86,1.21,6.55
2025-05-08 22:43:38,MODO AC,15.21,11.86,1.21,6.55
2025-05-08 22:43:38,MODO AC,15.21,11.86,1.21,6.55
2025-05-08 22:43:38,MODO AC,15.21,11.86,1.21,6.55
2025-05-08 22:43:38,MODO AC,15.21,11.86,1.21,6.55
2025-05-08 22:43:38,MODO AC,15.21,11.86,1.21,6.55
2025-05-08 22:43:38,MODO AC,15.21,11.86,1.21,6.55
2025-05-08 22:43:38,MODO AC,15.21,11.86,1.21,6.55
2025-05-08 22:43:38,MODO AC,15.21,11.86,1.21,6.55
2025-05-08 22:43:38,MODO AC,15.21,11.86,1.21,6.55
2025-05-08 22:43:38,MODO AC,15.21,11.86,1.21,6.55
2025-05-08 22:43:38,MODO AC,15.21,11.86,1.21,6.55
2025-05-08 22:43:38,MODO AC,15.21,11.86,1.21,6.55
2025-05-08 22:43:38,MODO AC,15.21,11.86,1.21,6.55
2025-05-08 22:43:38,MODO AC,15.21,11.86,1.21,6.55
2025-05-08 22:43:38,MODO AC,15.21,11.86,1.21,6.55
2025-05-08 22:43:38,MODO AC,15.21,11.86,1.21,6.55
2025-05-08 22:43:38,MODO AC,15.21,11.86,1.21,6.55
2025-05-08 22:43:38,MODO AC,15.21,11.86,1.21,6.55
2025-05-08 22:43:38,MODO AC,15.21,11.86,1.21,6.55
2025-05-08 22:43:38,MODO AC,15.21,11.86,1.21,6.55
2025-05-08 22:43:38,MODO AC,15.21,11.86,1.21,6.55
2025-05-08 22:43:38,MODO AC,15.21,11.86,1.21,6.55
2025-05-08 22:43:38,MODO AC,15.21,11.86,1.21,6.55
2025-05-08 22:43:38,MODO AC,15.21,16.97,1.21,6.55
2025-05-08 22:43:38,MODO AC,15.21,16.97,1.21,6.55
2025-05-08 22:43:38,MODO AC,15.21,16.97,1.21,6.55
2025-05-08 22:43:38,MODO AC,15.21,16.97,1.21,6.55
2025-05-08 22:43:38,MODO AC,15.21,16.97,1.21,6.55
2025-05-08 22:43:38,MODO AC,15.21,16.97,1.21,6.55
2025-05-08 22:43:38,MODO AC,15.21,16.97,1.21,6.55
2025-05-08 22:43:38,MODO AC,15.21,16.97,1.21,6.55
2025-05-08 22:43:38,MODO AC,15.21,16.97,1.21,6.55
2025-05-08 22:43:38,MODO AC,15.21,16.97,1.21,6.55
2025-05-08 22:43:38,MODO AC,15.21,16.97,1.21,6.55
2025-05-08 22:43:38,MODO AC,15.21,16.97,1.21,6.55
2025-05-08 22:43:38,MODO AC,15.21,16.97,1.21,6.55
2025-05-08 22:43:38,MODO AC,15.21,16.97,1.21,6.55
2025-05-08 22:43:38,MODO AC,15.21,16.97,1.21,6.55
2025-05-08 22:43:38,MODO AC,15.21,16.97,1.21,6.55
2025-05-08 22:43:38,MODO AC,15.21,1.21,1.21,6.55
2025-05-08 22:43:38,MODO AC,15.21,1.21,1.21,6.55
2025-05-08 22:43:38,MODO AC,15.21,1.21,1.21,6.55
2025-05-08 22:43:38,MODO AC,15.21,1.21,1.21,6.55
2025-05-08 22:43:38,MODO AC,15.21,1.21,1.21,6.55
2025-05-08 22:43:38,MODO AC,15.21,1.21,1.21,6.55
2025-05-08 22:43:38,MODO AC,15.21,1.21,1.21,6.55
2025-05-08 22:43:38,MODO AC,15.21,1.21,1.21,6.55
2025-05-08 22:43:38,MODO AC,15.21,1.21,1.21,6.55
2025-05-08 22:43:38,MODO AC,15.21,1.21,1.21,6.55
2025-05-08 22:43:38,MODO AC,15.21,1.21,1.21,6.55
2025-05-08 22:43:38,MODO AC,15.21,1.21,1.21,6.55
2025-05-08 22:43:38,MODO AC,15.21,1.21,1.21,6.55
2025-05-08 22:43:38,MODO AC,15.21,1.21,1.21,6.55
2025-05-08 22:43:38,MODO AC,15.21,1.21,1.21,6.55
2025-05-08 22:43:38,MODO AC,15.21,1.21,1.21,6.55
2025-05-08 22:43:38,MODO AC,15.21,1.21,1.21,6.55
2025-05-08 22:43:38,MODO AC,15.21,1.21,1.21,6.55
2025-05-08 22:43:38,MODO AC,15.21,1.21,1.21,6.55
2025-05-08 22:43:38,MODO AC,15.21,1.21,1.21,6.55
2025-05-08 22:43:38,MODO AC,15.21,1.21,1.21,6.55
2025-05-08 22:43:38,MODO AC,15.21,1.21,1.21,6.55
2025-05-08 22:43:38,MODO AC,15.21,1.21,1.21,6.55
2025-05-08 22:43:38,MODO AC,15.21,1.21,1.21,6.55
2025-05-08 22:43:38,MODO AC,15.21,1.21,1.21,6.55
2025-05-08 22:43:38,MODO AC,15.21,1.21,1.21,6.55
2025-05-08 22:43:38,MODO AC,15.21,1.21,1.21,6.55
2025-05-08 22:43:38,MODO AC,15.21,1.21,1.21,6.55
2025-05-08 22:43:38,MODO AC,15.21,1.21,1.21,6.55
2025-05-08 22:43:38,MODO AC,15.21,1.21,1.21,6.55
2025-05-08 22:43:38,MODO AC,15.21,1.21,1.21,6.55
2025-05-08 22:43:38,MODO AC,15.21,1.21,1.21,6.55
2025-05-08 22:43:38,MODO AC,15.21,1.21,1.21,6.55
2025-05-08 22:43:38,MODO AC,15.21,1.21,1.21,6.55
2025-05-08 22:43:38,MODO AC,15.21,1.21,1.21,6.55
2025-05-08 22:43:38,MODO AC,15.21,1.21,1.21,6.55
2025-05-08 22:43:38,MODO AC,15.21,1.21,1.21,6.55
2025-05-08 22:43:38,MODO AC,15.21,1.21,1.21,6.55
2025-05-08 22:43:38,MODO AC,15.21,1.21,1.21,6.55
2025-05-08 22:43:38,MODO AC,15.21,1.21,1.21,6.55
2025-05-08 22:43:38,MODO AC,15.21,1.21,1.21,6.55
2025-05-08 22:43:38,MODO AC,15.21,1.21,1.21,6.55
2025-05-08 22:43:38,MODO AC,15.21,1.21,1.21,6.55
2025-05-08 22:43:38,MODO AC,15.21,1.21,1.21,6.55
2025-05-08 22:43:38,MODO AC,15.21,1.21,1.21,6.55
2025-05-08 22:43:38,MODO AC,15.21,1.21,1.21,6.55
2025-05-08 22:43:38,MODO AC,15.21,1.21,1.21,6.55
2025-05-08 22:43:38,MODO AC,15.21,1.21,1.21,6.55
2025-05-08 22:43:38,MODO AC,15.21,1.21,1.21,6.55
2025-05-08 22:43:38,MODO AC,15.21,1.21,1.21,6.55
2025-05-08 22:43:38,MODO AC,15.21,1.21,1.21,6.55
2025-05-08 22:43:38,MODO AC,15.21,1.21,1.21,6.55
2025-05-08 22:43:38,MODO AC,15.21,1.21,1.21,6.55
2025-05-08 22:43:38,MODO AC,15.21,1.21,1.21,6.55
2025-05-08 22:43:38,MODO AC,15.21,1.21,1.21,6.55
2025-05-08 22:43:38,MODO AC,15.21,1.21,1.21,6.55
2025-05-08 22:43:38,MODO AC,15.21,1.21,1.21,6.55
2025-05-08 22:43:38,MODO AC,15.21,1.21,1.21,6.55
2025-05-08 22:43:38,MODO AC,15.21,1.21,1.21,6.55
2025-05-08 22:43:38,MODO AC,15.21,1.21,1.21,6.55
2025-05-08 22:43:38,MODO AC,15.21,1.21,1.21,6.55
2025-05-08 22:43:38,MODO AC,15.21,1.21,1.21,6.55
2025-05-08 22:43:38,MODO AC,15.21,1.21,1.21,6.55
2025-05-08 22:43:38,MODO AC,15.21,1.21,1.21,6.55
2025-05-08 22:43:38,MODO AC,15.21,1.21,1.21,6.55
2025-05-08 22:43:38,MODO AC,15.21,1.21,1.21,6.55
2025-05-08 22:43:38,MODO AC,15.21,1.21,1.21,6.55
2025-05-08 22:43:38,MODO AC,15.21,1.21,1.21,6.55
2025-05-08 22:43:38,MODO AC,15.21,1.21,1.21,6.55
2025-05-08 22:43:38,MODO AC,15.21,1.21,1.21,6.55
2025-05-08 22:43:38,MODO AC,15.21,1.21,1.21,6.55
2025-05-08 22:43:38,MODO AC,15.21,1.21,1.21,6.55
2025-05-08 22:43:38,MODO AC,15.21,1.21,1.21,6.55
2025-05-08 22:43:38,MODO AC,15.21,1.21,1.21,6.55
2025-05-08 22:43:38,MODO AC,15.21,1.21,1.21,6.55
2025-05-08 22:43:38,MODO AC,15.21,1.21,1.21,6.55
2025-05-08 22:43:38,MODO AC,15.21,1.21,1.21,6.55
2025-05-08 22:43:38,MODO AC,15.21,1.21,1.21,6.55
2025-05-08 22:43:38,MODO AC,15.21,1.21,1.21,6.55
2025-05-08 22:43:38,MODO AC,15.21,1.21,1.21,6.55
2025-05-08 22:43:38,MODO AC,15.21,1.21,1.21,6.55
2025-05-08 22:43:38,MODO AC,15.21,1.21,1.21,6.55
2025-05-08 22:43:38,MODO AC,15.21,1.21,1.21,6.55
2025-05-08 22:43:38,MODO AC,15.21,1.21,1.21,6.55
2025-05-08 22:43:38,MODO AC,15.21,1.21,1.21,6.55
2025-05-08 22:43:38,MODO AC,15.21,1.21,1.21,6.55
2025-05-08 22:43:38,MODO AC,15.21,1.21,1.21,6.55
2025-05-08 22:43:38,MODO AC,15.21,1.21,1.21,6.55
2025-05-08 22:43:38,MODO AC,15.21,1.21,1.21,6.55
2025-05-08 22:43:38,MODO AC,15.21,1.21,1.21,6.55
2025-05-08 22:43:38,MODO AC,15.21,1.21,1.21,6.55
2025-05-08 22:43:38,MODO AC,15.21,1.21,1.21,6.55
2025-05-08 22:43:38,MODO AC,15.21,1.21,1.21,6.55
2025-05-08 22:43:38,MODO AC,15.21,1.21,1.21,6.55
2025-05-08 22:43:38,MODO AC,15.21,1.21,1.21,6.55
2025-05-08 22:43:38,MODO AC,15.21,1.21,1.21,6.55
2025-05-08 22:43:38,MODO AC,15.21,1.21,1.21,6.55
2025-05-08 22:43:38,MODO AC,15.21,1.21,1.21,6.55
2025-05-08 22:43:38,MODO AC,15.21,1.21,1.21,6.55
2025-05-08 22:43:38,MODO AC,15.21,1.21,1.21,6.55
2025-05-08 22:43:38,MODO AC,15.21,1.21,1.21,6.55
2025-05-08 22:43:38,MODO AC,15.21,1.21,1.21,6.55
2025-05-08 22:43:38,MODO AC,15.21,1.21,1.21,6.55
2025-05-08 22:43:38,MODO AC,15.21,1.21,1.21,6.55
2025-05-08 22:43:38,MODO AC,15.21,1.21,1.21,6.55
2025-05-08 22:43:38,MODO AC,15.21,1.21,1.21,6.55
2025-05-08 22:43:38,MODO AC,15.21,1.21,1.21,6.55
2025-05-08 22:43:38,MODO AC,15.21,1.21,1.21,6.55
2025-05-08 22:43:38,MODO AC,15.21,1.21,1.21,6.55
2025-05-08 22:43:38,MODO AC,15.21,1.21,1.21,6.55
2025-05-08 22:43:38,MODO AC,15.21,1.21,1.21,6.55
2025-05-08 22:43:38,MODO AC,15.21,1.21,1.21,6.55
2025-05-08 22:43:38,MODO AC,15.21,1.21,1.21,6.55
2025-05-08 22:43:38,MODO AC,15.21,1.21,1.21,6.55
2025-05-08 22:43:38,MODO AC,15.21,1.21,1.21,6.55
2025-05-08 22:43:38,MODO AC,15.21,1.21,1.21,6.55
2025-05-08 22:43:38,MODO AC,15.21,1.21,1.21,6.55
2025-05-08 22:43:38,MODO AC,15.21,1.21,1.21,6.55
2025-05-08 22:43:38,MODO AC,15.21,1.21,1.21,6.55
2025-05-08 22:43:38,MODO AC,15.21,1.21,1.21,6.55
2025-05-08 22:43:38,MODO AC,15.21,1.21,1.21,6.55
2025-05-08 22:43:38,MODO AC,15.21,1.21,1.21,6.55
2025-05-08 22:43:38,MODO AC,15.21,1.21,1.21,6.55
2025-05-08 22:43:38,MODO AC,15.21,1.21,1.21,6.55
2025-05-08 22:43:38,MODO AC,15.21,1.21,1.21,6.55
2025-05-08 22:43:38,MODO AC,15.21,1.21,1.21,6.55
2025-05-08 22:43:38,MODO AC,15.21,1.21,1.21,6.55
2025-05-08 22:43:38,MODO AC,15.21,1.21,1.21,6.55
2025-05-08 22:43:38,MODO AC,15.21,1.21,1.21,6.55
2025-05-08 22:43:38,MODO AC,15.21,1.21,1.21,6.55
2025-05-08 22:43:38,MODO AC,15.21,1.21,1.21,6.55
2025-05-08 22:43:38,MODO AC,15.21,1.21,1.21,6.55
2025-05-08 22:43:38,MODO AC,15.21,1.21,1.21,6.55
2025-05-08 22:43:38,MODO AC,15.21,1.21,1.21,6.55
2025-05-08 22:43:38,MODO AC,15.21,1.21,1.21,6.55
2025-05-08 22:43:38,MODO AC,15.21,1.21,1.21,6.55
2025-05-08 22:43:38,MODO AC,15.21,1.21,1.21,6.55
2025-05-08 22:43:38,MODO AC,15.21,1.21,1.21,6.55
2025-05-08 22:43:38,MODO AC,15.21,1.21,1.21,6.55
2025-05-08 22:43:38,MODO AC,15.21,1.21,1.21,6.55
2025-05-08 22:43:38,MODO AC,15.21,1.21,1.21,6.55
2025-05-08 22:43:38,MODO AC,15.21,1.21,1.21,6.55
2025-05-08 22:43:38,MODO AC,15.21,1.21,1.21,6.55
2025-05-08 22:43:38,MODO AC,15.21,1.21,1.21,6.55
2025-05-08 22:43:38,MODO AC,15.21,1.21,1.21,6.55
2025-05-08 22:43:38,MODO AC,15.21,1.21,1.21,6.55
2025-05-08 22:43:38,MODO AC,15.21,1.21,1.21,6.55
2025-05-08 22:43:38,MODO AC,15.21,1.21,1.21,6.55
2025-05-08 22:43:38,MODO AC,15.21,1.21,1.21,6.55
2025-05-08 22:43:38,MODO AC,15.21,1.21,1.21,6.55
2025-05-08 22:43:38,MODO AC,15.21,1.21,1.21,6.55
2025-05-08 22:43:38,MODO AC,15.21,1.21,1.21,6.55
2025-05-08 22:43:38,MODO AC,15.21,1.21,1.21,6.55
2025-05-08 22:43:38,MODO AC,15.21,1.21,1.21,6.55
2025-05-08 22:43:38,MODO AC,15.21,1.21,1.21,6.55
2025-05-08 22:43:38,MODO AC,15.21,1.21,1.21,6.55
2025-05-08 22:43:38,MODO AC,15.21,1.21,1.21,6.55
2025-05-08 22:43:38,MODO AC,15.21,1.21,1.21,6.55
2025-05-08 22:43:38,MODO AC,15.21,1.21,1.21,6.55
2025-05-08 22:43:38,MODO AC,15.21,1.21,1.21,6.55
2025-05-08 22:43:38,MODO AC,15.21,1.21,1.21,6.55
2025-05-08 22:43:38,MODO AC,15.21,1.21,1.21,6.55
2025-05-08 22:43:38,MODO AC,15.21,1.21,1.21,6.55
2025-05-08 22:43:38,MODO AC,15.21,1.21,1.21,6.55
2025-05-08 22:43:38,MODO AC,15.21,1.21,1.21,6.55
2025-05-08 22:43:38,MODO AC,15.21,1.21,1.21,6.55
2025-05-08 22:43:38,MODO AC,15.21,1.21,1.21,6.55
2025-05-08 22:43:38,MODO AC,15.21,1.21,1.21,6.55
2025-05-08 22:43:38,MODO AC,15.21,1.21,1.21,6.55
2025-05-08 22:43:38,MODO AC,15.21,1.21,1.21,6.55
2025-05-08 22:43:38,MODO AC,15.21,1.21,1.21,6.55
2025-05-08 22:43:38,MODO AC,15.21,1.21,1.21,6.55
2025-05-08 22:43:38,MODO AC,15.21,1.21,1.21,6.55
2025-05-08 22:43:38,MODO AC,15.21,1.21,1.21,6.55
2025-05-08 22:43:38,MODO AC,15.21,1.21,1.21,6.55
2025-05-08 22:43:38,MODO AC,15.21,1.21,1.21,6.55
2025-05-08 22:43:38,MODO AC,15.21,1.21,1.21,6.55
2025-05-08 22:43:38,MODO AC,15.21,1.21,1.21,6.55
2025-05-08 22:43:38,MODO AC,15.21,1.21,1.21,6.55
2025-05-08 22:43:38,MODO AC,15.21,1.21,1.21,6.55
2025-05-08 22:43:38,MODO AC,15.21,1.21,1.21,6.55
2025-05-08 22:43:38,MODO AC,15.21,1.21,1.21,6.55
2025-05-08 22:43:38,MODO AC,15.21,1.21,1.21,6.55
2025-05-08 22:43:38,MODO AC,15.21,1.21,1.21,6.55
2025-05-08 22:43:38,MODO AC,15.21,1.21,1.21,6.55
2025-05-08 22:43:38,MODO AC,15.21,1.21,1.21,6.55
2025-05-08 22:43:38,MODO AC,15.21,1.21,1.21,6.55
2025-05-08 22:43:38,MODO AC,15.21,1.21,1.21,6.55
2025-05-08 22:43:38,MODO AC,15.21,1.21,1.21,6.55
2025-05-08 22:43:38,MODO AC,15.21,1.21,1.21,6.55
2025-05-08 22:43:38,MODO AC,15.21,1.21,1.21,6.55
2025-05-08 22:43:38,MODO AC,15.21,1.21,1.21,6.55
2025-05-08 22:43:38,MODO AC,15.21,1.21,1.21,6.55
2025-05-08 22:43:38,MODO AC,15.21,1.21,1.21,6.55
2025-05-08 22:43:38,MODO AC,15.21,1.21,1.21,6.55
2025-05-08 22:43:38,MODO AC,15.21,1.21,1.21,6.55
2025-05-08 22:43:38,MODO AC,15.21,1.21,1.21,6.55
2025-05-08 22:43:38,MODO AC,15.21,1.21,1.21,6.55
2025-05-08 22:43:38,MODO AC,15.21,1.21,1.21,6.55
2025-05-08 22:43:38,MODO AC,15.21,1.21,1.21,6.55
2025-05-08 22:43:38,MODO AC,15.21,1.21,1.21,6.55
2025-05-08 22:43:38,MODO AC,15.21,1.21,1.21,6.55
2025-05-08 22:43:38,MODO AC,15.21,1.21,1.21,6.55
2025-05-08 22:43:38,MODO AC,15.21,1.21,1.21,6.55
2025-05-08 22:43:38,MODO AC,15.21,1.21,1.21,6.55
2025-05-08 22:43:38,MODO AC,15.21,1.21,1.21,6.55
2025-05-08 22:43:38,MODO AC,15.21,1.21,1.21,6.55
2025-05-08 22:43:38,MODO AC,15.21,1.21,1.21,6.55
2025-05-08 22:43:38,MODO AC,15.21,1.21,1.21,6.55
2025-05-08 22:43:38,MODO AC,15.21,1.21,1.21,6.55
2025-05-08 22:43:38,MODO AC,15.21,1.21,1.21,6.55
2025-05-08 22:43:38,MODO AC,15.21,1.21,1.21,6.55
2025-05-08 22:43:38,MODO AC,15.21,1.21,1.21,6.55
2025-05-08 22:43:38,MODO AC,15.21,1.21,1.21,6.55
2025-05-08 22:43:38,MODO AC,15.21,1.21,1.21,6.55
2025-05-08 22:43:38,MODO AC,15.21,1.21,1.21,6.55
2025-05-08 22:43:38,MODO AC,15.21,1.21,1.21,6.55
2025-05-08 22:43:38,MODO AC,15.21,1.21,1.21,6.55
2025-05-08 22:43:38,MODO AC,15.21,1.21,1.21,6.55
2025-05-08 22:43:38,MODO AC,15.21,1.21,1.21,6.55
2025-05-08 22:43:38,MODO AC,15.21,1.21,1.21,6.55
2025-05-08 22:43:38,MODO AC,15.21,1.21,4.53,6.55
2025-05-08 22:43:38,MODO AC,15.21,1.21,4.53,6.55
2025-05-08 22:43:38,MODO AC,15.21,1.21,4.53,6.55
2025-05-08 22:43:38,MODO AC,15.21,1.21,4.53,6.55
2025-05-08 22:43:38,MODO AC,15.21,1.21,4.53,6.55
2025-05-08 22:43:38,MODO AC,15.21,1.21,4.53,6.55
2025-05-08 22:43:38,MODO AC,15.21,1.21,4.53,6.55
2025-05-08 22:43:38,MODO AC,15.21,1.21,4.53,6.55
2025-05-08 22:43:38,MODO AC,15.21,1.21,4.53,6.55
2025-05-08 22:43:38,MODO AC,15.21,1.21,4.53,6.55
2025-05-08 22:43:38,MODO AC,15.21,1.21,4.53,6.55
2025-05-08 22:43:38,MODO AC,15.21,1.21,4.53,6.55
2025-05-08 22:43:38,MODO AC,15.21,1.21,4.53,6.55
2025-05-08 22:43:38,MODO AC,15.21,1.21,4.53,6.55
2025-05-08 22:43:38,MODO AC,15.21,1.21,4.53,6.55
2025-05-08 22:43:38,MODO AC,15.21,1.21,4.53,6.55
2025-05-08 22:43:38,MODO AC,15.21,1.21,4.53,6.55
2025-05-08 22:43:38,MODO AC,15.21,1.21,4.53,6.55
2025-05-08 22:43:38,MODO AC,15.21,1.21,4.53,6.55
2025-05-08 22:43:38,MODO AC,15.21,1.21,4.53,6.55
2025-05-08 22:43:38,MODO AC,15.21,11.86,4.53,6.55
2025-05-08 22:43:38,MODO AC,15.21,11.86,4.53,6.55
2025-05-08 22:43:38,MODO AC,15.21,11.86,4.53,6.55
2025-05-08 22:43:38,MODO AC,15.21,11.86,4.53,6.55
2025-05-08 22:43:38,MODO AC,15.21,11.86,4.53,6.55
2025-05-08 22:43:38,MODO AC,15.21,11.86,4.53,6.55
2025-05-08 22:43:38,MODO AC,15.21,11.86,4.53,6.55
2025-05-08 22:43:38,MODO AC,15.21,11.86,4.53,6.55
2025-05-08 22:43:38,MODO AC,15.21,11.86,4.53,6.55
2025-05-08 22:43:38,MODO AC,15.21,11.86,4.53,6.55
2025-05-08 22:43:38,MODO AC,15.21,11.86,4.53,6.55
2025-05-08 22:43:38,MODO AC,15.21,11.86,4.53,6.55
2025-05-08 22:43:38,MODO AC,15.21,11.86,4.53,6.55
2025-05-08 22:43:38,MODO AC,15.21,11.86,4.53,6.55
2025-05-08 22:43:38,MODO AC,15.21,11.86,4.53,6.55
2025-05-08 22:43:38,MODO AC,14.52,11.86,4.53,6.55
2025-05-08 22:43:38,MODO AC,14.52,11.86,4.53,6.55
2025-05-08 22:43:38,MODO AC,14.52,11.86,4.53,6.55
2025-05-08 22:43:38,MODO AC,14.52,11.86,4.53,6.55
2025-05-08 22:43:38,MODO AC,14.52,11.86,4.53,6.55
2025-05-08 22:43:38,MODO AC,14.52,11.86,4.53,6.55
2025-05-08 22:43:38,MODO AC,14.52,11.86,4.53,6.55
2025-05-08 22:43:38,MODO AC,14.52,11.86,4.53,6.55
2025-05-08 22:43:38,MODO AC,14.52,11.86,4.53,6.55
2025-05-08 22:43:38,MODO AC,14.52,11.86,4.53,6.55
2025-05-08 22:43:38,MODO AC,14.52,11.86,4.53,6.55
2025-05-08 22:43:38,MODO AC,14.52,11.86,4.53,6.55
2025-05-08 22:43:38,MODO AC,14.52,11.86,4.53,6.55
2025-05-08 22:43:38,MODO AC,14.52,11.86,4.53,6.55
2025-05-08 22:43:38,MODO AC,14.52,11.86,4.53,6.55
2025-05-08 22:43:38,MODO AC,14.52,11.86,4.53,6.55
2025-05-08 22:43:38,MODO AC,14.52,11.86,4.53,6.55
2025-05-08 22:43:38,MODO AC,14.52,11.86,4.53,6.55
2025-05-08 22:43:38,MODO AC,14.52,11.86,4.53,6.55
2025-05-08 22:43:38,MODO AC,14.52,11.86,4.53,6.55
2025-05-08 22:43:38,MODO AC,14.52,11.86,4.53,6.55
2025-05-08 22:43:38,MODO AC,14.52,11.86,4.53,6.55
2025-05-08 22:43:38,MODO AC,14.52,11.86,4.53,6.55
2025-05-08 22:43:38,MODO AC,14.52,11.86,4.53,6.55
2025-05-08 22:43:38,MODO AC,14.52,11.86,4.53,6.55
2025-05-08 22:43:38,MODO AC,14.52,11.86,4.53,6.55
2025-05-08 22:43:38,MODO AC,14.52,11.86,4.53,6.55
2025-05-08 22:43:38,MODO AC,14.52,11.86,4.53,6.55
2025-05-08 22:43:38,MODO AC,14.52,11.86,4.53,6.55
2025-05-08 22:43:38,MODO AC,14.52,11.86,4.53,6.55
2025-05-08 22:43:38,MODO AC,14.52,11.86,4.53,6.55
2025-05-08 22:43:38,MODO AC,14.52,11.86,4.53,6.55
2025-05-08 22:43:38,MODO AC,14.52,11.86,4.53,6.55
2025-05-08 22:43:38,MODO AC,14.52,11.86,4.53,6.55
2025-05-08 22:43:38,MODO AC,14.52,11.86,4.53,6.55
2025-05-08 22:43:38,MODO AC,14.52,11.86,4.53,6.55
2025-05-08 22:43:38,MODO AC,14.52,11.86,4.53,6.55
2025-05-08 22:43:38,MODO AC,14.52,11.86,4.53,6.55
2025-05-08 22:43:38,MODO AC,14.52,11.86,4.53,6.55
2025-05-08 22:43:38,MODO AC,14.52,11.86,4.53,6.55
2025-05-08 22:43:38,MODO AC,14.52,11.86,4.53,6.55
2025-05-08 22:43:38,MODO AC,14.52,11.86,4.53,6.55
2025-05-08 22:43:38,MODO AC,14.52,11.86,4.53,6.55
2025-05-08 22:43:38,MODO AC,14.52,11.86,4.53,6.55
2025-05-08 22:43:38,MODO AC,14.52,11.86,4.53,6.55
2025-05-08 22:43:38,MODO AC,14.52,11.86,4.53,6.55
2025-05-08 22:43:38,MODO AC,14.52,11.86,4.53,6.55
2025-05-08 22:43:38,MODO AC,14.52,11.86,4.53,6.55
2025-05-08 22:43:38,MODO AC,14.52,11.86,4.53,6.55
2025-05-08 22:43:38,MODO AC,14.52,11.86,4.53,6.55
2025-05-08 22:43:38,MODO AC,14.52,11.86,4.53,6.55
2025-05-08 22:43:38,MODO AC,14.52,11.86,4.53,6.55
2025-05-08 22:43:38,MODO AC,14.52,11.86,4.53,6.55
2025-05-08 22:43:38,MODO AC,14.52,11.86,4.53,6.55
2025-05-08 22:43:38,MODO AC,14.52,11.86,4.53,6.55
2025-05-08 22:43:38,MODO AC,14.52,11.86,4.53,6.55
2025-05-08 22:43:38,MODO AC,14.52,11.86,4.53,6.55
2025-05-08 22:43:38,MODO AC,14.52,11.86,4.53,6.55
2025-05-08 22:43:38,MODO AC,14.52,11.86,4.53,6.55
2025-05-08 22:43:38,MODO AC,14.52,11.86,4.53,6.55
2025-05-08 22:43:38,MODO AC,14.52,11.86,4.53,6.55
2025-05-08 22:43:38,MODO AC,14.52,11.86,4.53,6.55
2025-05-08 22:43:38,MODO AC,14.52,11.86,4.53,6.55
2025-05-08 22:43:38,MODO AC,14.52,11.86,4.53,6.55
2025-05-08 22:43:38,MODO AC,14.52,11.86,4.53,6.55
2025-05-08 22:43:38,MODO AC,14.52,11.86,4.53,6.55
2025-05-08 22:43:38,MODO AC,14.52,11.86,4.53,6.55
2025-05-08 22:43:38,MODO AC,14.52,11.86,4.53,6.55
2025-05-08 22:43:38,MODO AC,14.52,11.86,4.53,6.55
2025-05-08 22:43:38,MODO AC,14.52,11.86,4.53,6.55
2025-05-08 22:43:38,MODO AC,14.52,11.86,4.53,6.55
2025-05-08 22:43:38,MODO AC,14.52,11.86,4.53,6.55
2025-05-08 22:43:38,MODO AC,14.52,11.86,4.53,6.55
2025-05-08 22:43:38,MODO AC,14.52,11.86,4.53,6.55
2025-05-08 22:43:38,MODO AC,14.52,11.86,4.53,6.55
2025-05-08 22:43:38,MODO AC,14.52,11.86,4.53,6.55
2025-05-08 22:43:38,MODO AC,14.52,11.86,4.53,6.55
2025-05-08 22:43:38,MODO AC,14.52,11.86,4.53,6.55
2025-05-08 22:43:38,MODO AC,14.52,11.86,4.53,6.55
2025-05-08 22:43:38,MODO AC,14.52,11.86,4.53,6.55
2025-05-08 22:43:38,MODO AC,14.52,11.86,4.53,6.55
2025-05-08 22:43:38,MODO AC,14.52,11.86,4.53,6.55
2025-05-08 22:43:38,MODO AC,14.52,11.86,4.53,6.55
2025-05-08 22:43:38,MODO AC,14.52,11.86,4.53,6.55
2025-05-08 22:43:38,MODO AC,14.52,11.86,4.53,6.55
2025-05-08 22:43:38,MODO AC,14.52,11.86,4.53,6.55
2025-05-08 22:43:38,MODO AC,14.52,11.86,4.53,6.55
2025-05-08 22:43:38,MODO AC,14.52,11.86,4.53,6.55
2025-05-08 22:43:38,MODO AC,14.52,11.86,4.53,6.55
2025-05-08 22:43:38,MODO AC,14.52,11.86,4.53,6.55
2025-05-08 22:43:38,MODO AC,14.52,11.86,4.53,6.55
2025-05-08 22:43:38,MODO AC,14.52,11.86,4.53,6.55
2025-05-08 22:43:38,MODO AC,14.52,11.86,4.53,6.55
2025-05-08 22:43:38,MODO AC,14.52,11.86,4.53,6.55
2025-05-08 22:43:38,MODO AC,14.52,11.86,4.53,6.55
2025-05-08 22:43:38,MODO AC,14.52,11.86,4.53,6.55
2025-05-08 22:43:38,MODO AC,14.52,11.86,4.53,6.55
2025-05-08 22:43:38,MODO AC,14.52,11.86,4.53,6.55
2025-05-08 22:43:38,MODO AC,14.52,11.86,4.53,6.55
2025-05-08 22:43:38,MODO AC,14.52,11.86,4.53,6.55
2025-05-08 22:43:38,MODO AC,14.52,11.86,4.53,6.55
2025-05-08 22:43:38,MODO AC,14.52,11.86,4.53,6.55
2025-05-08 22:43:38,MODO AC,14.52,11.86,4.53,6.55
2025-05-08 22:43:38,MODO AC,14.52,11.86,4.53,6.55
2025-05-08 22:43:38,MODO AC,14.52,11.86,4.53,6.55
2025-05-08 22:43:38,MODO AC,14.52,11.86,4.53,6.55
2025-05-08 22:43:38,MODO AC,14.52,11.86,4.53,6.55
2025-05-08 22:43:38,MODO AC,14.52,11.86,4.53,6.55
2025-05-08 22:43:38,MODO AC,14.52,11.86,4.53,6.55
2025-05-08 22:43:38,MODO AC,14.52,11.86,4.53,6.55
2025-05-08 22:43:38,MODO AC,14.52,11.86,4.53,6.55
2025-05-08 22:43:38,MODO AC,14.52,11.86,4.53,6.55
2025-05-08 22:43:38,MODO AC,14.52,11.86,4.53,6.55
2025-05-08 22:43:38,MODO AC,14.52,11.86,4.53,6.55
2025-05-08 22:43:38,MODO AC,14.52,11.86,4.53,6.55
2025-05-08 22:43:38,MODO AC,14.52,11.86,4.53,6.55
2025-05-08 22:43:38,MODO AC,14.52,11.86,4.53,6.55
2025-05-08 22:43:38,MODO AC,14.52,11.86,4.53,6.55
2025-05-08 22:43:38,MODO AC,14.52,11.86,4.53,6.55
2025-05-08 22:43:38,MODO AC,14.52,11.86,4.53,6.55
2025-05-08 22:43:38,MODO AC,14.52,11.86,4.53,6.55
2025-05-08 22:43:38,MODO AC,14.52,11.86,4.53,6.55
2025-05-08 22:43:38,MODO AC,14.52,11.86,4.53,6.55
2025-05-08 22:43:38,MODO AC,14.52,11.86,4.53,6.55
2025-05-08 22:43:38,MODO AC,14.52,11.86,4.53,6.55
2025-05-08 22:43:38,MODO AC,14.52,11.86,4.53,6.55
2025-05-08 22:43:38,MODO AC,14.52,11.86,4.53,6.55
2025-05-08 22:43:38,MODO AC,14.52,11.86,4.53,6.55
2025-05-08 22:43:38,MODO AC,14.52,11.86,4.53,6.55
2025-05-08 22:43:38,MODO AC,14.52,11.86,4.53,6.55
2025-05-08 22:43:38,MODO AC,14.52,11.86,4.53,6.55
2025-05-08 22:43:38,MODO AC,14.52,11.86,4.53,6.55
2025-05-08 22:43:38,MODO AC,14.52,11.86,4.53,6.55
2025-05-08 22:43:38,MODO AC,14.52,11.86,4.53,6.55
2025-05-08 22:43:38,MODO AC,14.52,11.86,4.53,6.55
2025-05-08 22:43:38,MODO AC,14.52,11.86,4.53,6.55
2025-05-08 22:43:38,MODO AC,14.52,11.86,4.53,6.55
2025-05-08 22:43:38,MODO AC,14.52,11.86,4.53,6.55
2025-05-08 22:43:38,MODO AC,14.52,11.86,4.53,6.55
2025-05-08 22:43:38,MODO AC,14.52,11.86,4.53,6.55
2025-05-08 22:43:38,MODO AC,14.52,11.86,4.53,6.55
2025-05-08 22:43:38,MODO AC,14.52,11.86,4.53,6.55
2025-05-08 22:43:38,MODO AC,14.52,11.86,4.53,6.55
2025-05-08 22:43:38,MODO AC,14.52,11.86,4.53,6.55
2025-05-08 22:43:38,MODO AC,14.52,11.86,4.53,6.55
2025-05-08 22:43:38,MODO AC,14.52,11.86,4.53,6.55
2025-05-08 22:43:38,MODO AC,14.52,11.86,4.53,6.55
2025-05-08 22:43:38,MODO AC,14.52,11.86,4.53,6.55
2025-05-08 22:43:38,MODO AC,14.52,11.86,4.53,6.55
2025-05-08 22:43:38,MODO AC,14.52,11.86,4.53,6.55
2025-05-08 22:43:38,MODO AC,14.52,11.86,4.53,6.55
2025-05-08 22:43:38,MODO AC,14.52,11.86,4.53,6.55
2025-05-08 22:43:38,MODO AC,14.52,11.86,4.53,6.55
2025-05-08 22:43:38,MODO AC,14.52,11.86,4.53,6.55
2025-05-08 22:43:38,MODO AC,14.52,11.86,4.53,6.55
2025-05-08 22:43:38,MODO AC,14.52,11.86,4.53,6.55
2025-05-08 22:43:38,MODO AC,14.52,11.86,4.53,6.55
2025-05-08 22:43:38,MODO AC,14.52,11.86,4.53,6.55
2025-05-08 22:43:38,MODO AC,14.52,11.86,4.53,6.55
2025-05-08 22:43:38,MODO AC,14.52,11.86,4.53,6.55
2025-05-08 22:43:38,MODO AC,14.52,11.86,4.53,6.55
2025-05-08 22:43:38,MODO AC,14.52,11.86,4.53,6.55
2025-05-08 22:43:38,MODO AC,14.52,11.86,4.53,6.55
2025-05-08 22:43:38,MODO AC,14.52,11.86,4.53,6.55
2025-05-08 22:43:38,MODO AC,14.52,11.86,4.53,6.55
2025-05-08 22:43:38,MODO AC,14.52,11.86,4.53,6.55
2025-05-08 22:43:38,MODO AC,14.52,11.86,4.53,6.55
2025-05-08 22:43:38,MODO AC,14.52,11.86,4.53,6.55
2025-05-08 22:43:38,MODO AC,14.52,11.86,4.53,6.55
2025-05-08 22:43:38,MODO AC,14.52,11.86,4.53,6.55
2025-05-08 22:43:38,MODO AC,14.52,11.86,4.53,6.55
2025-05-08 22:43:38,MODO AC,14.52,11.86,4.53,6.55
2025-05-08 22:43:38,MODO AC,14.52,11.86,4.53,6.55
2025-05-08 22:43:38,MODO AC,14.52,11.86,4.53,6.55
2025-05-08 22:43:38,MODO AC,14.52,11.86,4.53,6.55
2025-05-08 22:43:38,MODO AC,14.52,11.86,4.53,6.55
2025-05-08 22:43:38,MODO AC,14.52,11.86,4.53,6.55
2025-05-08 22:43:38,MODO AC,14.52,11.86,4.53,6.55
2025-05-08 22:43:38,MODO AC,14.52,11.86,4.53,6.55
2025-05-08 22:43:38,MODO AC,14.52,11.86,4.53,6.55
2025-05-08 22:43:38,MODO AC,14.52,11.86,4.53,6.55
2025-05-08 22:43:38,MODO AC,14.52,11.86,4.53,6.55
2025-05-08 22:43:38,MODO AC,14.52,11.86,4.53,6.55
2025-05-08 22:43:38,MODO AC,14.52,11.86,4.53,6.55
2025-05-08 22:43:38,MODO AC,14.52,11.86,4.53,6.55
2025-05-08 22:43:38,MODO AC,14.52,11.86,4.53,6.55
2025-05-08 22:43:38,MODO AC,14.52,11.86,4.53,6.55
2025-05-08 22:43:38,MODO AC,14.52,11.86,4.53,6.55
2025-05-08 22:43:38,MODO AC,14.52,11.86,4.53,6.55
2025-05-08 22:43:38,MODO AC,14.52,11.86,4.53,6.55
2025-05-08 22:43:38,MODO AC,14.52,11.86,4.53,6.55
2025-05-08 22:43:38,MODO AC,14.52,11.86,4.53,6.55
2025-05-08 22:43:38,MODO AC,14.52,11.86,4.53,6.55
2025-05-08 22:43:38,MODO AC,14.52,11.86,4.53,6.55
2025-05-08 22:43:38,MODO AC,14.52,11.86,4.53,6.55
2025-05-08 22:43:38,MODO AC,14.52,11.86,4.53,6.55
2025-05-08 22:43:38,MODO AC,14.52,11.86,4.53,6.55
2025-05-08 22:43:38,MODO AC,14.52,11.86,4.53,6.55
2025-05-08 22:43:38,MODO AC,14.52,11.86,4.53,6.55
2025-05-08 22:43:38,MODO AC,14.52,11.86,4.53,6.55
2025-05-08 22:43:38,MODO AC,14.52,11.86,4.53,6.55
2025-05-08 22:43:38,MODO AC,14.52,11.86,4.53,6.55
2025-05-08 22:43:38,MODO AC,14.52,11.86,4.53,6.55
2025-05-08 22:43:38,MODO AC,14.52,11.86,4.53,6.55
2025-05-08 22:43:38,MODO AC,14.52,11.86,4.53,6.55
2025-05-08 22:43:38,MODO AC,14.52,11.86,4.53,6.55
2025-05-08 22:43:38,MODO AC,14.52,11.86,4.53,6.55
2025-05-08 22:43:38,MODO AC,14.52,11.86,4.53,6.55
2025-05-08 22:43:38,MODO AC,14.52,11.86,4.53,6.55
2025-05-08 22:43:38,MODO AC,14.52,11.86,4.53,6.55
2025-05-08 22:43:38,MODO AC,14.52,11.86,4.53,6.55
2025-05-08 22:43:38,MODO AC,14.52,11.86,4.53,6.55
2025-05-08 22:43:38,MODO AC,14.52,11.86,4.53,6.55
2025-05-08 22:43:39,MODO AC,14.52,11.86,4.53,6.55
2025-05-08 22:43:39,MODO AC,14.52,11.86,4.53,6.55
2025-05-08 22:43:40,MODO AC,14.52,11.86,4.53,6.55
2025-05-08 22:43:41,MODO AC,14.52,11.86,4.53,6.55
2025-05-08 22:43:41,MODO AC,14.52,11.86,4.53,6.55
2025-05-08 22:43:42,MODO AC,14.52,11.86,4.53,6.55
2025-05-08 22:43:42,MODO AC,14.52,11.86,4.53,6.55
2025-05-08 22:43:43,MODO AC,14.52,11.86,4.53,6.55
2025-05-08 22:43:44,MODO AC,14.52,11.86,4.53,6.55
2025-05-08 22:43:44,MODO AC,14.52,11.86,4.53,6.55
2025-05-08 22:43:45,MODO AC,14.52,11.86,4.53,6.55
2025-05-08 22:43:45,MODO AC,14.52,11.86,4.53,6.55
2025-05-08 22:43:46,MODO AC,14.52,11.86,4.53,6.55
2025-05-08 22:43:47,MODO AC,14.52,11.86,4.53,6.55
2025-05-08 22:43:47,MODO AC,14.52,11.86,4.53,6.55
2025-05-08 22:43:48,MODO AC,14.52,11.86,4.53,6.55
2025-05-08 22:43:49,MODO AC,14.52,11.86,4.53,6.55
2025-05-08 22:43:49,MODO AC,14.52,11.86,4.53,6.55
2025-05-08 22:43:50,MODO AC,14.52,11.86,4.53,6.55
2025-05-08 22:43:50,MODO AC,14.52,11.86,4.53,6.55
2025-05-08 22:43:51,MODO AC,14.52,11.86,4.53,6.55
2025-05-08 22:43:52,MODO AC,14.52,11.86,4.53,6.55
2025-05-08 22:43:52,MODO AC,14.52,11.86,4.53,6.55
2025-05-08 22:43:53,MODO AC,14.52,11.86,4.53,6.55
2025-05-08 22:43:53,MODO AC,14.52,11.86,4.53,6.55
2025-05-08 22:43:54,MODO AC,14.52,11.86,4.53,6.55
2025-05-08 22:43:55,MODO AC,14.52,11.86,4.53,6.55
2025-05-08 22:43:55,MODO AC,14.52,11.86,4.53,6.55
2025-05-08 22:43:56,MODO AC,14.52,11.86,4.53,6.55
2025-05-08 22:43:56,MODO AC,14.52,11.86,4.53,6.55
2025-05-08 22:43:57,MODO AC,14.52,11.86,4.53,6.55
2025-05-08 22:43:58,MODO AC,14.52,11.86,4.53,6.55
2025-05-08 22:43:58,MODO AC,14.52,11.86,4.53,6.55
2025-05-08 22:43:59,MODO AC,14.52,11.86,4.53,6.55
2025-05-08 22:44:00,MODO AC,14.52,11.86,4.53,6.55
2025-05-08 22:44:00,MODO AC,14.52,11.86,4.53,6.55
2025-05-08 22:44:01,MODO AC,14.52,11.86,4.53,6.55
2025-05-08 22:44:01,MODO AC,14.52,11.86,4.53,6.55
2025-05-08 22:44:02,MODO AC,14.52,11.86,4.53,6.55
2025-05-08 22:44:03,MODO AC,14.52,11.86,4.53,6.55
2025-05-08 22:44:03,MODO AC,14.52,11.86,4.53,6.55
2025-05-08 22:44:04,MODO AC,14.52,11.86,4.53,6.55
2025-05-08 22:44:05,MODO AC,14.52,11.86,4.53,6.55
2025-05-08 22:44:05,MODO AC,14.52,11.86,4.53,6.55
2025-05-08 22:44:06,MODO AC,14.52,11.86,4.53,6.55
2025-05-08 22:44:06,MODO AC,14.52,11.86,4.53,6.55
2025-05-08 22:44:07,MODO AC,14.52,11.86,4.53,6.55
2025-05-08 22:44:08,MODO AC,14.52,11.86,4.53,6.55
2025-05-08 22:44:08,MODO AC,14.52,11.86,4.53,6.55
2025-05-08 22:44:09,MODO AC,14.52,11.86,4.53,6.55
2025-05-08 22:44:09,MODO AC,14.52,11.86,4.53,6.55
2025-05-08 22:44:10,MODO AC,14.52,11.86,4.53,6.55
2025-05-08 22:44:11,MODO AC,14.52,11.86,4.53,6.55
2025-05-08 22:44:11,MODO AC,14.52,11.86,4.53,6.55
2025-05-08 22:44:12,MODO AC,14.52,11.86,4.53,6.55
2025-05-08 22:44:12,MODO AC,14.52,11.86,4.53,6.55
2025-05-08 22:44:13,MODO AC,14.52,11.86,4.53,6.55
2025-05-08 22:44:14,MODO AC,14.52,11.86,4.53,6.55
2025-05-08 22:44:14,MODO AC,14.52,11.86,4.53,6.55
2025-05-08 22:44:15,MODO AC,14.52,11.86,4.53,6.55
2025-05-08 22:44:15,MODO AC,14.52,11.86,4.53,6.55
2025-05-08 22:44:16,MODO AC,14.52,11.86,4.53,6.55
2025-05-08 22:44:17,MODO AC,14.52,11.86,4.53,6.55
2025-05-08 22:44:17,MODO AC,14.52,11.86,4.53,6.55
2025-05-08 22:44:18,MODO AC,14.52,11.86,4.53,6.55
2025-05-08 22:44:19,MODO AC,14.52,11.86,4.53,6.55
2025-05-08 22:44:19,MODO AC,14.52,11.86,4.53,6.55
2025-05-08 22:44:20,MODO AC,14.52,11.86,4.53,6.55
2025-05-08 22:44:20,MODO AC,14.52,11.86,4.53,6.55
2025-05-08 22:44:21,MODO AC,14.52,11.86,4.53,6.55
2025-05-08 22:44:22,MODO AC,14.52,11.86,4.53,6.55
2025-05-08 22:44:22,MODO AC,14.52,11.86,4.53,6.55
2025-05-08 22:44:23,MODO AC,14.52,11.86,4.53,6.55
2025-05-08 22:44:24,MODO AC,14.52,11.86,4.53,6.55
2025-05-08 22:44:24,MODO AC,14.52,11.86,4.53,6.55
2025-05-08 22:44:25,MODO AC,14.52,11.86,4.53,6.55
2025-05-08 22:44:25,MODO AC,14.52,11.86,4.53,6.55
2025-05-08 22:44:26,MODO AC,14.52,11.86,4.53,6.55
2025-05-08 22:44:27,MODO AC,14.52,11.86,4.53,6.55
2025-05-08 22:44:27,MODO AC,14.52,11.86,4.53,6.55
2025-05-08 22:44:28,MODO AC,14.52,11.86,4.53,6.55
2025-05-08 22:44:29,MODO AC,14.52,11.86,4.53,6.55
2025-05-08 22:44:29,MODO AC,14.52,11.86,4.53,6.55
2025-05-08 22:44:30,MODO AC,14.52,11.86,4.53,6.55
2025-05-08 22:44:30,MODO AC,14.52,11.86,4.53,6.55
2025-05-08 22:44:31,MODO AC,14.52,11.86,4.53,6.55
2025-05-08 22:44:32,MODO AC,14.52,11.86,4.53,6.55
2025-05-08 22:44:32,MODO AC,14.52,11.86,4.53,6.55
2025-05-08 22:44:33,MODO AC,14.52,11.86,4.53,6.55
2025-05-08 22:44:33,MODO AC,14.52,11.86,4.53,6.55
2025-05-08 22:44:34,MODO AC,14.52,11.86,4.53,6.55
2025-05-08 22:44:35,MODO AC,14.52,11.86,4.53,6.55
2025-05-08 22:44:35,MODO AC,14.52,11.86,4.53,6.55
2025-05-08 22:44:36,MODO AC,14.52,11.86,4.53,6.55
2025-05-08 22:44:37,MODO AC,14.52,11.86,4.53,6.55
2025-05-08 22:44:37,MODO AC,14.52,11.86,4.53,6.55
2025-05-08 22:44:38,MODO AC,14.52,11.86,4.53,6.55
2025-05-08 22:44:38,MODO AC,14.52,11.86,4.53,6.55
2025-05-08 22:44:39,MODO AC,14.52,11.86,4.53,6.55
2025-05-08 22:44:40,MODO AC,14.52,11.86,4.53,6.55
2025-05-08 22:44:40,MODO AC,14.52,11.86,4.53,6.55
2025-05-08 22:44:41,MODO AC,14.52,11.86,4.53,6.55
2025-05-08 22:44:42,MODO AC,14.52,11.86,4.53,6.55
2025-05-08 22:44:42,MODO AC,14.52,11.86,4.53,6.55
2025-05-08 22:44:43,MODO AC,14.52,11.86,4.53,6.55
2025-05-08 22:44:43,MODO AC,14.52,11.86,4.53,6.55
2025-05-08 22:44:44,MODO AC,14.52,11.86,4.53,6.55
2025-05-08 22:44:45,MODO AC,14.52,11.86,4.53,6.55
2025-05-08 22:44:45,MODO AC,14.52,11.86,4.53,6.55
2025-05-08 22:44:46,MODO AC,14.52,11.86,4.53,6.55
2025-05-08 22:44:47,MODO AC,14.52,11.86,4.53,6.55
2025-05-08 22:44:47,MODO AC,14.52,11.86,4.53,6.55
2025-05-08 22:44:48,MODO AC,14.52,11.86,4.53,6.55
2025-05-08 22:44:48,MODO AC,14.52,11.86,4.53,6.55
2025-05-08 22:44:49,MODO AC,14.52,11.86,4.53,6.55
2025-05-08 22:44:50,MODO AC,14.52,11.86,4.53,6.55
2025-05-08 22:44:50,MODO AC,14.52,11.86,4.53,6.55
2025-05-08 22:44:51,MODO AC,14.52,11.86,4.53,6.55
2025-05-08 22:44:52,MODO AC,14.52,11.86,4.53,6.55
2025-05-08 22:44:52,MODO AC,14.52,11.86,4.53,6.55
2025-05-08 22:44:53,MODO AC,14.52,11.86,4.53,6.55
2025-05-08 22:44:54,MODO AC,14.52,11.86,4.53,6.55
2025-05-08 22:44:54,MODO AC,14.52,11.86,4.53,6.55
2025-05-08 22:44:55,MODO AC,14.52,11.86,4.53,6.55
2025-05-08 22:44:55,MODO AC,14.52,11.86,4.53,6.55
2025-05-08 22:44:56,MODO AC,14.52,11.86,4.53,6.55
2025-05-08 22:44:57,MODO AC,14.52,11.86,4.53,6.55
2025-05-08 22:44:57,MODO AC,14.52,11.86,4.53,6.55
2025-05-08 22:44:58,MODO AC,14.52,11.86,4.53,6.55
2025-05-08 22:44:58,MODO AC,14.52,11.86,4.53,6.55
2025-05-08 22:44:59,MODO AC,14.52,11.86,4.53,6.55
2025-05-08 22:45:00,MODO AC,14.52,11.86,4.53,6.55
2025-05-08 22:45:00,MODO AC,14.52,11.86,4.53,6.55
2025-05-08 22:45:01,MODO AC,14.52,11.86,4.53,6.55
2025-05-08 22:45:02,MODO AC,14.52,11.86,4.53,6.55
2025-05-08 22:45:02,MODO AC,14.52,11.86,4.53,6.55
2025-05-08 22:45:03,MODO AC,14.52,11.86,4.53,6.55
2025-05-08 22:45:04,MODO AC,14.52,11.86,4.53,6.55
2025-05-08 22:45:04,MODO AC,14.52,11.86,4.53,6.55
2025-05-08 22:45:05,MODO AC,14.52,11.86,4.53,6.55
2025-05-08 22:45:05,MODO AC,14.52,11.86,4.53,6.55
2025-05-08 22:45:06,MODO AC,14.52,11.86,4.53,6.55
2025-05-08 22:45:07,MODO AC,14.52,11.86,4.53,6.55
2025-05-08 22:45:07,MODO AC,14.52,11.86,4.53,6.55
2025-05-08 22:45:08,MODO AC,14.52,11.86,4.53,6.55
2025-05-08 22:45:09,MODO AC,14.52,11.86,4.53,6.55
2025-05-08 22:45:09,MODO AC,14.52,11.86,4.53,6.55
2025-05-08 22:45:10,MODO AC,14.52,11.86,4.53,6.55
2025-05-08 22:45:10,MODO AC,14.52,11.86,4.53,6.55
2025-05-08 22:45:11,MODO AC,14.52,11.86,4.53,6.55
2025-05-08 22:45:12,MODO AC,14.52,11.86,4.53,6.55
2025-05-08 22:45:12,MODO AC,14.52,11.86,4.53,6.55
2025-05-08 22:45:13,MODO AC,14.52,11.86,4.53,6.55
2025-05-08 22:45:14,MODO AC,14.52,11.86,4.53,6.55
2025-05-08 22:45:14,MODO AC,14.52,11.86,4.53,6.55
2025-05-08 22:45:15,MODO AC,14.52,11.86,4.53,6.55
2025-05-08 22:45:16,MODO AC,14.52,11.86,4.53,6.55
2025-05-08 22:50:51,MODO DC,3.59,24.0,11.14,18.65
2025-05-08 22:50:51,MODO DC,3.59,24.0,11.14,18.65
2025-05-08 22:50:51,MODO DC,3.59,24.0,11.14,18.65
2025-05-08 22:50:51,MODO DC,3.59,24.0,11.14,18.65
2025-05-08 22:50:51,MODO DC,3.59,24.0,11.14,18.65
2025-05-08 22:50:51,MODO DC,3.59,24.0,11.14,18.65
2025-05-08 22:50:51,MODO DC,3.59,24.0,11.14,18.65
2025-05-08 22:50:51,MODO DC,3.59,24.0,11.14,18.65
2025-05-08 22:50:51,MODO DC,3.59,24.0,11.14,18.65
2025-05-08 22:50:51,MODO DC,3.59,24.0,11.14,18.65
2025-05-08 22:50:51,MODO DC,3.59,24.0,11.14,18.65
2025-05-08 22:50:51,MODO DC,3.59,24.0,11.14,18.65
2025-05-08 22:50:52,MODO DC,3.59,24.0,11.14,18.65
2025-05-08 22:50:52,MODO DC,3.59,24.0,11.14,18.65
2025-05-08 22:50:52,MODO DC,3.59,24.0,11.14,18.65
2025-05-08 22:50:52,MODO DC,3.59,24.0,11.14,18.65
2025-05-08 22:50:52,MODO DC,3.59,24.0,11.14,18.65
2025-05-08 22:50:52,MODO DC,3.59,24.0,11.14,18.65
2025-05-08 22:50:52,MODO DC,3.59,24.0,11.14,18.65
2025-05-08 22:50:52,MODO DC,3.59,24.0,11.14,18.65
2025-05-08 22:50:52,MODO DC,3.59,24.0,11.14,18.65
2025-05-08 22:50:52,MODO DC,3.59,24.0,11.14,18.65
2025-05-08 22:50:52,MODO DC,3.59,24.0,11.14,18.65
2025-05-08 22:50:52,MODO DC,3.59,24.0,11.14,18.65
2025-05-08 22:50:52,MODO DC,3.59,24.0,11.14,18.65
2025-05-08 22:50:52,MODO DC,3.59,24.0,11.14,18.65
2025-05-08 22:50:52,MODO DC,3.59,24.0,11.14,18.65
2025-05-08 22:50:52,MODO DC,3.59,24.0,11.14,18.65
2025-05-08 22:50:52,MODO DC,3.59,24.0,11.14,18.65
2025-05-08 22:50:52,MODO DC,3.59,24.0,11.14,18.65
2025-05-08 22:50:52,MODO DC,3.59,24.0,11.14,18.65
2025-05-08 22:50:52,MODO DC,3.59,24.0,11.14,18.65
2025-05-08 22:50:52,MODO DC,3.59,24.0,11.14,18.65
2025-05-08 22:50:52,MODO DC,3.59,24.0,11.14,18.65
2025-05-08 22:50:52,MODO DC,3.59,24.0,11.14,18.65
2025-05-08 22:50:52,MODO DC,3.59,24.0,11.14,18.65
2025-05-08 22:50:53,MODO DC,3.59,24.0,11.14,18.65
2025-05-08 22:50:53,MODO DC,3.59,24.0,11.14,18.65
2025-05-08 22:50:53,MODO DC,3.59,24.0,11.14,18.65
2025-05-08 22:50:53,MODO DC,3.59,24.0,11.14,18.65
2025-05-08 22:50:53,MODO DC,3.59,24.0,11.14,18.65
2025-05-08 22:50:53,MODO DC,3.59,24.0,11.14,18.65
2025-05-08 22:50:53,MODO DC,3.59,24.0,11.14,18.65
2025-05-08 22:50:53,MODO DC,3.59,24.0,11.14,18.65
2025-05-08 22:50:53,MODO DC,3.59,24.0,11.14,18.65
2025-05-08 22:50:53,MODO DC,3.59,24.0,11.14,18.65
2025-05-08 22:50:53,MODO DC,3.59,24.0,11.14,18.65
2025-05-08 22:50:53,MODO DC,3.59,24.0,11.14,18.65
2025-05-08 22:50:53,MODO DC,3.59,24.0,11.14,18.65
2025-05-08 22:50:53,MODO DC,3.59,24.0,11.14,18.65
2025-05-08 22:50:53,MODO DC,3.59,24.0,11.14,18.65
2025-05-08 22:50:53,MODO DC,3.59,24.0,11.14,18.65
2025-05-08 22:50:53,MODO DC,3.59,24.0,11.14,18.65
2025-05-08 22:50:53,MODO DC,3.59,24.0,11.14,18.65
2025-05-08 22:50:53,MODO DC,3.59,24.0,11.14,18.65
2025-05-08 22:50:53,MODO DC,3.59,24.0,11.14,18.65
2025-05-08 22:50:53,MODO DC,3.59,24.0,11.14,18.65
2025-05-08 22:50:53,MODO DC,3.59,24.0,11.14,18.65
2025-05-08 22:50:53,MODO DC,3.59,24.0,11.14,18.65
2025-05-08 22:50:53,MODO DC,3.59,24.0,11.14,18.65
2025-05-08 22:50:53,MODO DC,3.59,24.0,11.14,18.65
2025-05-08 22:50:54,MODO DC,3.59,24.0,11.14,18.65
2025-05-08 22:50:54,MODO DC,3.59,24.0,11.14,18.65
2025-05-08 22:50:54,MODO DC,3.59,24.0,11.14,18.65
2025-05-08 22:50:54,MODO DC,3.59,24.0,11.14,18.65
2025-05-08 22:50:54,MODO DC,3.59,24.0,11.14,18.65
2025-05-08 22:50:54,MODO DC,3.59,24.0,11.14,18.65
2025-05-08 22:50:54,MODO DC,3.59,24.0,11.14,18.65
2025-05-08 22:50:54,MODO DC,3.59,24.0,11.14,18.65
2025-05-08 22:50:54,MODO DC,3.59,24.0,11.14,18.65
2025-05-08 22:50:54,MODO DC,3.59,24.0,11.14,18.65
2025-05-08 22:50:54,MODO DC,3.59,24.0,11.14,18.65
2025-05-08 22:50:54,MODO DC,3.59,24.0,11.14,18.65
2025-05-08 22:50:54,MODO DC,3.59,24.0,11.14,18.65
2025-05-08 22:50:54,MODO DC,3.59,24.0,11.14,18.65
2025-05-08 22:50:54,MODO DC,3.59,24.0,11.14,18.65
2025-05-08 22:50:54,MODO DC,3.59,24.0,11.14,18.65
2025-05-08 22:50:54,MODO DC,3.59,24.0,11.14,18.65
2025-05-08 22:50:54,MODO DC,3.59,24.0,11.14,18.65
2025-05-08 22:50:54,MODO DC,3.59,24.0,11.14,18.65
2025-05-08 22:50:54,MODO DC,3.59,24.0,11.14,18.65
2025-05-08 22:50:54,MODO DC,3.59,24.0,11.14,18.65
2025-05-08 22:50:54,MODO DC,3.59,24.0,11.14,18.65
2025-05-08 22:50:54,MODO DC,3.59,24.0,11.14,18.65
2025-05-08 22:50:55,MODO DC,3.59,24.0,11.14,18.65
2025-05-08 22:50:55,MODO DC,3.59,24.0,11.14,18.65
2025-05-08 22:50:55,MODO DC,3.59,24.0,11.14,18.65
2025-05-08 22:50:55,MODO DC,3.59,24.0,11.14,18.65
2025-05-08 22:50:55,MODO DC,3.59,24.0,11.14,18.65
2025-05-08 22:50:55,MODO DC,3.59,24.0,11.14,18.65
2025-05-08 22:50:55,MODO DC,3.59,24.0,11.14,18.65
2025-05-08 22:50:55,MODO DC,3.59,24.0,11.14,18.65
2025-05-08 22:50:55,MODO DC,3.59,24.0,11.14,18.65
2025-05-08 22:50:55,MODO DC,3.59,24.0,11.14,18.65
2025-05-08 22:50:55,MODO DC,3.59,24.0,11.14,18.65
2025-05-08 22:50:55,MODO DC,3.59,24.0,11.14,18.65
2025-05-08 22:50:55,MODO DC,3.59,24.0,11.14,18.65
2025-05-08 22:50:55,MODO DC,3.59,24.0,11.14,18.65
2025-05-08 22:50:55,MODO DC,3.59,24.0,11.14,18.65
2025-05-08 22:50:55,MODO DC,3.59,24.0,11.14,18.65
2025-05-08 22:50:55,MODO DC,3.59,24.0,11.14,18.65
2025-05-08 22:50:55,MODO DC,3.59,24.0,11.14,18.65
2025-05-08 22:50:55,MODO DC,3.59,24.0,11.14,18.65
2025-05-08 22:50:55,MODO DC,3.59,24.0,11.14,18.65
2025-05-08 22:50:55,MODO DC,3.59,24.0,11.14,18.65
2025-05-08 22:50:55,MODO DC,3.59,24.0,11.14,18.65
2025-05-08 22:50:56,MODO DC,3.59,24.0,11.14,18.65
2025-05-08 22:50:56,MODO DC,3.59,24.0,11.14,18.65
2025-05-08 22:50:56,MODO DC,3.59,24.0,11.14,18.65
2025-05-08 22:50:56,MODO DC,3.59,24.0,11.14,18.65
2025-05-08 22:50:56,MODO DC,3.59,24.0,11.14,18.65
2025-05-08 22:50:56,MODO DC,3.59,24.0,11.14,18.65
2025-05-08 22:50:56,MODO DC,3.59,24.0,11.14,18.65
2025-05-08 22:50:56,MODO DC,3.59,24.0,11.14,18.65
2025-05-08 22:50:56,MODO DC,3.59,24.0,11.14,18.65
2025-05-08 22:50:56,MODO DC,3.59,24.0,11.14,18.65
2025-05-08 22:50:56,MODO DC,3.59,24.0,11.14,18.65
2025-05-08 22:50:56,MODO DC,3.59,24.0,11.14,18.65
2025-05-08 22:50:56,MODO DC,3.59,24.0,11.14,18.65
2025-05-08 22:50:56,MODO DC,3.59,24.0,11.14,18.65
2025-05-08 22:50:56,MODO DC,3.59,24.0,11.14,18.65
2025-05-08 22:50:56,MODO DC,3.59,24.0,11.14,18.65
2025-05-08 22:50:56,MODO DC,3.59,24.0,11.14,18.65
2025-05-08 22:50:56,MODO DC,3.59,24.0,11.14,18.65
2025-05-08 22:50:56,MODO DC,3.59,24.0,11.14,18.65
2025-05-08 22:50:56,MODO DC,3.59,24.0,11.14,18.65
2025-05-08 22:50:56,MODO DC,3.59,24.0,11.14,18.65
2025-05-08 22:50:56,MODO DC,3.59,24.0,11.14,18.65
2025-05-08 22:50:56,MODO DC,3.59,24.0,11.14,18.65
2025-05-08 22:50:56,MODO DC,3.59,24.0,11.14,18.65
2025-05-08 22:50:56,MODO DC,3.59,24.0,11.14,18.65
2025-05-08 22:50:56,MODO DC,3.59,24.0,11.14,18.65
2025-05-08 22:50:57,MODO DC,3.59,24.0,11.14,18.65
2025-05-08 22:50:57,MODO DC,3.59,24.0,11.14,18.65
2025-05-08 22:50:57,MODO DC,3.59,24.0,11.14,18.65
2025-05-08 22:50:57,MODO DC,3.59,24.0,11.14,18.65
2025-05-08 22:50:57,MODO DC,3.59,24.0,11.14,18.65
2025-05-08 22:50:57,MODO DC,3.59,24.0,11.14,18.65
2025-05-08 22:50:57,MODO DC,3.59,24.0,11.14,18.65
2025-05-08 22:50:57,MODO DC,3.59,24.0,11.14,18.65
2025-05-08 22:50:57,MODO DC,3.59,24.0,11.14,18.65
2025-05-08 22:50:57,MODO DC,3.59,24.0,11.14,18.65
2025-05-08 22:50:57,MODO DC,3.59,24.0,11.14,18.65
2025-05-08 22:50:57,MODO DC,3.59,24.0,11.14,18.65
2025-05-08 22:50:57,MODO DC,3.59,24.0,11.14,18.65
2025-05-08 22:50:57,MODO DC,3.59,24.0,11.14,18.65
2025-05-08 22:50:57,MODO DC,3.59,24.0,11.14,18.65
2025-05-08 22:50:57,MODO DC,3.59,24.0,11.14,18.65
2025-05-08 22:50:57,MODO DC,3.59,24.0,11.14,18.65
2025-05-08 22:50:57,MODO DC,3.59,24.0,11.14,18.65
2025-05-08 22:50:57,MODO DC,3.59,24.0,11.14,18.65
2025-05-08 22:50:57,MODO DC,3.59,24.0,11.14,18.65
2025-05-08 22:50:57,MODO DC,3.59,24.0,11.14,18.65
2025-05-08 22:50:57,MODO DC,3.59,24.0,11.14,18.65
2025-05-08 22:50:57,MODO DC,3.59,24.0,11.14,18.65
2025-05-08 22:50:57,MODO DC,3.59,24.0,11.14,18.65
2025-05-08 22:50:58,MODO DC,3.59,24.0,11.14,18.65
2025-05-08 22:50:58,MODO DC,3.59,24.0,11.14,18.65
2025-05-08 22:50:58,MODO DC,3.59,24.0,11.14,18.65
2025-05-08 22:50:58,MODO DC,3.59,24.0,11.14,18.65
2025-05-08 22:50:58,MODO DC,3.59,24.0,11.14,18.65
2025-05-08 22:50:58,MODO DC,3.59,24.0,11.14,18.65
2025-05-08 22:50:58,MODO DC,3.59,24.0,11.14,18.65
2025-05-08 22:50:58,MODO DC,3.59,24.0,11.14,18.65
2025-05-08 22:50:58,MODO DC,3.59,24.0,11.14,18.65
2025-05-08 22:50:58,MODO DC,3.59,24.0,11.14,18.65
2025-05-08 22:50:58,MODO DC,3.59,24.0,11.14,18.65
2025-05-08 22:50:58,MODO DC,3.59,24.0,11.14,18.65
2025-05-08 22:50:58,MODO DC,3.59,24.0,11.14,18.65
2025-05-08 22:50:58,MODO DC,3.59,24.0,11.14,18.65
2025-05-08 22:50:58,MODO DC,3.59,24.0,11.14,18.65
2025-05-08 22:50:58,MODO DC,3.59,24.0,11.14,18.65
2025-05-08 22:50:58,MODO DC,3.59,24.0,11.14,18.65
2025-05-08 22:50:58,MODO DC,3.59,24.0,11.14,18.65
2025-05-08 22:50:58,MODO DC,3.59,24.0,11.14,18.65
2025-05-08 22:50:58,MODO DC,3.59,24.0,11.14,18.65
2025-05-08 22:50:58,MODO DC,3.59,24.0,11.14,18.65
2025-05-08 22:50:58,MODO DC,3.59,24.0,11.14,18.65
2025-05-08 22:50:59,MODO DC,3.59,24.0,11.14,18.65
2025-05-08 22:50:59,MODO DC,3.59,24.0,11.14,18.65
2025-05-08 22:50:59,MODO DC,3.59,24.0,11.14,18.65
2025-05-08 22:50:59,MODO DC,3.59,24.0,11.14,18.65
2025-05-08 22:50:59,MODO DC,3.59,24.0,11.14,18.65
2025-05-08 22:50:59,MODO DC,3.59,24.0,11.14,18.65
2025-05-08 22:50:59,MODO DC,3.59,24.0,11.14,18.65
2025-05-08 22:50:59,MODO DC,3.59,24.0,11.14,18.65
2025-05-08 22:50:59,MODO DC,3.59,24.0,11.14,18.65
2025-05-08 22:50:59,MODO DC,3.59,24.0,11.14,18.65
2025-05-08 22:50:59,MODO DC,3.59,24.0,11.14,18.65
2025-05-08 22:50:59,MODO DC,3.59,24.0,11.14,18.65
2025-05-08 22:50:59,MODO DC,3.59,24.0,11.14,18.65
2025-05-08 22:50:59,MODO DC,3.59,24.0,11.14,18.65
2025-05-08 22:50:59,MODO DC,3.59,24.0,11.14,18.65
2025-05-08 22:50:59,MODO DC,3.59,24.0,11.14,18.65
2025-05-08 22:50:59,MODO DC,3.59,24.0,11.14,18.65
2025-05-08 22:50:59,MODO DC,3.59,24.0,11.14,18.65
2025-05-08 22:50:59,MODO DC,3.59,24.0,11.14,18.65
2025-05-08 22:50:59,MODO DC,3.59,24.0,11.14,18.65
2025-05-08 22:50:59,MODO DC,3.59,24.0,11.14,18.65
2025-05-08 22:50:59,MODO DC,3.59,24.0,11.14,18.65
2025-05-08 22:50:59,MODO DC,3.59,24.0,11.14,18.65
2025-05-08 22:50:59,MODO DC,3.59,24.0,11.14,18.65
2025-05-08 22:51:00,MODO DC,3.59,24.0,11.14,18.65
2025-05-08 22:51:00,MODO DC,3.59,24.0,11.14,18.65
2025-05-08 22:51:00,MODO DC,3.59,24.0,11.14,18.65
2025-05-08 22:51:00,MODO DC,3.59,24.0,11.14,18.65
2025-05-08 22:51:00,MODO DC,3.59,24.0,11.14,18.65
2025-05-08 22:51:00,MODO DC,3.59,24.0,11.14,18.65
2025-05-08 22:51:00,MODO DC,3.59,24.0,11.14,18.65
2025-05-08 22:51:00,MODO DC,3.59,24.0,11.14,18.65
2025-05-08 22:51:00,MODO DC,3.59,24.0,11.14,18.65
2025-05-08 22:51:00,MODO DC,3.59,24.0,11.14,18.65
2025-05-08 22:51:00,MODO DC,3.59,24.0,11.14,18.65
2025-05-08 22:51:00,MODO DC,3.59,24.0,11.14,18.65
2025-05-08 22:51:00,MODO DC,3.59,24.0,11.14,18.65
2025-05-08 22:51:00,MODO DC,3.59,24.0,11.14,18.65
2025-05-08 22:51:00,MODO DC,3.59,24.0,11.14,18.65
2025-05-08 22:51:00,MODO DC,3.59,24.0,11.14,18.65
2025-05-08 22:51:00,MODO DC,3.59,24.0,11.14,18.65
2025-05-08 22:51:00,MODO DC,3.59,24.0,11.14,18.65
2025-05-08 22:51:00,MODO DC,3.59,24.0,11.14,18.65
2025-05-08 22:51:00,MODO DC,3.59,24.0,11.14,18.65
2025-05-08 22:51:00,MODO DC,3.59,24.0,11.14,18.65
2025-05-08 22:51:00,MODO DC,3.59,24.0,11.14,18.65
2025-05-08 22:51:00,MODO DC,3.59,24.0,11.14,18.65
2025-05-08 22:51:00,MODO DC,3.59,24.0,11.14,18.65
2025-05-08 22:51:00,MODO DC,3.59,24.0,11.14,18.65
2025-05-08 22:51:01,MODO DC,3.59,24.0,11.14,18.65
2025-05-08 22:51:01,MODO DC,3.59,24.0,11.14,18.65
2025-05-08 22:51:01,MODO DC,3.59,24.0,11.14,18.65
2025-05-08 22:51:01,MODO DC,3.59,24.0,11.14,18.65
2025-05-08 22:51:01,MODO DC,3.59,24.0,11.14,18.65
2025-05-08 22:51:01,MODO DC,3.59,24.0,11.14,18.65
2025-05-08 22:51:01,MODO DC,3.59,24.0,11.14,18.65
2025-05-08 22:51:01,MODO DC,3.59,24.0,11.14,18.65
2025-05-08 22:51:01,MODO DC,3.59,24.0,11.14,18.65
2025-05-08 22:51:01,MODO DC,3.59,24.0,11.14,18.65
2025-05-08 22:51:01,MODO DC,3.59,24.0,11.14,18.65
2025-05-08 22:51:01,MODO DC,3.59,24.0,11.14,18.65
2025-05-08 22:51:01,MODO DC,3.59,24.0,11.14,18.65
2025-05-08 22:51:01,MODO DC,3.59,24.0,11.14,18.65
2025-05-08 22:51:01,MODO DC,3.59,24.0,11.14,18.65
2025-05-08 22:51:01,MODO DC,3.59,24.0,11.14,18.65
2025-05-08 22:51:01,MODO DC,3.59,24.0,11.14,18.65
2025-05-08 22:51:01,MODO DC,3.59,24.0,11.14,18.65
2025-05-08 22:51:01,MODO DC,3.59,24.0,11.14,18.65
2025-05-08 22:51:01,MODO DC,3.59,24.0,11.14,18.65
2025-05-08 22:51:01,MODO DC,3.59,24.0,11.14,18.65
2025-05-08 22:51:01,MODO DC,3.59,24.0,11.14,18.65
2025-05-08 22:51:01,MODO DC,3.59,24.0,11.14,18.65
2025-05-08 22:51:01,MODO DC,3.59,24.0,11.14,18.65
2025-05-08 22:51:02,MODO DC,3.59,24.0,11.14,18.65
2025-05-08 22:51:02,MODO DC,3.59,24.0,11.14,18.65
2025-05-08 22:51:02,MODO DC,3.59,24.0,11.14,18.65
2025-05-08 22:51:02,MODO DC,3.59,24.0,11.14,18.65
2025-05-08 22:51:02,MODO DC,3.59,24.0,11.14,18.65
2025-05-08 22:51:02,MODO DC,3.59,24.0,11.14,18.65
2025-05-08 22:51:02,MODO DC,3.59,24.0,11.14,18.65
2025-05-08 22:51:02,MODO DC,3.59,24.0,11.14,18.65
2025-05-08 22:51:02,MODO DC,3.59,24.0,11.14,18.65
2025-05-08 22:51:02,MODO DC,3.59,24.0,11.14,18.65
2025-05-08 22:51:02,MODO DC,3.59,24.0,11.14,18.65
2025-05-08 22:51:02,MODO DC,3.59,24.0,11.14,18.65
2025-05-08 22:51:02,MODO DC,3.59,24.0,11.14,18.65
2025-05-08 22:51:02,MODO DC,3.59,24.0,11.14,18.65
2025-05-08 22:51:02,MODO DC,3.59,24.0,11.14,18.65
2025-05-08 22:51:02,MODO DC,3.59,24.0,11.14,18.65
2025-05-08 22:51:02,MODO DC,3.59,24.0,11.14,18.65
2025-05-08 22:51:02,MODO DC,3.59,24.0,11.14,18.65
2025-05-08 22:51:02,MODO DC,3.59,24.0,11.14,18.65
2025-05-08 22:51:02,MODO DC,3.59,24.0,11.14,18.65
2025-05-08 22:51:02,MODO DC,3.59,24.0,11.14,18.65
2025-05-08 22:51:02,MODO DC,3.59,24.0,11.14,18.65
2025-05-08 22:51:02,MODO DC,3.59,24.0,11.14,18.65
2025-05-08 22:51:02,MODO DC,3.59,24.0,11.14,18.65
2025-05-08 22:51:03,MODO DC,3.59,24.0,11.14,18.65
2025-05-08 22:51:03,MODO DC,3.59,24.0,11.14,18.65
2025-05-08 22:51:03,MODO DC,3.59,24.0,11.14,18.65
2025-05-08 22:51:03,MODO DC,3.59,24.0,11.14,18.65
2025-05-08 22:51:03,MODO DC,3.59,24.0,11.14,18.65
2025-05-08 22:51:03,MODO DC,3.59,24.0,11.14,18.65
2025-05-08 22:51:03,MODO DC,3.59,24.0,11.14,18.65
2025-05-08 22:51:03,MODO DC,3.59,24.0,11.14,18.65
2025-05-08 22:51:03,MODO DC,3.59,24.0,11.14,18.65
2025-05-08 22:51:03,MODO DC,3.59,24.0,11.14,18.65
2025-05-08 22:51:03,MODO DC,3.59,24.0,11.14,18.65
2025-05-08 22:51:03,MODO DC,3.59,24.0,11.14,18.65
2025-05-08 22:51:03,MODO DC,3.59,24.0,11.14,18.65
2025-05-08 22:51:03,MODO DC,3.59,24.0,11.14,18.65
2025-05-08 22:51:03,MODO DC,3.59,24.0,11.14,18.65
2025-05-08 22:51:03,MODO DC,3.59,24.0,11.14,18.65
2025-05-08 22:51:03,MODO DC,3.59,24.0,11.14,18.65
2025-05-08 22:51:03,MODO DC,3.59,24.0,11.14,18.65
2025-05-08 22:51:03,MODO DC,3.59,24.0,11.14,18.65
2025-05-08 22:51:03,MODO DC,3.59,24.0,11.14,18.65
2025-05-08 22:51:03,MODO DC,3.59,24.0,11.14,18.65
2025-05-08 22:51:03,MODO DC,3.59,24.0,11.14,18.65
2025-05-08 22:51:03,MODO DC,3.59,24.0,11.14,18.65
2025-05-08 22:51:03,MODO DC,3.59,24.0,11.14,18.65
2025-05-08 22:51:04,MODO DC,3.59,24.0,11.14,18.65
2025-05-08 22:51:04,MODO DC,3.59,24.0,11.14,18.65
2025-05-08 22:51:04,MODO DC,3.59,24.0,11.14,18.65
2025-05-08 22:51:04,MODO DC,3.59,24.0,11.14,18.65
2025-05-08 22:51:04,MODO DC,3.59,24.0,11.14,18.65
2025-05-08 22:51:04,MODO DC,3.59,24.0,11.14,18.65
2025-05-08 22:51:04,MODO DC,3.59,24.0,11.14,18.65
2025-05-08 22:51:04,MODO DC,3.59,24.0,11.14,18.65
2025-05-08 22:51:04,MODO DC,3.59,24.0,11.14,18.65
2025-05-08 22:51:04,MODO DC,3.59,24.0,11.14,18.65
2025-05-08 22:51:04,MODO DC,3.59,24.0,11.14,18.65
2025-05-08 22:51:04,MODO DC,3.59,24.0,11.14,18.65
2025-05-08 22:51:04,MODO DC,3.59,24.0,11.14,18.65
2025-05-08 22:51:04,MODO DC,3.59,24.0,11.14,18.65
2025-05-08 22:51:04,MODO DC,3.59,24.0,11.14,18.65
2025-05-08 22:51:04,MODO DC,3.59,24.0,11.14,18.65
2025-05-08 22:51:04,MODO DC,3.59,24.0,11.14,18.65
2025-05-08 22:51:04,MODO DC,3.59,24.0,11.14,18.65
2025-05-08 22:51:04,MODO DC,3.59,24.0,11.14,18.65
2025-05-08 22:51:04,MODO DC,3.59,24.0,11.14,18.65
2025-05-08 22:51:04,MODO DC,3.59,24.0,11.14,18.65
2025-05-08 22:51:04,MODO DC,3.59,24.0,11.14,18.65
2025-05-08 22:51:04,MODO DC,3.59,24.0,11.14,18.65
2025-05-08 22:51:05,MODO DC,3.59,24.0,11.14,18.65
2025-05-08 22:51:05,MODO DC,3.59,24.0,11.14,18.65
2025-05-08 22:51:05,MODO DC,3.59,24.0,11.14,18.65
2025-05-08 22:51:05,MODO DC,3.59,24.0,11.14,18.65
2025-05-08 22:51:05,MODO DC,3.59,24.0,11.14,18.65
2025-05-08 22:51:05,MODO DC,3.59,24.0,11.14,18.65
2025-05-08 22:51:05,MODO DC,3.59,24.0,11.14,18.65
2025-05-08 22:51:05,MODO DC,3.59,24.0,11.14,18.65
2025-05-08 22:51:05,MODO DC,3.59,24.0,11.14,18.65
2025-05-08 22:51:05,MODO DC,3.59,24.0,11.14,18.65
2025-05-08 22:51:05,MODO DC,3.59,24.0,11.14,18.65
2025-05-08 22:51:05,MODO DC,3.59,24.0,11.14,18.65
2025-05-08 22:51:05,MODO DC,3.59,24.0,11.14,18.65
2025-05-08 22:51:05,MODO DC,3.59,24.0,11.14,18.65
2025-05-08 22:51:05,MODO DC,3.59,24.0,11.14,18.65
2025-05-08 22:51:05,MODO DC,3.59,24.0,11.14,18.65
2025-05-08 22:51:05,MODO DC,3.59,24.0,11.14,18.65
2025-05-08 22:51:05,MODO DC,3.59,24.0,11.14,18.65
2025-05-08 22:51:05,MODO DC,3.59,24.0,11.14,18.65
2025-05-08 22:51:05,MODO DC,3.59,24.0,11.14,18.65
2025-05-08 22:51:05,MODO DC,3.59,24.0,11.14,18.65
2025-05-08 22:51:05,MODO DC,3.59,24.0,11.14,18.65
2025-05-08 22:51:05,MODO DC,3.59,24.0,11.14,18.65
2025-05-08 22:51:05,MODO DC,3.59,24.0,11.14,18.65
2025-05-08 22:51:05,MODO DC,3.59,24.0,11.14,18.65
2025-05-08 22:51:06,MODO DC,3.59,24.0,11.14,18.65
2025-05-08 22:51:06,MODO DC,3.59,24.0,11.14,18.65
2025-05-08 22:51:06,MODO DC,3.59,24.0,11.14,18.65
2025-05-08 22:51:06,MODO DC,3.59,24.0,11.14,18.65
2025-05-08 22:51:06,MODO DC,3.59,24.0,11.14,18.65
2025-05-08 22:51:06,MODO DC,3.59,24.0,11.14,18.65
2025-05-08 22:51:06,MODO DC,3.59,24.0,11.14,18.65
2025-05-08 22:51:06,MODO DC,3.59,24.0,11.14,18.65
2025-05-08 22:51:06,MODO DC,3.59,24.0,11.14,18.65
2025-05-08 22:51:06,MODO DC,3.59,24.0,11.14,18.65
2025-05-08 22:51:06,MODO DC,3.59,24.0,11.14,18.65
2025-05-08 22:51:06,MODO DC,3.59,24.0,11.14,18.65
2025-05-08 22:51:06,MODO DC,3.59,24.0,11.14,18.65
2025-05-08 22:51:06,MODO DC,3.59,24.0,11.14,18.65
2025-05-08 22:51:06,MODO DC,3.59,24.0,11.14,18.65
2025-05-08 22:51:06,MODO DC,3.59,24.0,11.14,18.65
2025-05-08 22:51:06,MODO DC,3.59,24.0,11.14,18.65
2025-05-08 22:51:06,MODO DC,3.59,24.0,11.14,18.65
2025-05-08 22:51:06,MODO DC,3.59,24.0,11.14,18.65
2025-05-08 22:51:06,MODO DC,3.59,24.0,11.14,18.65
2025-05-08 22:51:06,MODO DC,3.59,24.0,11.14,18.65
2025-05-08 22:51:06,MODO DC,3.59,24.0,11.14,18.65
2025-05-08 22:51:06,MODO DC,3.59,24.0,11.14,18.65
2025-05-08 22:51:06,MODO DC,3.59,24.0,11.14,18.65
2025-05-08 22:51:07,MODO DC,3.59,24.0,11.14,18.65
2025-05-08 22:51:07,MODO DC,3.59,24.0,11.14,18.65
2025-05-08 22:51:07,MODO DC,3.59,24.0,11.14,18.65
2025-05-08 22:51:07,MODO DC,3.59,24.0,11.14,18.65
2025-05-08 22:51:07,MODO DC,3.59,24.0,11.14,18.65
2025-05-08 22:51:07,MODO DC,3.59,24.0,11.14,18.65
2025-05-08 22:51:07,MODO DC,3.59,24.0,11.14,18.65
2025-05-08 22:51:07,MODO DC,3.59,24.0,11.14,18.65
2025-05-08 22:51:07,MODO DC,3.59,24.0,11.14,18.65
2025-05-08 22:51:07,MODO DC,3.59,24.0,11.14,18.65
2025-05-08 22:51:07,MODO DC,3.59,24.0,11.14,18.65
2025-05-08 22:51:07,MODO DC,3.59,24.0,11.14,18.65
2025-05-08 22:51:07,MODO DC,3.59,24.0,11.14,18.65
2025-05-08 22:51:07,MODO DC,3.59,24.0,11.14,18.65
2025-05-08 22:51:07,MODO DC,3.59,24.0,11.14,18.65
2025-05-08 22:51:07,MODO DC,3.59,24.0,11.14,18.65
2025-05-08 22:51:07,MODO DC,3.59,24.0,11.14,18.65
2025-05-08 22:51:07,MODO DC,3.59,24.0,11.14,18.65
2025-05-08 22:51:07,MODO DC,3.59,24.0,11.14,18.65
2025-05-08 22:51:07,MODO DC,3.59,24.0,11.14,18.65
2025-05-08 22:51:07,MODO DC,3.59,24.0,11.14,18.65
2025-05-08 22:51:07,MODO DC,3.59,24.0,11.14,18.65
2025-05-08 22:51:07,MODO DC,3.59,24.0,11.14,18.65
2025-05-08 22:51:07,MODO DC,3.59,24.0,11.14,18.65
2025-05-08 22:51:08,MODO DC,3.59,24.0,11.14,18.65
2025-05-08 22:51:08,MODO DC,3.59,24.0,11.14,18.65
2025-05-08 22:51:08,MODO DC,3.59,24.0,11.14,18.65
2025-05-08 22:51:08,MODO DC,3.59,24.0,11.14,18.65
2025-05-08 22:51:08,MODO DC,3.59,24.0,11.14,18.65
2025-05-08 22:51:08,MODO DC,3.59,24.0,11.14,18.65
2025-05-08 22:51:08,MODO DC,3.59,24.0,11.14,18.65
2025-05-08 22:51:08,MODO DC,3.59,24.0,11.14,18.65
2025-05-08 22:51:08,MODO DC,3.59,24.0,11.14,18.65
2025-05-08 22:51:08,MODO DC,3.59,24.0,11.14,18.65
2025-05-08 22:51:08,MODO DC,3.59,24.0,11.14,18.65
2025-05-08 22:51:08,MODO DC,3.59,24.0,11.14,18.65
2025-05-08 22:51:08,MODO DC,3.59,24.0,11.14,18.65
2025-05-08 22:51:08,MODO DC,3.59,24.0,11.14,18.65
2025-05-08 22:51:08,MODO DC,3.59,24.0,11.14,18.65
2025-05-08 22:51:08,MODO DC,3.59,24.0,11.14,18.65
2025-05-08 22:51:08,MODO DC,3.59,24.0,11.14,18.65
2025-05-08 22:51:08,MODO DC,3.59,24.0,11.14,18.65
2025-05-08 22:51:08,MODO DC,3.59,24.0,11.14,18.65
2025-05-08 22:51:08,MODO DC,3.59,24.0,11.14,18.65
2025-05-08 22:51:08,MODO DC,3.59,24.0,11.14,18.65
2025-05-08 22:51:08,MODO DC,3.59,24.0,11.14,18.65
2025-05-08 22:51:08,MODO DC,3.59,24.0,11.14,18.65
2025-05-08 22:51:08,MODO DC,3.59,24.0,11.14,18.65
2025-05-08 22:51:08,MODO DC,3.59,24.0,11.14,18.65
2025-05-08 22:51:09,MODO DC,3.59,24.0,11.14,18.65
2025-05-08 22:51:09,MODO DC,3.59,24.0,11.14,18.65
2025-05-08 22:51:09,MODO DC,3.59,24.0,11.14,18.65
2025-05-08 22:51:09,MODO DC,3.59,24.0,11.14,18.65
2025-05-08 22:51:09,MODO DC,3.59,24.0,11.14,18.65
2025-05-08 22:51:09,MODO DC,3.59,24.0,11.14,18.65
2025-05-08 22:51:09,MODO DC,3.59,24.0,11.14,18.65
2025-05-08 22:51:09,MODO DC,3.59,24.0,11.14,18.65
2025-05-08 22:51:09,MODO DC,3.59,24.0,11.14,18.65
2025-05-08 22:51:09,MODO DC,3.59,24.0,11.14,18.65
2025-05-08 22:51:09,MODO DC,3.59,24.0,11.14,18.65
2025-05-08 22:51:09,MODO DC,3.59,24.0,11.14,18.65
2025-05-08 22:51:09,MODO DC,3.59,24.0,11.14,18.65
2025-05-08 22:51:09,MODO DC,3.59,24.0,11.14,18.65
2025-05-08 22:51:09,MODO DC,3.59,24.0,11.14,18.65
2025-05-08 22:51:09,MODO DC,3.59,24.0,11.14,18.65
2025-05-08 22:51:09,MODO DC,3.59,24.0,11.14,18.65
2025-05-08 22:51:09,MODO DC,3.59,24.0,11.14,18.65
2025-05-08 22:51:09,MODO DC,3.59,24.0,11.14,18.65
2025-05-08 22:51:09,MODO DC,3.59,24.0,11.14,18.65
2025-05-08 22:51:09,MODO DC,3.59,24.0,11.14,18.65
2025-05-08 22:51:09,MODO DC,3.59,24.0,11.14,18.65
2025-05-08 22:51:09,MODO DC,3.59,24.0,11.14,18.65
2025-05-08 22:51:10,MODO DC,3.59,24.0,11.14,18.65
2025-05-08 22:51:10,MODO DC,3.59,24.0,11.14,18.65
2025-05-08 22:51:10,MODO DC,3.59,24.0,11.14,18.65
2025-05-08 22:51:10,MODO DC,3.59,24.0,11.14,18.65
2025-05-08 22:51:10,MODO DC,3.59,24.0,11.14,18.65
2025-05-08 22:51:10,MODO DC,3.59,24.0,11.14,18.65
2025-05-08 22:51:10,MODO DC,3.59,24.0,11.14,18.65
2025-05-08 22:51:10,MODO DC,3.59,24.0,11.14,18.65
2025-05-08 22:51:10,MODO DC,3.59,24.0,11.14,18.65
2025-05-08 22:51:10,MODO DC,3.59,24.0,11.14,18.65
2025-05-08 22:51:10,MODO DC,3.59,24.0,11.14,18.65
2025-05-08 22:51:10,MODO DC,3.59,24.0,11.14,18.65
2025-05-08 22:51:10,MODO DC,3.59,24.0,11.14,18.65
2025-05-08 22:51:10,MODO DC,3.59,24.0,11.14,18.65
2025-05-08 22:51:10,MODO DC,3.59,24.0,11.14,18.65
2025-05-08 22:51:10,MODO DC,3.59,24.0,11.14,18.65
2025-05-08 22:51:10,MODO DC,3.59,24.0,11.14,18.65
2025-05-08 22:51:10,MODO DC,3.59,24.0,11.14,18.65
2025-05-08 22:51:10,MODO DC,3.59,24.0,11.14,18.65
2025-05-08 22:51:10,MODO DC,3.59,24.0,11.14,18.65
2025-05-08 22:51:10,MODO DC,3.59,24.0,11.14,18.65
2025-05-08 22:51:10,MODO DC,3.59,24.0,11.14,18.65
2025-05-08 22:51:10,MODO DC,3.59,24.0,11.14,18.65
2025-05-08 22:51:10,MODO DC,3.59,24.0,11.14,18.65
2025-05-08 22:51:10,MODO DC,3.59,24.0,11.14,18.65
2025-05-08 22:51:11,MODO DC,3.59,24.0,11.14,18.65
2025-05-08 22:51:11,MODO DC,3.59,24.0,11.14,18.65
2025-05-08 22:51:11,MODO DC,3.59,24.0,11.14,18.65
2025-05-08 22:51:11,MODO DC,3.59,24.0,11.14,18.65
2025-05-08 22:51:11,MODO DC,3.59,24.0,11.14,18.65
2025-05-08 22:51:11,MODO DC,3.59,24.0,11.14,18.65
2025-05-08 22:51:11,MODO DC,3.59,24.0,11.14,18.65
2025-05-08 22:51:11,MODO DC,3.59,24.0,11.14,18.65
2025-05-08 22:51:11,MODO DC,3.59,24.0,11.14,18.65
2025-05-08 22:51:11,MODO DC,3.59,24.0,11.14,18.65
2025-05-08 22:51:11,MODO DC,3.59,24.0,11.14,18.65
2025-05-08 22:51:11,MODO DC,3.59,24.0,11.14,18.65
2025-05-08 22:51:11,MODO DC,3.59,24.0,11.14,18.65
2025-05-08 22:51:11,MODO DC,3.59,24.0,11.14,18.65
2025-05-08 22:51:11,MODO DC,3.59,24.0,11.14,18.65
2025-05-08 22:51:11,MODO DC,3.59,24.0,11.14,18.65
2025-05-08 22:51:11,MODO DC,3.59,24.0,11.14,18.65
2025-05-08 22:51:11,MODO DC,3.59,24.0,11.14,18.65
2025-05-08 22:51:11,MODO DC,3.59,24.0,11.14,18.65
2025-05-08 22:51:11,MODO DC,3.59,24.0,11.14,18.65
2025-05-08 22:51:11,MODO DC,3.59,24.0,11.14,18.65
2025-05-08 22:51:11,MODO DC,3.59,24.0,11.14,18.65
2025-05-08 22:51:11,MODO DC,3.59,24.0,11.14,18.65
2025-05-08 22:51:12,MODO DC,3.59,24.0,11.14,18.65
2025-05-08 22:51:12,MODO DC,3.59,24.0,11.14,18.65
2025-05-08 22:51:12,MODO DC,3.59,24.0,11.14,18.65
2025-05-08 22:51:12,MODO DC,3.59,24.0,11.14,18.65
2025-05-08 22:51:12,MODO DC,3.59,24.0,11.14,18.65
2025-05-08 22:51:12,MODO DC,3.59,24.0,11.14,18.65
2025-05-08 22:51:12,MODO DC,3.59,24.0,11.14,18.65
2025-05-08 22:51:12,MODO DC,3.59,24.0,11.14,18.65
2025-05-08 22:51:12,MODO DC,3.59,24.0,11.14,18.65
2025-05-08 22:51:12,MODO DC,3.59,24.0,11.14,18.65
2025-05-08 22:51:12,MODO DC,3.59,24.0,11.14,18.65
2025-05-08 22:51:12,MODO DC,3.59,24.0,11.14,18.65
2025-05-08 22:51:12,MODO DC,3.59,24.0,11.14,18.65
2025-05-08 22:51:12,MODO DC,3.59,24.0,11.14,18.65
2025-05-08 22:51:12,MODO DC,3.59,24.0,11.14,18.65
2025-05-08 22:51:12,MODO DC,3.59,24.0,11.14,18.65
2025-05-08 22:51:12,MODO DC,3.59,24.0,11.14,18.65
2025-05-08 22:51:12,MODO DC,3.59,24.0,11.14,18.65
2025-05-08 22:51:12,MODO DC,3.59,24.0,11.14,18.65
2025-05-08 22:51:12,MODO DC,3.59,24.0,11.14,18.65
2025-05-08 22:51:12,MODO DC,3.59,24.0,11.14,18.65
2025-05-08 22:51:12,MODO DC,3.59,24.0,11.14,18.65
2025-05-08 22:51:12,MODO DC,3.59,24.0,11.14,18.65
2025-05-08 22:51:12,MODO DC,3.59,24.0,11.14,18.65
2025-05-08 22:51:13,MODO DC,3.59,24.0,11.14,18.65
2025-05-08 22:51:13,MODO DC,3.59,24.0,11.14,18.65
2025-05-08 22:51:13,MODO DC,3.59,24.0,11.14,18.65
2025-05-08 22:51:13,MODO DC,3.59,24.0,11.14,18.65
2025-05-08 22:51:13,MODO DC,3.59,24.0,11.14,18.65
2025-05-08 22:51:13,MODO DC,3.59,24.0,11.14,18.65
2025-05-08 22:51:13,MODO DC,3.59,24.0,11.14,18.65
2025-05-08 22:51:13,MODO DC,3.59,24.0,11.14,18.65
2025-05-08 22:51:13,MODO DC,3.59,24.0,11.14,18.65
2025-05-08 22:51:13,MODO DC,3.59,24.0,11.14,18.65
2025-05-08 22:51:13,MODO DC,3.59,24.0,11.14,18.65
2025-05-08 22:51:13,MODO DC,3.59,24.0,11.14,18.65
2025-05-08 22:51:13,MODO DC,3.59,24.0,11.14,18.65
2025-05-08 22:51:13,MODO DC,3.59,24.0,11.14,18.65
2025-05-08 22:51:13,MODO DC,3.59,24.0,11.14,18.65
2025-05-08 22:51:13,MODO DC,3.59,24.0,11.14,18.65
2025-05-08 22:51:13,MODO DC,3.59,24.0,11.14,18.65
2025-05-08 22:51:13,MODO DC,3.59,24.0,11.14,18.65
2025-05-08 22:51:13,MODO DC,3.59,24.0,11.14,18.65
2025-05-08 22:51:13,MODO DC,3.59,24.0,11.14,18.65
2025-05-08 22:51:13,MODO DC,3.59,24.0,11.14,18.65
2025-05-08 22:51:13,MODO DC,3.59,24.0,11.14,18.65
2025-05-08 22:51:13,MODO DC,3.59,24.0,11.14,18.65
2025-05-08 22:51:13,MODO DC,3.59,24.0,11.14,18.65
2025-05-08 22:51:14,MODO DC,3.59,24.0,11.14,18.65
2025-05-08 22:51:14,MODO DC,3.59,24.0,11.14,18.65
2025-05-08 22:51:14,MODO DC,3.59,24.0,11.14,18.65
2025-05-08 22:51:14,MODO DC,3.59,24.0,11.14,18.65
2025-05-08 22:51:14,MODO DC,3.59,24.0,11.14,18.65
2025-05-08 22:51:14,MODO DC,3.59,24.0,11.14,18.65
2025-05-08 22:51:14,MODO DC,3.59,24.0,11.14,18.65
2025-05-08 22:51:14,MODO DC,3.59,24.0,11.14,18.65
2025-05-08 22:51:14,MODO DC,3.59,24.0,11.14,18.65
2025-05-08 22:51:14,MODO DC,3.59,24.0,11.14,18.65
2025-05-08 22:51:14,MODO DC,3.59,24.0,11.14,18.65
2025-05-08 22:51:14,MODO DC,3.59,24.0,11.14,18.65
2025-05-08 22:51:14,MODO DC,3.59,24.0,11.14,18.65
2025-05-08 22:51:14,MODO DC,3.59,24.0,11.14,18.65
2025-05-08 22:51:14,MODO DC,3.59,24.0,11.14,18.65
2025-05-08 22:51:14,MODO DC,3.59,24.0,11.14,18.65
2025-05-08 22:51:14,MODO DC,3.59,24.0,11.14,18.65
2025-05-08 22:51:14,MODO DC,3.59,24.0,11.14,18.65
2025-05-08 22:51:14,MODO DC,3.59,24.0,11.14,18.65
2025-05-08 22:51:14,MODO DC,3.59,24.0,11.14,18.65
2025-05-08 22:51:14,MODO DC,3.59,24.0,11.14,18.65
2025-05-08 22:51:14,MODO DC,3.59,24.0,11.14,18.65
2025-05-08 22:51:14,MODO DC,3.59,24.0,11.14,18.65
2025-05-08 22:51:14,MODO DC,3.59,24.0,11.14,18.65
2025-05-08 22:51:14,MODO DC,3.59,24.0,11.14,18.65
2025-05-08 22:51:15,MODO DC,3.59,24.0,11.14,18.65
2025-05-08 22:51:15,MODO DC,3.59,24.0,11.14,18.65
2025-05-08 22:51:15,MODO DC,3.59,24.0,11.14,18.65
2025-05-08 22:51:15,MODO DC,3.59,24.0,11.14,18.65
2025-05-08 22:51:15,MODO DC,3.59,24.0,11.14,18.65
2025-05-08 22:51:15,MODO DC,3.59,24.0,11.14,18.65
2025-05-08 22:51:15,MODO DC,3.59,24.0,11.14,18.65
2025-05-08 22:51:15,MODO DC,3.59,24.0,11.14,18.65
2025-05-08 22:51:15,MODO DC,3.59,24.0,11.14,18.65
2025-05-08 22:51:15,MODO DC,3.59,24.0,11.14,18.65
2025-05-08 22:51:15,MODO DC,3.59,24.0,11.14,18.65
2025-05-08 22:51:15,MODO DC,3.59,24.0,11.14,18.65
2025-05-08 22:51:15,MODO DC,3.59,24.0,11.14,18.65
2025-05-08 22:51:15,MODO DC,3.59,24.0,11.14,18.65
2025-05-08 22:51:15,MODO DC,3.59,24.0,11.14,18.65
2025-05-08 22:51:15,MODO DC,3.59,24.0,11.14,18.65
2025-05-08 22:51:15,MODO DC,3.59,24.0,11.14,18.65
2025-05-08 22:51:15,MODO DC,3.59,24.0,11.14,18.65
2025-05-08 22:51:15,MODO DC,3.59,24.0,11.14,18.65
2025-05-08 22:51:15,MODO DC,3.59,24.0,11.14,18.65
2025-05-08 22:51:15,MODO DC,3.59,24.0,11.14,18.65
2025-05-08 22:51:15,MODO DC,3.59,24.0,11.14,18.65
2025-05-08 22:51:15,MODO DC,3.59,24.0,11.14,18.65
2025-05-08 22:51:15,MODO DC,3.59,24.0,11.14,18.65
2025-05-08 22:51:16,MODO DC,3.59,24.0,11.14,18.65
2025-05-08 22:51:16,MODO DC,3.59,24.0,11.14,18.65
2025-05-08 22:51:16,MODO DC,3.59,24.0,11.14,18.65
2025-05-08 22:51:16,MODO DC,3.59,24.0,11.14,18.65
2025-05-08 22:51:16,MODO DC,3.59,24.0,11.14,18.65
2025-05-08 22:51:16,MODO DC,3.59,24.0,11.14,18.65
2025-05-08 22:51:16,MODO DC,3.59,24.0,11.14,18.65
2025-05-08 22:51:16,MODO DC,3.59,24.0,11.14,18.65
2025-05-08 22:51:16,MODO DC,3.59,24.0,11.14,18.65
2025-05-08 22:51:16,MODO DC,3.59,24.0,11.14,18.65
2025-05-08 22:51:16,MODO DC,3.59,24.0,11.14,18.65
2025-05-08 22:51:16,MODO DC,3.59,24.0,11.14,18.65
2025-05-08 22:51:16,MODO DC,3.59,24.0,11.14,18.65
2025-05-08 22:51:16,MODO DC,3.59,24.0,11.14,18.65
2025-05-08 22:51:16,MODO DC,3.59,24.0,11.14,18.65
2025-05-08 22:51:16,MODO DC,3.59,24.0,11.14,18.65
2025-05-08 22:51:16,MODO DC,3.59,24.0,11.14,18.65
2025-05-08 22:51:16,MODO DC,3.59,24.0,11.14,18.65
2025-05-08 22:51:16,MODO DC,3.59,24.0,11.14,18.65
2025-05-08 22:51:16,MODO DC,3.59,24.0,11.14,18.65
2025-05-08 22:51:16,MODO DC,3.59,24.0,11.14,18.65
2025-05-08 22:51:16,MODO DC,3.59,24.0,11.14,18.65
2025-05-08 22:51:17,MODO DC,3.59,24.0,11.14,18.65
2025-05-08 22:51:17,MODO DC,3.59,24.0,11.14,18.65
2025-05-08 22:51:17,MODO DC,3.59,24.0,11.14,18.65
2025-05-08 22:51:17,MODO DC,3.59,24.0,11.14,18.65
2025-05-08 22:51:17,MODO DC,3.59,24.0,11.14,18.65
2025-05-08 22:51:17,MODO DC,3.59,24.0,11.14,18.65
2025-05-08 22:51:17,MODO DC,3.59,24.0,11.14,18.65
2025-05-08 22:51:17,MODO DC,3.59,24.0,11.14,18.65
2025-05-08 22:51:17,MODO DC,3.59,24.0,11.14,18.65
2025-05-08 22:51:17,MODO DC,3.59,24.0,11.14,18.65
2025-05-08 22:51:17,MODO DC,3.59,24.0,11.14,18.65
2025-05-08 22:51:17,MODO DC,3.59,24.0,11.14,18.65
2025-05-08 22:51:17,MODO DC,3.59,24.0,11.14,18.65
2025-05-08 22:51:17,MODO DC,3.59,24.0,11.14,18.65
2025-05-08 22:51:17,MODO DC,3.59,24.0,11.14,18.65
2025-05-08 22:51:17,MODO DC,3.59,24.0,11.14,18.65
2025-05-08 22:51:17,MODO DC,3.59,24.0,11.14,18.65
2025-05-08 22:51:17,MODO DC,3.59,24.0,11.14,18.65
2025-05-08 22:51:17,MODO DC,3.59,24.0,11.14,18.65
2025-05-08 22:51:17,MODO DC,3.59,24.0,11.14,18.65
2025-05-08 22:51:17,MODO DC,3.59,24.0,11.14,18.65
2025-05-08 22:51:17,MODO DC,3.59,24.0,11.14,18.65
2025-05-08 22:51:17,MODO DC,3.59,24.0,11.14,18.65
2025-05-08 22:51:17,MODO DC,3.59,24.0,11.14,18.65
2025-05-08 22:51:18,MODO DC,3.59,24.0,11.14,18.65
2025-05-08 22:51:18,MODO DC,3.59,24.0,11.14,18.65
2025-05-08 22:51:18,MODO DC,3.59,24.0,11.14,18.65
2025-05-08 22:51:18,MODO DC,3.59,24.0,11.14,18.65
2025-05-08 22:51:18,MODO DC,3.59,24.0,11.14,18.65
2025-05-08 22:51:18,MODO DC,3.59,24.0,11.14,18.65
2025-05-08 22:51:18,MODO DC,3.59,24.0,11.14,18.65
2025-05-08 22:51:18,MODO DC,3.59,24.0,11.14,18.65
2025-05-08 22:51:18,MODO DC,3.59,24.0,11.14,18.65
2025-05-08 22:51:18,MODO DC,3.59,24.0,11.14,18.65
2025-05-08 22:51:18,MODO DC,3.59,24.0,11.14,18.65
2025-05-08 22:51:18,MODO DC,3.59,24.0,11.14,18.65
2025-05-08 22:51:18,MODO DC,3.59,24.0,11.14,18.65
2025-05-08 22:51:18,MODO DC,3.59,24.0,11.14,18.65
2025-05-08 22:51:18,MODO DC,3.59,24.0,11.14,18.65
2025-05-08 22:51:18,MODO DC,3.59,24.0,11.14,18.65
2025-05-08 22:51:18,MODO DC,3.59,24.0,11.14,18.65
2025-05-08 22:51:18,MODO DC,3.59,24.0,11.14,18.65
2025-05-08 22:51:18,MODO DC,3.59,24.0,11.14,18.65
2025-05-08 22:51:18,MODO DC,3.59,24.0,11.14,18.65
2025-05-08 22:51:18,MODO DC,3.59,24.0,11.14,18.65
2025-05-08 22:51:18,MODO DC,3.59,24.0,11.14,18.65
2025-05-08 22:51:18,MODO DC,3.59,24.0,11.14,18.65
2025-05-08 22:51:18,MODO DC,3.59,24.0,11.14,18.65
2025-05-08 22:51:18,MODO DC,3.59,24.0,11.14,18.65
2025-05-08 22:51:19,MODO DC,3.59,24.0,11.14,18.65
2025-05-08 22:51:19,MODO DC,3.59,24.0,11.14,18.65
2025-05-08 22:51:19,MODO DC,3.59,24.0,11.14,18.65
2025-05-08 22:51:19,MODO DC,3.59,24.0,11.14,18.65
2025-05-08 22:51:19,MODO DC,3.59,24.0,11.14,18.65
2025-05-08 22:51:19,MODO DC,3.59,24.0,11.14,18.65
2025-05-08 22:51:19,MODO DC,3.59,24.0,11.14,18.65
2025-05-08 22:51:19,MODO DC,3.59,24.0,11.14,18.65
2025-05-08 22:51:19,MODO DC,3.59,24.0,11.14,18.65
2025-05-08 22:51:19,MODO DC,3.59,24.0,11.14,18.65
2025-05-08 22:51:19,MODO DC,3.59,24.0,11.14,18.65
2025-05-08 22:51:19,MODO DC,3.59,24.0,11.14,18.65
2025-05-08 22:51:19,MODO DC,3.59,24.0,11.14,18.65
2025-05-08 22:51:19,MODO DC,3.59,24.0,11.14,18.65
2025-05-08 22:51:19,MODO DC,3.59,24.0,11.14,18.65
2025-05-08 22:51:19,MODO DC,3.59,24.0,11.14,18.65
2025-05-08 22:51:19,MODO DC,3.59,24.0,11.14,18.65
2025-05-08 22:51:19,MODO DC,3.59,24.0,11.14,18.65
2025-05-08 22:51:19,MODO DC,3.59,24.0,11.14,18.65
2025-05-08 22:51:19,MODO DC,3.59,24.0,11.14,18.65
2025-05-08 22:51:19,MODO DC,3.59,24.0,11.14,18.65
2025-05-08 22:51:19,MODO DC,3.59,24.0,11.14,18.65
2025-05-08 22:51:19,MODO DC,3.59,24.0,11.14,18.65
2025-05-08 22:51:20,MODO DC,3.59,24.0,11.14,18.65
2025-05-08 22:51:20,MODO DC,3.59,24.0,11.14,18.65
2025-05-08 22:51:20,MODO DC,3.59,24.0,11.14,18.65
2025-05-08 22:51:20,MODO DC,3.59,24.0,11.14,18.65
2025-05-08 22:51:20,MODO DC,3.59,24.0,11.14,18.65
2025-05-08 22:51:20,MODO DC,3.59,24.0,11.14,18.65
2025-05-08 22:51:20,MODO DC,3.59,24.0,11.14,18.65
2025-05-08 22:51:20,MODO DC,3.59,24.0,11.14,18.65
2025-05-08 22:51:20,MODO DC,3.59,24.0,11.14,18.65
2025-05-08 22:51:20,MODO DC,3.59,24.0,11.14,18.65
2025-05-08 22:51:20,MODO DC,3.59,24.0,11.14,18.65
2025-05-08 22:51:20,MODO DC,3.59,24.0,11.14,18.65
2025-05-08 22:51:20,MODO DC,3.59,24.0,11.14,18.65
2025-05-08 22:51:20,MODO DC,3.59,24.0,11.14,18.65
2025-05-08 22:51:20,MODO DC,3.59,24.0,11.14,18.65
2025-05-08 22:51:20,MODO DC,3.59,24.0,11.14,18.65
2025-05-08 22:51:20,MODO DC,3.59,24.0,11.14,18.65
2025-05-08 22:51:20,MODO DC,3.59,24.0,11.14,18.65
2025-05-08 22:51:20,MODO DC,3.59,24.0,11.14,18.65
2025-05-08 22:51:20,MODO DC,3.59,24.0,11.14,18.65
2025-05-08 22:51:20,MODO DC,3.59,24.0,11.14,18.65
2025-05-08 22:51:20,MODO DC,3.59,24.0,11.14,18.65
2025-05-08 22:51:20,MODO DC,3.59,24.0,11.14,18.65
2025-05-08 22:51:21,MODO DC,3.59,24.0,11.14,18.65
2025-05-08 22:51:21,MODO DC,3.59,24.0,11.14,18.65
2025-05-08 22:51:21,MODO DC,3.59,24.0,11.14,18.65
2025-05-08 22:51:21,MODO DC,3.59,24.0,11.14,18.65
2025-05-08 22:51:21,MODO DC,3.59,24.0,11.14,18.65
2025-05-08 22:51:21,MODO DC,3.59,24.0,11.14,18.65
2025-05-08 22:51:21,MODO DC,3.59,24.0,11.14,18.65
2025-05-08 22:51:21,MODO DC,3.59,24.0,11.14,18.65
2025-05-08 22:51:21,MODO DC,3.59,24.0,11.14,18.65
2025-05-08 22:51:21,MODO DC,3.59,24.0,11.14,18.65
2025-05-08 22:51:21,MODO DC,3.59,24.0,11.14,18.65
2025-05-08 22:51:21,MODO DC,3.59,24.0,11.14,18.65
2025-05-08 22:51:21,MODO DC,3.59,24.0,11.14,18.65
2025-05-08 22:51:21,MODO DC,3.59,24.0,11.14,18.65
2025-05-08 22:51:21,MODO DC,3.59,24.0,11.14,18.65
2025-05-08 22:51:21,MODO DC,3.59,24.0,11.14,18.65
2025-05-08 22:51:21,MODO DC,3.59,24.0,11.14,18.65
2025-05-08 22:51:21,MODO DC,3.59,24.0,11.14,18.65
2025-05-08 22:51:21,MODO DC,3.59,24.0,11.14,18.65
2025-05-08 22:51:21,MODO DC,3.59,24.0,11.14,18.65
2025-05-08 22:51:21,MODO DC,3.59,24.0,11.14,18.65
2025-05-08 22:51:21,MODO DC,3.59,24.0,11.14,18.65
2025-05-08 22:51:21,MODO DC,3.59,24.0,11.14,18.65
2025-05-08 22:51:21,MODO DC,3.59,24.0,11.14,18.65
2025-05-08 22:51:22,MODO DC,3.59,24.0,11.14,18.65
2025-05-08 22:51:22,MODO DC,3.59,24.0,11.14,18.65
2025-05-08 22:51:22,MODO DC,3.59,24.0,11.14,18.65
2025-05-08 22:51:22,MODO DC,3.59,24.0,11.14,18.65
2025-05-08 22:51:22,MODO DC,3.59,24.0,11.14,18.65
2025-05-08 22:51:22,MODO DC,3.59,24.0,11.14,18.65
2025-05-08 22:51:22,MODO DC,3.59,24.0,11.14,18.65
2025-05-08 22:51:22,MODO DC,3.59,24.0,11.14,18.65
2025-05-08 22:51:22,MODO DC,3.59,24.0,11.14,18.65
2025-05-08 22:51:22,MODO DC,3.59,24.0,11.14,18.65
2025-05-08 22:51:22,MODO DC,3.59,24.0,11.14,18.65
2025-05-08 22:51:22,MODO DC,3.59,24.0,11.14,18.65
2025-05-08 22:51:22,MODO DC,3.59,24.0,11.14,18.65
2025-05-08 22:51:22,MODO DC,3.59,24.0,11.14,18.65
2025-05-08 22:51:22,MODO DC,3.59,24.0,11.14,18.65
2025-05-08 22:51:22,MODO DC,3.59,24.0,11.14,18.65
2025-05-08 22:51:22,MODO DC,3.59,24.0,11.14,18.65
2025-05-08 22:51:22,MODO DC,3.59,24.0,11.14,18.65
2025-05-08 22:51:22,MODO DC,3.59,24.0,11.14,18.65
2025-05-08 22:51:22,MODO DC,3.59,24.0,11.14,18.65
2025-05-08 22:51:22,MODO DC,3.59,24.0,11.14,18.65
2025-05-08 22:51:22,MODO DC,3.59,24.0,11.14,18.65
2025-05-08 22:51:22,MODO DC,3.59,24.0,11.14,18.65
2025-05-08 22:51:22,MODO DC,3.59,24.0,11.14,18.65
2025-05-08 22:51:22,MODO DC,3.59,24.0,11.14,18.65
2025-05-08 22:51:23,MODO DC,3.59,24.0,11.14,18.65
2025-05-08 22:51:23,MODO DC,3.59,24.0,11.14,18.65
2025-05-08 22:51:23,MODO DC,3.59,24.0,11.14,18.65
2025-05-08 22:51:23,MODO DC,3.59,24.0,11.14,18.65
2025-05-08 22:51:23,MODO DC,3.59,24.0,11.14,18.65
2025-05-08 22:51:23,MODO DC,3.59,24.0,11.14,18.65
2025-05-08 22:51:23,MODO DC,3.59,24.0,11.14,18.65
2025-05-08 22:51:23,MODO DC,3.59,24.0,11.14,18.65
2025-05-08 22:51:23,MODO DC,3.59,24.0,11.14,18.65
2025-05-08 22:51:23,MODO DC,3.59,24.0,11.14,18.65
2025-05-08 22:51:23,MODO DC,3.59,24.0,11.14,18.65
2025-05-08 22:51:23,MODO DC,3.59,24.0,11.14,18.65
2025-05-08 22:51:23,MODO DC,3.59,24.0,11.14,18.65
2025-05-08 22:51:23,MODO DC,3.59,24.0,11.14,18.65
2025-05-08 22:51:23,MODO DC,3.59,24.0,11.14,18.65
2025-05-08 22:51:23,MODO DC,3.59,24.0,11.14,18.65
2025-05-08 22:51:23,MODO DC,3.59,24.0,11.14,18.65
2025-05-08 22:51:23,MODO DC,3.59,24.0,11.14,18.65
2025-05-08 22:51:23,MODO DC,3.59,24.0,11.14,18.65
2025-05-08 22:51:23,MODO DC,3.59,24.0,11.14,18.65
2025-05-08 22:51:23,MODO DC,3.59,24.0,11.14,18.65
2025-05-08 22:51:23,MODO DC,3.59,24.0,11.14,18.65
2025-05-08 22:51:23,MODO DC,3.59,24.0,11.14,18.65
2025-05-08 22:51:23,MODO DC,3.59,24.0,11.14,18.65
2025-05-08 22:51:24,MODO DC,3.59,24.0,11.14,18.65
2025-05-08 22:51:24,MODO DC,3.59,24.0,11.14,18.65
2025-05-08 22:51:24,MODO DC,3.59,24.0,11.14,18.65
2025-05-08 22:51:24,MODO DC,3.59,24.0,11.14,18.65
2025-05-08 22:51:24,MODO DC,3.59,24.0,11.14,18.65
2025-05-08 22:51:24,MODO DC,3.59,24.0,11.14,18.65
2025-05-08 22:51:24,MODO DC,3.59,24.0,11.14,18.65
2025-05-08 22:51:24,MODO DC,3.59,24.0,11.14,18.65
2025-05-08 22:51:24,MODO DC,3.59,24.0,11.14,18.65
2025-05-08 22:51:24,MODO DC,3.59,24.0,11.14,18.65
2025-05-08 22:51:24,MODO DC,3.59,24.0,11.14,18.65
2025-05-08 22:51:24,MODO DC,3.59,24.0,11.14,18.65
2025-05-08 22:51:24,MODO DC,3.59,24.0,11.14,18.65
2025-05-08 22:51:24,MODO DC,3.59,24.0,11.14,18.65
2025-05-08 22:51:24,MODO DC,3.59,24.0,11.14,18.65
2025-05-08 22:51:24,MODO DC,3.59,24.0,11.14,18.65
2025-05-08 22:51:24,MODO DC,3.59,24.0,11.14,18.65
2025-05-08 22:51:24,MODO DC,3.59,24.0,11.14,18.65
2025-05-08 22:51:24,MODO DC,3.59,24.0,11.14,18.65
2025-05-08 22:51:24,MODO DC,3.59,24.0,11.14,18.65
2025-05-08 22:51:24,MODO DC,3.59,24.0,11.14,18.65
2025-05-08 22:51:24,MODO DC,3.59,24.0,11.14,18.65
2025-05-08 22:51:24,MODO DC,3.59,24.0,11.14,18.65
2025-05-08 22:51:25,MODO DC,3.59,24.0,11.14,18.65
2025-05-08 22:51:25,MODO DC,3.59,24.0,11.14,18.65
2025-05-08 22:51:25,MODO DC,3.59,24.0,11.14,18.65
2025-05-08 22:51:25,MODO DC,3.59,24.0,11.14,18.65
2025-05-08 22:51:25,MODO DC,3.59,24.0,11.14,18.65
2025-05-08 22:51:25,MODO DC,3.59,24.0,11.14,18.65
2025-05-08 22:51:25,MODO DC,3.59,24.0,11.14,18.65
2025-05-08 22:51:25,MODO DC,3.59,24.0,11.14,18.65
2025-05-08 22:51:25,MODO DC,3.59,24.0,11.14,18.65
2025-05-08 22:51:25,MODO DC,3.59,24.0,11.14,18.65
2025-05-08 22:51:25,MODO DC,3.59,24.0,11.14,18.65
2025-05-08 22:51:25,MODO DC,3.59,24.0,11.14,18.65
2025-05-08 22:51:25,MODO DC,3.59,24.0,11.14,18.65
2025-05-08 22:51:25,MODO DC,3.59,24.0,11.14,18.65
2025-05-08 22:51:25,MODO DC,3.59,24.0,11.14,18.65
2025-05-08 22:51:25,MODO DC,3.59,24.0,11.14,18.65
2025-05-08 22:51:25,MODO DC,3.59,24.0,11.14,18.65
2025-05-08 22:51:25,MODO DC,3.59,24.0,11.14,18.65
2025-05-08 22:51:25,MODO DC,3.59,24.0,11.14,18.65
2025-05-08 22:51:25,MODO DC,3.59,24.0,11.14,18.65
2025-05-08 22:51:25,MODO DC,3.59,24.0,11.14,18.65
2025-05-08 22:51:25,MODO DC,3.59,24.0,11.14,18.65
2025-05-08 22:51:25,MODO DC,3.59,24.0,11.14,18.65
2025-05-08 22:51:25,MODO DC,3.59,24.0,11.14,18.65
2025-05-08 22:51:26,MODO DC,3.59,24.0,11.14,18.65
2025-05-08 22:51:26,MODO DC,3.59,24.0,11.14,18.65
2025-05-08 22:51:26,MODO DC,3.59,24.0,11.14,18.65
2025-05-08 22:51:26,MODO DC,3.59,24.0,11.14,18.65
2025-05-08 22:51:26,MODO DC,3.59,24.0,11.14,18.65
2025-05-08 22:51:26,MODO DC,3.59,24.0,11.14,18.65
2025-05-08 22:51:26,MODO DC,3.59,24.0,11.14,18.65
2025-05-08 22:51:26,MODO DC,3.59,24.0,11.14,18.65
2025-05-08 22:51:26,MODO DC,3.59,24.0,11.14,18.65
2025-05-08 22:51:26,MODO DC,3.59,24.0,11.14,18.65
2025-05-08 22:51:26,MODO DC,3.59,24.0,11.14,18.65
2025-05-08 22:51:26,MODO DC,3.59,24.0,11.14,18.65
2025-05-08 22:51:26,MODO DC,3.59,24.0,11.14,18.65
2025-05-08 22:51:26,MODO DC,3.59,24.0,11.14,18.65
2025-05-08 22:51:26,MODO DC,3.59,24.0,11.14,18.65
2025-05-08 22:51:26,MODO DC,3.59,24.0,11.14,18.65
2025-05-08 22:51:26,MODO DC,3.59,24.0,11.14,18.65
2025-05-08 22:51:27,MODO DC,3.59,24.0,11.14,18.65
2025-05-08 22:51:27,MODO DC,3.59,24.0,11.14,18.65
2025-05-08 22:51:27,MODO DC,3.59,24.0,11.14,18.65
2025-05-08 22:51:27,MODO DC,3.59,24.0,11.14,18.65
2025-05-08 22:51:27,MODO DC,3.59,24.0,11.14,18.65
2025-05-08 22:51:27,MODO DC,3.59,24.0,11.14,18.65
2025-05-08 22:51:27,MODO DC,3.59,24.0,11.14,18.65
2025-05-08 22:51:27,MODO DC,3.59,24.0,11.14,18.65
2025-05-08 22:51:27,MODO DC,3.59,24.0,11.14,18.65
2025-05-08 22:51:27,MODO DC,3.59,24.0,11.14,18.65
2025-05-08 22:51:27,MODO DC,3.59,24.0,11.14,18.65
2025-05-08 22:51:27,MODO DC,3.59,24.0,11.14,18.65
2025-05-08 22:51:27,MODO DC,3.59,24.0,11.14,18.65
2025-05-08 22:51:27,MODO DC,3.59,24.0,11.14,18.65
2025-05-08 22:51:27,MODO DC,3.59,24.0,11.14,18.65
2025-05-08 22:51:27,MODO DC,3.59,24.0,11.14,18.65
2025-05-08 22:51:27,MODO DC,3.59,24.0,11.14,18.65
2025-05-08 22:51:27,MODO DC,3.59,24.0,11.14,18.65
2025-05-08 22:51:27,MODO DC,3.59,24.0,11.14,18.65
2025-05-08 22:51:27,MODO DC,3.59,24.0,11.14,18.65
2025-05-08 22:51:27,MODO DC,3.59,24.0,11.14,18.65
2025-05-08 22:51:27,MODO DC,3.59,24.0,11.14,18.65
2025-05-08 22:51:27,MODO DC,3.59,24.0,11.14,18.65
2025-05-08 22:51:27,MODO DC,3.59,24.0,11.14,18.65
2025-05-08 22:51:28,MODO DC,3.59,24.0,11.14,18.65
2025-05-08 22:51:28,MODO DC,3.59,24.0,11.14,18.65
2025-05-08 22:51:28,MODO DC,3.59,24.0,11.14,18.65
2025-05-08 22:51:28,MODO DC,3.59,24.0,11.14,18.65
2025-05-08 22:51:28,MODO DC,3.59,24.0,11.14,18.65
2025-05-08 22:51:28,MODO DC,3.59,24.0,11.14,18.65
2025-05-08 22:51:28,MODO DC,3.59,24.0,11.14,18.65
2025-05-08 22:51:28,MODO DC,3.59,24.0,11.14,18.65
2025-05-08 22:51:28,MODO DC,3.59,24.0,11.14,18.65
2025-05-08 22:51:28,MODO DC,3.59,24.0,11.14,18.65
2025-05-08 22:51:28,MODO DC,3.59,24.0,11.14,18.65
2025-05-08 22:51:28,MODO DC,3.59,24.0,11.14,18.65
2025-05-08 22:51:28,MODO DC,3.59,24.0,11.14,18.65
2025-05-08 22:51:28,MODO DC,3.59,24.0,11.14,18.65
2025-05-08 22:51:28,MODO DC,3.59,24.0,11.14,18.65
2025-05-08 22:51:28,MODO DC,3.59,24.0,11.14,18.65
2025-05-08 22:51:28,MODO DC,3.59,24.0,11.14,18.65
2025-05-08 22:51:28,MODO DC,3.59,24.0,11.14,18.65
2025-05-08 22:51:28,MODO DC,3.59,24.0,11.14,18.65
2025-05-08 22:51:28,MODO DC,3.59,24.0,11.14,18.65
2025-05-08 22:51:28,MODO DC,3.59,24.0,11.14,18.65
2025-05-08 22:51:28,MODO DC,3.59,24.0,11.14,18.65
2025-05-08 22:51:28,MODO DC,3.59,24.0,11.14,18.65
2025-05-08 22:51:28,MODO DC,3.59,24.0,11.14,18.65
2025-05-08 22:51:28,MODO DC,3.59,24.0,11.14,18.65
2025-05-08 22:51:29,MODO DC,3.59,24.0,11.14,18.65
2025-05-08 22:51:29,MODO DC,3.59,24.0,11.14,18.65
2025-05-08 22:51:29,MODO DC,3.59,24.0,11.14,18.65
2025-05-08 22:51:29,MODO DC,3.59,24.0,11.14,18.65
2025-05-08 22:51:29,MODO DC,3.59,24.0,11.14,18.65
2025-05-08 22:51:29,MODO DC,3.59,24.0,11.14,18.65
2025-05-08 22:51:29,MODO DC,3.59,24.0,11.14,18.65
2025-05-08 22:51:29,MODO DC,3.59,24.0,11.14,18.65
2025-05-08 22:51:29,MODO DC,3.59,24.0,11.14,18.65
2025-05-08 22:51:29,MODO DC,3.59,24.0,11.14,18.65
2025-05-08 22:51:29,MODO DC,3.59,24.0,11.14,18.65
2025-05-08 22:51:29,MODO DC,3.59,24.0,11.14,18.65
2025-05-08 22:51:29,MODO DC,3.59,24.0,11.14,18.65
2025-05-08 22:51:29,MODO DC,3.59,24.0,11.14,18.65
2025-05-08 22:51:29,MODO DC,3.59,24.0,11.14,18.65
2025-05-08 22:51:29,MODO DC,3.59,24.0,11.14,18.65
2025-05-08 22:51:29,MODO DC,3.59,24.0,11.14,18.65
2025-05-08 22:51:29,MODO DC,3.59,24.0,11.14,18.65
2025-05-08 22:51:29,MODO DC,3.59,24.0,11.14,18.65
2025-05-08 22:51:29,MODO DC,3.59,24.0,11.14,18.65
2025-05-08 22:51:29,MODO DC,3.59,24.0,11.14,18.65
2025-05-08 22:51:29,MODO DC,3.59,24.0,11.14,18.65
2025-05-08 22:51:29,MODO DC,3.59,24.0,11.14,18.65
2025-05-08 22:51:29,MODO DC,3.59,24.0,11.14,18.65
2025-05-08 22:51:30,MODO DC,3.59,24.0,11.14,18.65
2025-05-08 22:51:30,MODO DC,3.59,24.0,11.14,18.65
2025-05-08 22:51:30,MODO DC,3.59,24.0,11.14,18.65
2025-05-08 22:51:30,MODO DC,3.59,24.0,11.14,18.65
2025-05-08 22:51:30,MODO DC,3.59,24.0,11.14,18.65
2025-05-08 22:51:30,MODO DC,3.59,24.0,11.14,18.65
2025-05-08 22:51:30,MODO DC,3.59,24.0,11.14,18.65
2025-05-08 22:51:30,MODO DC,3.59,24.0,11.14,18.65
2025-05-08 22:51:30,MODO DC,3.59,24.0,11.14,18.65
2025-05-08 22:51:30,MODO DC,3.59,24.0,11.14,18.65
2025-05-08 22:51:30,MODO DC,3.59,24.0,11.14,18.65
2025-05-08 22:51:30,MODO DC,3.59,24.0,11.14,18.65
2025-05-08 22:51:30,MODO DC,3.59,24.0,11.14,18.65
2025-05-08 22:51:30,MODO DC,3.59,24.0,11.14,18.65
2025-05-08 22:51:30,MODO DC,3.59,24.0,11.14,18.65
2025-05-08 22:51:30,MODO DC,3.59,24.0,11.14,18.65
2025-05-08 22:51:30,MODO DC,3.59,24.0,11.14,18.65
2025-05-08 22:51:30,MODO DC,3.59,24.0,11.14,18.65
2025-05-08 22:51:30,MODO DC,3.59,24.0,11.14,18.65
2025-05-08 22:51:30,MODO DC,3.59,24.0,11.14,18.65
2025-05-08 22:51:30,MODO DC,3.59,24.0,11.14,18.65
2025-05-08 22:51:30,MODO DC,3.59,24.0,11.14,18.65
2025-05-08 22:51:30,MODO DC,3.59,24.0,11.14,18.65
2025-05-08 22:51:30,MODO DC,3.59,24.0,11.14,18.65
2025-05-08 22:51:31,MODO DC,3.59,24.0,11.14,18.65
2025-05-08 22:51:31,MODO DC,3.59,24.0,11.14,18.65
2025-05-08 22:51:31,MODO DC,3.59,24.0,11.14,18.65
2025-05-08 22:51:31,MODO DC,3.59,24.0,11.14,18.65
2025-05-08 22:51:31,MODO DC,3.59,24.0,11.14,18.65
2025-05-08 22:51:31,MODO DC,3.59,24.0,11.14,18.65
2025-05-08 22:51:31,MODO DC,3.59,24.0,11.14,18.65
2025-05-08 22:51:31,MODO DC,3.59,24.0,11.14,18.65
2025-05-08 22:51:31,MODO DC,3.59,24.0,11.14,18.65
2025-05-08 22:51:31,MODO DC,3.59,24.0,11.14,18.65
2025-05-08 22:51:31,MODO DC,3.59,24.0,11.14,18.65
2025-05-08 22:51:31,MODO DC,3.59,24.0,11.14,18.65
2025-05-08 22:51:31,MODO DC,3.59,24.0,11.14,18.65
2025-05-08 22:51:31,MODO DC,3.59,24.0,11.14,18.65
2025-05-08 22:51:31,MODO DC,3.59,24.0,11.14,18.65
2025-05-08 22:51:31,MODO DC,3.59,24.0,11.14,18.65
2025-05-08 22:51:31,MODO DC,3.59,24.0,11.14,18.65
2025-05-08 22:51:31,MODO DC,3.59,24.0,11.14,18.65
2025-05-08 22:51:31,MODO DC,3.59,24.0,11.14,18.65
2025-05-08 22:51:31,MODO DC,3.59,24.0,11.14,18.65
2025-05-08 22:51:31,MODO DC,3.59,24.0,11.14,18.65
2025-05-08 22:51:32,MODO DC,3.59,24.0,11.14,18.65
2025-05-08 22:51:32,MODO DC,3.59,24.0,11.14,18.65
2025-05-08 22:51:32,MODO DC,3.59,24.0,11.14,18.65
2025-05-08 22:51:32,MODO DC,3.59,24.0,11.14,18.65
2025-05-08 22:51:32,MODO DC,3.59,24.0,11.14,18.65
2025-05-08 22:51:32,MODO DC,3.59,24.0,11.14,18.65
2025-05-08 22:51:32,MODO DC,3.59,24.0,11.14,18.65
2025-05-08 22:51:32,MODO DC,3.59,24.0,11.14,18.65
2025-05-08 22:51:32,MODO DC,3.59,24.0,11.14,18.65
2025-05-08 22:51:32,MODO DC,3.59,24.0,11.14,18.65
2025-05-08 22:51:32,MODO DC,3.59,24.0,11.14,18.65
2025-05-08 22:51:32,MODO DC,3.59,24.0,11.14,18.65
2025-05-08 22:51:32,MODO DC,3.59,24.0,11.14,18.65
2025-05-08 22:51:32,MODO DC,3.59,24.0,11.14,18.65
2025-05-08 22:51:32,MODO DC,3.59,24.0,11.14,18.65
2025-05-08 22:51:32,MODO DC,3.59,24.0,11.14,18.65
2025-05-08 22:51:32,MODO DC,3.59,24.0,11.14,18.65
2025-05-08 22:51:32,MODO DC,3.59,24.0,11.14,18.65
2025-05-08 22:51:32,MODO DC,3.59,24.0,11.14,18.65
2025-05-08 22:51:32,MODO DC,3.59,24.0,11.14,18.65
2025-05-08 22:51:32,MODO DC,3.59,24.0,11.14,18.65
2025-05-08 22:51:32,MODO DC,3.59,24.0,11.14,18.65
2025-05-08 22:51:32,MODO DC,3.59,24.0,11.14,18.65
2025-05-08 22:51:33,MODO DC,3.59,24.0,11.14,18.65
2025-05-08 22:51:33,MODO DC,3.59,24.0,11.14,18.65
2025-05-08 22:51:33,MODO DC,3.59,24.0,11.14,18.65
2025-05-08 22:51:33,MODO DC,3.59,24.0,11.14,18.65
2025-05-08 22:51:33,MODO DC,3.59,24.0,11.14,18.65
2025-05-08 22:51:33,MODO DC,3.59,24.0,11.14,18.65
2025-05-08 22:51:33,MODO DC,3.59,24.0,11.14,18.65
2025-05-08 22:51:33,MODO DC,3.59,24.0,11.14,18.65
2025-05-08 22:51:33,MODO DC,3.59,24.0,11.14,18.65
2025-05-08 22:51:33,MODO DC,3.59,24.0,11.14,18.65
2025-05-08 22:51:33,MODO DC,3.59,24.0,11.14,18.65
2025-05-08 22:51:33,MODO DC,3.59,24.0,11.14,18.65
2025-05-08 22:51:33,MODO DC,3.59,24.0,11.14,18.65
2025-05-08 22:51:33,MODO DC,3.59,24.0,11.14,18.65
2025-05-08 22:51:33,MODO DC,3.59,24.0,11.14,18.65
2025-05-08 22:51:33,MODO DC,3.59,24.0,11.14,18.65
2025-05-08 22:51:33,MODO DC,3.59,24.0,11.14,18.65
2025-05-08 22:51:33,MODO DC,3.59,24.0,11.14,18.65
2025-05-08 22:51:33,MODO DC,3.59,24.0,11.14,18.65
2025-05-08 22:51:33,MODO DC,3.59,24.0,11.14,18.65
2025-05-08 22:51:33,MODO DC,3.59,24.0,11.14,18.65
2025-05-08 22:51:33,MODO DC,3.59,24.0,11.14,18.65
2025-05-08 22:51:33,MODO DC,3.59,24.0,11.14,18.65
2025-05-08 22:51:33,MODO DC,3.59,24.0,11.14,18.65
2025-05-08 22:51:34,MODO DC,3.59,24.0,11.14,18.65
2025-05-08 22:51:34,MODO DC,3.59,24.0,11.14,18.65
2025-05-08 22:51:34,MODO DC,3.59,24.0,11.14,18.65
2025-05-08 22:51:34,MODO DC,3.59,24.0,11.14,18.65
2025-05-08 22:51:34,MODO DC,3.59,24.0,11.14,18.65
2025-05-08 22:51:34,MODO DC,3.59,24.0,11.14,18.65
2025-05-08 22:51:34,MODO DC,3.59,24.0,11.14,18.65
2025-05-08 22:51:34,MODO DC,3.59,24.0,11.14,18.65
2025-05-08 22:51:34,MODO DC,3.59,24.0,11.14,18.65
2025-05-08 22:51:34,MODO DC,3.59,24.0,11.14,18.65
2025-05-08 22:51:34,MODO DC,3.59,24.0,11.14,18.65
2025-05-08 22:51:34,MODO DC,3.59,24.0,11.14,18.65
2025-05-08 22:51:34,MODO DC,3.59,24.0,11.14,18.65
2025-05-08 22:51:34,MODO DC,3.59,24.0,11.14,18.65
2025-05-08 22:51:34,MODO DC,3.59,24.0,11.14,18.65
2025-05-08 22:51:34,MODO DC,3.59,24.0,11.14,18.65
2025-05-08 22:51:34,MODO DC,3.59,24.0,11.14,18.65
2025-05-08 22:51:34,MODO DC,3.59,24.0,11.14,18.65
2025-05-08 22:51:34,MODO DC,3.59,24.0,11.14,18.65
2025-05-08 22:51:34,MODO DC,3.59,24.0,11.14,18.65
2025-05-08 22:51:34,MODO DC,3.59,24.0,11.14,18.65
2025-05-08 22:51:34,MODO DC,3.59,24.0,11.14,18.65
2025-05-08 22:51:34,MODO DC,3.59,24.0,11.14,18.65
2025-05-08 22:51:34,MODO DC,3.59,24.0,11.14,18.65
2025-05-08 22:51:35,MODO DC,3.59,24.0,11.14,18.65
2025-05-08 22:51:35,MODO DC,3.59,24.0,11.14,18.65
2025-05-08 22:51:35,MODO DC,3.59,24.0,11.14,18.65
2025-05-08 22:51:35,MODO DC,3.59,24.0,11.14,18.65
2025-05-08 22:51:35,MODO DC,3.59,24.0,11.14,18.65
2025-05-08 22:51:35,MODO DC,3.59,24.0,11.14,18.65
2025-05-08 22:51:35,MODO DC,3.59,24.0,11.14,18.65
2025-05-08 22:51:35,MODO DC,3.59,24.0,11.14,18.65
2025-05-08 22:51:35,MODO DC,3.59,24.0,11.14,18.65
2025-05-08 22:51:35,MODO DC,3.59,24.0,11.14,18.65
2025-05-08 22:51:35,MODO DC,3.59,24.0,11.14,18.65
2025-05-08 22:51:35,MODO DC,3.59,24.0,11.14,18.65
2025-05-08 22:51:35,MODO DC,3.59,24.0,11.14,18.65
2025-05-08 22:51:35,MODO DC,3.59,24.0,11.14,18.65
2025-05-08 22:51:35,MODO DC,3.59,24.0,11.14,18.65
2025-05-08 22:51:35,MODO DC,3.59,24.0,11.14,18.65
2025-05-08 22:51:35,MODO DC,3.59,24.0,11.14,18.65
2025-05-08 22:51:35,MODO DC,3.59,24.0,11.14,18.65
2025-05-08 22:51:35,MODO DC,3.59,24.0,11.14,18.65
2025-05-08 22:51:35,MODO DC,3.59,24.0,11.14,18.65
2025-05-08 22:51:35,MODO DC,3.59,24.0,11.14,18.65
2025-05-08 22:51:35,MODO DC,3.59,24.0,11.14,18.65
2025-05-08 22:51:35,MODO DC,3.59,24.0,11.14,18.65
2025-05-08 22:51:35,MODO DC,3.59,24.0,11.14,18.65
2025-05-08 22:51:36,MODO DC,3.59,24.0,11.14,18.65
2025-05-08 22:51:36,MODO DC,3.59,24.0,11.14,18.65
2025-05-08 22:51:36,MODO DC,3.59,24.0,11.14,18.65
2025-05-08 22:51:36,MODO DC,3.59,24.0,11.14,18.65
2025-05-08 22:51:36,MODO DC,3.59,24.0,11.14,18.65
2025-05-08 22:51:36,MODO DC,3.59,24.0,11.14,18.65
2025-05-08 22:51:36,MODO DC,3.59,24.0,11.14,18.65
2025-05-08 22:51:36,MODO DC,3.59,24.0,11.14,18.65
2025-05-08 22:51:36,MODO DC,3.59,24.0,11.14,18.65
2025-05-08 22:51:36,MODO DC,3.59,24.0,11.14,18.65
2025-05-08 22:51:36,MODO DC,3.59,24.0,11.14,18.65
2025-05-08 22:51:36,MODO DC,3.59,24.0,11.14,18.65
2025-05-08 22:51:36,MODO DC,3.59,24.0,11.14,18.65
2025-05-08 22:51:36,MODO DC,3.59,24.0,11.14,18.65
2025-05-08 22:51:36,MODO DC,3.59,24.0,11.14,18.65
2025-05-08 22:51:36,MODO DC,3.59,24.0,11.14,18.65
2025-05-08 22:51:36,MODO DC,3.59,24.0,11.14,18.65
2025-05-08 22:51:36,MODO DC,3.59,24.0,11.14,18.65
2025-05-08 22:51:36,MODO DC,3.59,24.0,11.14,18.65
2025-05-08 22:51:36,MODO DC,3.59,24.0,11.14,18.65
2025-05-08 22:51:36,MODO DC,3.59,24.0,11.14,18.65
2025-05-08 22:51:36,MODO DC,3.59,24.0,11.14,18.65
2025-05-08 22:51:36,MODO DC,3.59,24.0,11.14,18.65
2025-05-08 22:51:36,MODO DC,3.59,24.0,11.14,18.65
2025-05-08 22:51:36,MODO DC,3.59,24.0,11.14,18.65
2025-05-08 22:51:37,MODO DC,3.59,24.0,11.14,18.65
2025-05-08 22:51:37,MODO DC,3.59,24.0,11.14,18.65
2025-05-08 22:51:37,MODO DC,3.59,24.0,11.14,18.65
2025-05-08 22:51:37,MODO DC,3.59,24.0,11.14,18.65
2025-05-08 22:51:37,MODO DC,3.59,24.0,11.14,18.65
2025-05-08 22:51:37,MODO DC,3.59,24.0,11.14,18.65
2025-05-08 22:51:37,MODO DC,3.59,24.0,11.14,18.65
2025-05-08 22:51:37,MODO DC,3.59,24.0,11.14,18.65
2025-05-08 22:51:37,MODO DC,3.59,24.0,11.14,18.65
2025-05-08 22:51:37,MODO DC,3.59,24.0,11.14,18.65
2025-05-08 22:51:37,MODO DC,3.59,24.0,11.14,18.65
2025-05-08 22:51:37,MODO DC,3.59,24.0,11.14,18.65
2025-05-08 22:51:37,MODO DC,3.59,24.0,11.14,18.65
2025-05-08 22:51:37,MODO DC,3.59,24.0,11.14,18.65
2025-05-08 22:51:37,MODO DC,3.59,24.0,11.14,18.65
2025-05-08 22:51:37,MODO DC,3.59,24.0,11.14,18.65
2025-05-08 22:51:37,MODO DC,3.59,24.0,11.14,18.65
2025-05-08 22:51:37,MODO DC,3.59,24.0,11.14,18.65
2025-05-08 22:51:37,MODO DC,3.59,24.0,11.14,18.65
2025-05-08 22:51:37,MODO DC,3.59,24.0,11.14,18.65
2025-05-08 22:51:37,MODO DC,3.59,24.0,11.14,18.65
2025-05-08 22:51:37,MODO DC,3.59,24.0,11.14,18.65
2025-05-08 22:51:37,MODO DC,3.59,24.0,11.14,18.65
2025-05-08 22:51:37,MODO DC,3.59,24.0,11.14,18.65
2025-05-08 22:51:38,MODO DC,3.59,24.0,11.14,18.65
2025-05-08 22:51:38,MODO DC,3.59,24.0,11.14,18.65
2025-05-08 22:51:38,MODO DC,3.59,24.0,11.14,18.65
2025-05-08 22:51:38,MODO DC,3.59,24.0,11.14,18.65
2025-05-08 22:51:38,MODO DC,3.59,24.0,11.14,18.65
2025-05-08 22:51:38,MODO DC,3.59,24.0,11.14,18.65
2025-05-08 22:51:38,MODO DC,3.59,24.0,11.14,18.65
2025-05-08 22:51:38,MODO DC,3.59,24.0,11.14,18.65
2025-05-08 22:51:38,MODO DC,3.59,24.0,11.14,18.65
2025-05-08 22:51:38,MODO DC,3.59,24.0,11.14,18.65
2025-05-08 22:51:38,MODO DC,3.59,24.0,11.14,18.65
2025-05-08 22:51:38,MODO DC,3.59,24.0,11.14,18.65
2025-05-08 22:51:38,MODO DC,3.59,24.0,11.14,18.65
2025-05-08 22:51:38,MODO DC,3.59,24.0,11.14,18.65
2025-05-08 22:51:38,MODO DC,3.59,24.0,11.14,18.65
2025-05-08 22:51:38,MODO DC,3.59,24.0,11.14,18.65
2025-05-08 22:51:38,MODO DC,3.59,24.0,11.14,18.65
2025-05-08 22:51:38,MODO DC,3.59,24.0,11.14,18.65
2025-05-08 22:51:38,MODO DC,3.59,24.0,11.14,18.65
2025-05-08 22:51:38,MODO DC,3.59,24.0,11.14,18.65
2025-05-08 22:51:38,MODO DC,3.59,24.0,11.14,18.65
2025-05-08 22:51:38,MODO DC,3.59,24.0,11.14,18.65
2025-05-08 22:51:38,MODO DC,3.59,24.0,11.14,18.65
2025-05-08 22:51:38,MODO DC,3.59,24.0,11.14,18.65
2025-05-08 22:51:39,MODO DC,3.59,24.0,11.14,18.65
2025-05-08 22:51:39,MODO DC,3.59,24.0,11.14,18.65
2025-05-08 22:51:39,MODO DC,3.59,24.0,11.14,18.65
2025-05-08 22:51:39,MODO DC,3.59,24.0,11.14,18.65
2025-05-08 22:51:39,MODO DC,3.59,24.0,11.14,18.65
2025-05-08 22:51:39,MODO DC,3.59,24.0,11.14,18.65
2025-05-08 22:51:39,MODO DC,3.59,24.0,11.14,18.65
2025-05-08 22:51:39,MODO DC,3.59,24.0,11.14,18.65
2025-05-08 22:51:39,MODO DC,3.59,24.0,11.14,18.65
2025-05-08 22:51:39,MODO DC,3.59,24.0,11.14,18.65
2025-05-08 22:51:39,MODO DC,3.59,24.0,11.14,18.65
2025-05-08 22:51:39,MODO DC,3.59,24.0,11.14,18.65
2025-05-08 22:51:39,MODO DC,3.59,24.0,11.14,18.65
2025-05-08 22:51:39,MODO DC,3.59,24.0,11.14,18.65
2025-05-08 22:51:39,MODO DC,3.59,24.0,11.14,18.65
2025-05-08 22:51:39,MODO DC,3.59,24.0,11.14,18.65
2025-05-08 22:51:39,MODO DC,3.59,24.0,11.14,18.65
2025-05-08 22:51:39,MODO DC,3.59,24.0,11.14,18.65
2025-05-08 22:51:39,MODO DC,3.59,24.0,11.14,18.65
2025-05-08 22:51:39,MODO DC,3.59,24.0,11.14,18.65
2025-05-08 22:51:39,MODO DC,3.59,24.0,11.14,18.65
2025-05-08 22:51:39,MODO DC,3.59,24.0,11.14,18.65
2025-05-08 22:51:39,MODO DC,3.59,24.0,11.14,18.65
2025-05-08 22:51:39,MODO DC,3.59,24.0,11.14,18.65
2025-05-08 22:51:40,MODO DC,3.59,24.0,11.14,18.65
2025-05-08 22:51:40,MODO DC,3.59,24.0,11.14,18.65
2025-05-08 22:51:40,MODO DC,3.59,24.0,11.14,18.65
2025-05-08 22:51:40,MODO DC,3.59,24.0,11.14,18.65
2025-05-08 22:51:40,MODO DC,3.59,24.0,11.14,18.65
2025-05-08 22:51:40,MODO DC,3.59,24.0,11.14,18.65
2025-05-08 22:51:40,MODO DC,3.59,24.0,11.14,18.65
2025-05-08 22:51:40,MODO DC,3.59,24.0,11.14,18.65
2025-05-08 22:51:40,MODO DC,3.59,24.0,11.14,18.65
2025-05-08 22:51:40,MODO DC,3.59,24.0,11.14,18.65
2025-05-08 22:51:40,MODO DC,3.59,24.0,11.14,18.65
2025-05-08 22:51:40,MODO DC,3.59,24.0,11.14,18.65
2025-05-08 22:51:40,MODO DC,3.59,24.0,11.14,18.65
2025-05-08 22:51:40,MODO DC,3.59,24.0,11.14,18.65
2025-05-08 22:51:40,MODO DC,3.59,24.0,11.14,18.65
2025-05-08 22:51:40,MODO DC,3.59,24.0,11.14,18.65
2025-05-08 22:51:40,MODO DC,3.59,24.0,11.14,18.65
2025-05-08 22:51:40,MODO DC,3.59,24.0,11.14,18.65
2025-05-08 22:51:40,MODO DC,3.59,24.0,11.14,18.65
2025-05-08 22:51:40,MODO DC,3.59,24.0,11.14,18.65
2025-05-08 22:51:40,MODO DC,3.59,24.0,11.14,18.65
2025-05-08 22:51:40,MODO DC,3.59,24.0,11.14,18.65
2025-05-08 22:51:40,MODO DC,3.59,24.0,11.14,18.65
2025-05-08 22:51:40,MODO DC,3.59,24.0,11.14,18.65
2025-05-08 22:51:40,MODO DC,3.59,24.0,11.14,18.65
2025-05-08 22:51:41,MODO DC,3.59,24.0,11.14,18.65
2025-05-08 22:51:41,MODO DC,3.59,24.0,11.14,18.65
2025-05-08 22:51:41,MODO DC,3.59,24.0,11.14,18.65
2025-05-08 22:51:41,MODO DC,3.59,24.0,11.14,18.65
2025-05-08 22:51:41,MODO DC,3.59,24.0,11.14,18.65
2025-05-08 22:51:41,MODO DC,3.59,24.0,11.14,18.65
2025-05-08 22:51:41,MODO DC,3.59,24.0,11.14,18.65
2025-05-08 22:51:41,MODO DC,3.59,24.0,11.14,18.65
2025-05-08 22:51:41,MODO DC,3.59,24.0,11.14,18.65
2025-05-08 22:51:41,MODO DC,3.59,24.0,11.14,18.65
2025-05-08 22:51:41,MODO DC,3.59,24.0,11.14,18.65
2025-05-08 22:51:41,MODO DC,3.59,24.0,11.14,18.65
2025-05-08 22:51:41,MODO DC,3.59,24.0,11.14,18.65
2025-05-08 22:51:41,MODO DC,3.59,24.0,11.14,18.65
2025-05-08 22:51:41,MODO DC,3.59,24.0,11.14,18.65
2025-05-08 22:51:41,MODO DC,3.59,24.0,11.14,18.65
2025-05-08 22:51:41,MODO DC,3.59,24.0,11.14,18.65
2025-05-08 22:51:41,MODO DC,3.59,24.0,11.14,18.65
2025-05-08 22:51:41,MODO DC,3.59,24.0,11.14,18.65
2025-05-08 22:51:41,MODO DC,3.59,24.0,11.14,18.65
2025-05-08 22:51:41,MODO DC,3.59,24.0,11.14,18.65
2025-05-08 22:51:41,MODO DC,3.59,24.0,11.14,18.65
2025-05-08 22:51:41,MODO DC,3.59,24.0,11.14,18.65
2025-05-08 22:51:41,MODO DC,3.59,24.0,11.14,18.65
2025-05-08 22:51:42,MODO DC,3.59,24.0,11.14,18.65
2025-05-08 22:51:42,MODO DC,3.59,24.0,11.14,18.65
2025-05-08 22:51:42,MODO DC,3.59,24.0,11.14,18.65
2025-05-08 22:51:42,MODO DC,3.59,24.0,11.14,18.65
2025-05-08 22:51:42,MODO DC,3.59,24.0,11.14,18.65
2025-05-08 22:51:42,MODO DC,3.59,24.0,11.14,18.65
2025-05-08 22:51:42,MODO DC,3.59,24.0,11.14,18.65
2025-05-08 22:51:42,MODO DC,3.59,24.0,11.14,18.65
2025-05-08 22:51:42,MODO DC,3.59,24.0,11.14,18.65
2025-05-08 22:51:42,MODO DC,3.59,24.0,11.14,18.65
2025-05-08 22:51:42,MODO DC,3.59,24.0,11.14,18.65
2025-05-08 22:51:42,MODO DC,3.59,24.0,11.14,18.65
2025-05-08 22:51:42,MODO DC,3.59,24.0,11.14,18.65
2025-05-08 22:51:42,MODO DC,3.59,24.0,11.14,18.65
2025-05-08 22:51:42,MODO DC,3.59,24.0,11.14,18.65
2025-05-08 22:51:42,MODO DC,3.59,24.0,11.14,18.65
2025-05-08 22:51:42,MODO DC,3.59,24.0,11.14,18.65
2025-05-08 22:51:42,MODO DC,3.59,24.0,11.14,18.65
2025-05-08 22:51:42,MODO DC,3.59,24.0,11.14,18.65
2025-05-08 22:51:42,MODO DC,3.59,24.0,11.14,18.65
2025-05-08 22:51:42,MODO DC,3.59,24.0,11.14,18.65
2025-05-08 22:51:42,MODO DC,3.59,24.0,11.14,18.65
2025-05-08 22:51:42,MODO DC,3.59,24.0,11.14,18.65
2025-05-08 22:51:42,MODO DC,3.59,24.0,11.14,18.65
2025-05-08 22:51:43,MODO DC,3.59,24.0,11.14,18.65
2025-05-08 22:51:43,MODO DC,3.59,24.0,11.14,18.65
2025-05-08 22:51:43,MODO DC,3.59,24.0,11.14,18.65
2025-05-08 22:51:43,MODO DC,3.59,24.0,11.14,18.65
2025-05-08 22:51:43,MODO DC,3.59,24.0,11.14,18.65
2025-05-08 22:51:43,MODO DC,3.59,24.0,11.14,18.65
2025-05-08 22:51:43,MODO DC,3.59,24.0,11.14,18.65
2025-05-08 22:51:43,MODO DC,3.59,24.0,11.14,18.65
2025-05-08 22:51:43,MODO DC,3.59,24.0,11.14,18.65
2025-05-08 22:51:43,MODO DC,3.59,24.0,11.14,18.65
2025-05-08 22:51:43,MODO DC,3.59,24.0,11.14,18.65
2025-05-08 22:51:43,MODO DC,3.59,24.0,11.14,18.65
2025-05-08 22:51:43,MODO DC,3.59,24.0,11.14,18.65
2025-05-08 22:51:43,MODO DC,3.59,24.0,11.14,18.65
2025-05-08 22:51:43,MODO DC,3.59,24.0,11.14,18.65
2025-05-08 22:51:43,MODO DC,3.59,24.0,11.14,18.65
2025-05-08 22:51:43,MODO DC,3.59,24.0,11.14,18.65
2025-05-08 22:51:43,MODO DC,3.59,24.0,11.14,18.65
2025-05-08 22:51:43,MODO DC,3.59,24.0,11.14,18.65
2025-05-08 22:51:43,MODO DC,3.59,24.0,11.14,18.65
2025-05-08 22:51:43,MODO DC,3.59,24.0,11.14,18.65
2025-05-08 22:51:43,MODO DC,3.59,24.0,11.14,18.65
2025-05-08 22:51:43,MODO DC,3.59,24.0,11.14,18.65
2025-05-08 22:51:43,MODO DC,3.59,24.0,11.14,18.65
2025-05-08 22:51:44,MODO DC,3.59,24.0,11.14,18.65
2025-05-08 22:51:44,MODO DC,3.59,24.0,11.14,18.65
2025-05-08 22:51:44,MODO DC,3.59,24.0,11.14,18.65
2025-05-08 22:51:44,MODO DC,3.59,24.0,11.14,18.65
2025-05-08 22:51:44,MODO DC,3.59,24.0,11.14,18.65
2025-05-08 22:51:44,MODO DC,3.59,24.0,11.14,18.65
2025-05-08 22:51:44,MODO DC,3.59,24.0,11.14,18.65
2025-05-08 22:51:44,MODO DC,3.59,24.0,11.14,18.65
2025-05-08 22:51:44,MODO DC,3.59,24.0,11.14,18.65
2025-05-08 22:51:44,MODO DC,3.59,24.0,11.14,18.65
2025-05-08 22:51:44,MODO DC,3.59,24.0,11.14,18.65
2025-05-08 22:51:44,MODO DC,3.59,24.0,11.14,18.65
2025-05-08 22:51:44,MODO DC,3.59,24.0,11.14,18.65
2025-05-08 22:51:44,MODO DC,3.59,24.0,11.14,18.65
2025-05-08 22:51:44,MODO DC,3.59,24.0,11.14,18.65
2025-05-08 22:51:44,MODO DC,3.59,24.0,11.14,18.65
2025-05-08 22:51:44,MODO DC,3.59,24.0,11.14,18.65
2025-05-08 22:51:44,MODO DC,3.59,24.0,11.14,18.65
2025-05-08 22:51:44,MODO DC,3.59,24.0,11.14,18.65
2025-05-08 22:51:44,MODO DC,3.59,24.0,11.14,18.65
2025-05-08 22:51:44,MODO DC,3.59,24.0,11.14,18.65
2025-05-08 22:51:44,MODO DC,3.59,24.0,11.14,18.65
2025-05-08 22:51:44,MODO DC,3.59,24.0,11.14,18.65
2025-05-08 22:51:45,MODO DC,3.59,24.0,11.14,18.65
2025-05-08 22:51:45,MODO DC,3.59,24.0,11.14,18.65
2025-05-08 22:51:45,MODO DC,3.59,24.0,11.14,18.65
2025-05-08 22:51:45,MODO DC,3.59,24.0,11.14,18.65
2025-05-08 22:51:45,MODO DC,3.59,24.0,11.14,18.65
2025-05-08 22:51:45,MODO DC,3.59,24.0,11.14,18.65
2025-05-08 22:51:45,MODO DC,3.59,24.0,11.14,18.65
2025-05-08 22:51:45,MODO DC,3.59,24.0,11.14,18.65
2025-05-08 22:51:45,MODO DC,3.59,24.0,11.14,18.65
2025-05-08 22:51:45,MODO DC,3.59,24.0,11.14,18.65
2025-05-08 22:51:45,MODO DC,3.59,24.0,11.14,18.65
2025-05-08 22:51:45,MODO DC,3.59,24.0,11.14,18.65
2025-05-08 22:51:45,MODO DC,3.59,24.0,11.14,18.65
2025-05-08 22:51:45,MODO DC,3.59,24.0,11.14,18.65
2025-05-08 22:51:45,MODO DC,3.59,24.0,11.14,18.65
2025-05-08 22:51:45,MODO DC,3.59,24.0,11.14,18.65
2025-05-08 22:51:45,MODO DC,3.59,24.0,11.14,18.65
2025-05-08 22:51:45,MODO DC,3.59,24.0,11.14,18.65
2025-05-08 22:51:45,MODO DC,3.59,24.0,11.14,18.65
2025-05-08 22:51:45,MODO DC,3.59,24.0,11.14,18.65
2025-05-08 22:51:45,MODO DC,3.59,24.0,11.14,18.65
2025-05-08 22:51:45,MODO DC,3.59,24.0,11.14,18.65
2025-05-08 22:51:45,MODO DC,3.59,24.0,11.14,18.65
2025-05-08 22:51:46,MODO DC,3.59,24.0,11.14,18.65
2025-05-08 22:51:46,MODO DC,3.59,24.0,11.14,18.65
2025-05-08 22:51:46,MODO DC,3.59,24.0,11.14,18.65
2025-05-08 22:51:46,MODO DC,3.59,24.0,11.14,18.65
2025-05-08 22:51:46,MODO DC,3.59,24.0,11.14,18.65
2025-05-08 22:51:46,MODO DC,3.59,24.0,11.14,18.65
2025-05-08 22:51:46,MODO DC,3.59,24.0,11.14,18.65
2025-05-08 22:51:46,MODO DC,3.59,24.0,11.14,18.65
2025-05-08 22:51:46,MODO DC,3.59,24.0,11.14,18.65
2025-05-08 22:51:46,MODO DC,3.59,24.0,11.14,18.65
2025-05-08 22:51:46,MODO DC,3.59,24.0,11.14,18.65
2025-05-08 22:51:46,MODO DC,3.59,24.0,11.14,18.65
2025-05-08 22:51:46,MODO DC,3.59,24.0,11.14,18.65
2025-05-08 22:51:46,MODO DC,3.59,24.0,11.14,18.65
2025-05-08 22:51:46,MODO DC,3.59,24.0,11.14,18.65
2025-05-08 22:51:46,MODO DC,3.59,24.0,11.14,18.65
2025-05-08 22:51:46,MODO DC,3.59,24.0,11.14,18.65
2025-05-08 22:51:46,MODO DC,3.59,24.0,11.14,18.65
2025-05-08 22:51:46,MODO DC,3.59,24.0,11.14,18.65
2025-05-08 22:51:46,MODO DC,3.59,24.0,11.14,18.65
2025-05-08 22:51:46,MODO DC,3.59,24.0,11.14,18.65
2025-05-08 22:51:46,MODO DC,3.59,24.0,11.14,18.65
2025-05-08 22:51:46,MODO DC,3.59,24.0,11.14,18.65
2025-05-08 22:51:46,MODO DC,3.59,24.0,11.14,18.65
2025-05-08 22:51:47,MODO DC,3.59,24.0,11.14,18.65
2025-05-08 22:51:47,MODO DC,3.59,24.0,11.14,18.65
2025-05-08 22:51:47,MODO DC,3.59,24.0,11.14,18.65
2025-05-08 22:51:47,MODO DC,3.59,24.0,11.14,18.65
2025-05-08 22:51:47,MODO DC,3.59,24.0,11.14,18.65
2025-05-08 22:51:47,MODO DC,3.59,24.0,11.14,18.65
2025-05-08 22:51:47,MODO DC,3.59,24.0,11.14,18.65
2025-05-08 22:51:47,MODO DC,3.59,24.0,11.14,18.65
2025-05-08 22:51:47,MODO DC,3.59,24.0,11.14,18.65
2025-05-08 22:51:47,MODO DC,3.59,24.0,11.14,18.65
2025-05-08 22:51:47,MODO DC,3.59,24.0,11.14,18.65
2025-05-08 22:51:47,MODO DC,3.59,24.0,11.14,18.65
2025-05-08 22:51:47,MODO DC,3.59,24.0,11.14,18.65
2025-05-08 22:51:47,MODO DC,3.59,24.0,11.14,18.65
2025-05-08 22:51:47,MODO DC,3.59,24.0,11.14,18.65
2025-05-08 22:51:47,MODO DC,3.59,24.0,11.14,18.65
2025-05-08 22:51:47,MODO DC,3.59,24.0,11.14,18.65
2025-05-08 22:51:47,MODO DC,3.59,24.0,11.14,18.65
2025-05-08 22:51:47,MODO DC,3.59,24.0,11.14,18.65
2025-05-08 22:51:47,MODO DC,3.59,24.0,11.14,18.65
2025-05-08 22:51:47,MODO DC,3.59,24.0,11.14,18.65
2025-05-08 22:51:47,MODO DC,3.59,24.0,11.14,18.65
2025-05-08 22:51:47,MODO DC,3.59,24.0,11.14,18.65
2025-05-08 22:51:47,MODO DC,3.59,24.0,11.14,18.65
2025-05-08 22:51:47,MODO DC,3.59,24.0,11.14,18.65
2025-05-08 22:51:48,MODO DC,3.59,24.0,11.14,18.65
2025-05-08 22:51:48,MODO DC,3.59,24.0,11.14,18.65
2025-05-08 22:51:48,MODO DC,3.59,24.0,11.14,18.65
2025-05-08 22:51:48,MODO DC,3.59,24.0,11.14,18.65
2025-05-08 22:51:48,MODO DC,3.59,24.0,11.14,18.65
2025-05-08 22:51:48,MODO DC,3.59,24.0,11.14,18.65
2025-05-08 22:51:48,MODO DC,3.59,24.0,11.14,18.65
2025-05-08 22:51:48,MODO DC,3.59,24.0,11.14,18.65
2025-05-08 22:51:48,MODO DC,3.59,24.0,11.14,18.65
2025-05-08 22:51:48,MODO DC,3.59,24.0,11.14,18.65
2025-05-08 22:51:48,MODO DC,3.59,24.0,11.14,18.65
2025-05-08 22:51:48,MODO DC,3.59,24.0,11.14,18.65
2025-05-08 22:51:48,MODO DC,3.59,24.0,11.14,18.65
2025-05-08 22:51:48,MODO DC,3.59,24.0,11.14,18.65
2025-05-08 22:51:48,MODO DC,3.59,24.0,11.14,18.65
2025-05-08 22:51:48,MODO DC,3.59,24.0,11.14,18.65
2025-05-08 22:51:48,MODO DC,3.59,24.0,11.14,18.65
2025-05-08 22:51:48,MODO DC,3.59,24.0,11.14,18.65
2025-05-08 22:51:48,MODO DC,3.59,24.0,11.14,18.65
2025-05-08 22:51:48,MODO DC,3.59,24.0,11.14,18.65
2025-05-08 22:51:48,MODO DC,3.59,24.0,11.14,18.65
2025-05-08 22:51:48,MODO DC,3.59,24.0,11.14,18.65
2025-05-08 22:51:48,MODO DC,3.59,24.0,11.14,18.65
2025-05-08 22:51:49,MODO DC,3.59,24.0,11.14,18.65
2025-05-08 22:51:49,MODO DC,3.59,24.0,11.14,18.65
2025-05-08 22:51:49,MODO DC,3.59,24.0,11.14,18.65
2025-05-08 22:51:49,MODO DC,3.59,24.0,11.14,18.65
2025-05-08 22:51:49,MODO DC,3.59,24.0,11.14,18.65
2025-05-08 22:51:49,MODO DC,3.59,24.0,11.14,18.65
2025-05-08 22:51:49,MODO DC,3.59,24.0,11.14,18.65
2025-05-08 22:51:49,MODO DC,3.59,24.0,11.14,18.65
2025-05-08 22:51:49,MODO DC,3.59,24.0,11.14,18.65
2025-05-08 22:51:49,MODO DC,3.59,24.0,11.14,18.65
2025-05-08 22:51:49,MODO DC,3.59,24.0,11.14,18.65
2025-05-08 22:51:49,MODO DC,3.59,24.0,11.14,18.65
2025-05-08 22:51:49,MODO DC,3.59,24.0,11.14,18.65
2025-05-08 22:51:49,MODO DC,3.59,24.0,11.14,18.65
2025-05-08 22:51:49,MODO DC,3.59,24.0,11.14,18.65
2025-05-08 22:51:49,MODO DC,3.59,24.0,11.14,18.65
2025-05-08 22:51:49,MODO DC,3.59,24.0,11.14,18.65
2025-05-08 22:51:49,MODO DC,3.59,24.0,11.14,18.65
2025-05-08 22:51:49,MODO DC,3.59,24.0,11.14,18.65
2025-05-08 22:51:49,MODO DC,3.59,24.0,11.14,18.65
2025-05-08 22:51:49,MODO DC,3.59,24.0,11.14,18.65
2025-05-08 22:51:49,MODO DC,3.59,24.0,11.14,18.65
2025-05-08 22:51:49,MODO DC,3.59,24.0,11.14,18.65
2025-05-08 22:51:49,MODO DC,3.59,24.0,11.14,18.65
2025-05-08 22:51:50,MODO DC,3.59,24.0,11.14,18.65
2025-05-08 22:51:50,MODO DC,3.59,24.0,11.14,18.65
2025-05-08 22:51:50,MODO DC,3.59,24.0,11.14,18.65
2025-05-08 22:51:50,MODO DC,3.59,24.0,11.14,18.65
2025-05-08 22:51:50,MODO DC,3.59,24.0,11.14,18.65
2025-05-08 22:51:50,MODO DC,3.59,24.0,11.14,18.65
2025-05-08 22:51:50,MODO DC,3.59,24.0,11.14,18.65
2025-05-08 22:51:50,MODO DC,3.59,24.0,11.14,18.65
2025-05-08 22:51:50,MODO DC,3.59,24.0,11.14,18.65
2025-05-08 22:51:50,MODO DC,3.59,24.0,11.14,18.65
2025-05-08 22:51:50,MODO DC,3.59,24.0,11.14,18.65
2025-05-08 22:51:50,MODO DC,3.59,24.0,11.14,18.65
2025-05-08 22:51:50,MODO DC,3.59,24.0,11.14,18.65
2025-05-08 22:51:50,MODO DC,3.59,24.0,11.14,18.65
2025-05-08 22:51:50,MODO DC,3.59,24.0,11.14,18.65
2025-05-08 22:51:50,MODO DC,3.59,24.0,11.14,18.65
2025-05-08 22:51:50,MODO DC,3.59,24.0,11.14,18.65
2025-05-08 22:51:50,MODO DC,3.59,24.0,11.14,18.65
2025-05-08 22:51:50,MODO DC,3.59,24.0,11.14,18.65
2025-05-08 22:51:50,MODO DC,3.59,24.0,11.14,18.65
2025-05-08 22:51:50,MODO DC,3.59,24.0,11.14,18.65
2025-05-08 22:51:50,MODO DC,3.59,24.0,11.14,18.65
2025-05-08 22:51:50,MODO DC,3.59,24.0,11.14,18.65
2025-05-08 22:51:50,MODO DC,3.59,24.0,11.14,18.65
2025-05-08 22:51:50,MODO DC,3.59,24.0,11.14,18.65
2025-05-08 22:51:51,MODO DC,3.59,24.0,11.14,18.65
2025-05-08 22:51:51,MODO DC,3.59,24.0,11.14,18.65
2025-05-08 22:51:51,MODO DC,3.59,24.0,11.14,18.65
2025-05-08 22:51:51,MODO DC,3.59,24.0,11.14,18.65
2025-05-08 22:51:51,MODO DC,3.59,24.0,11.14,18.65
2025-05-08 22:51:51,MODO DC,3.59,24.0,11.14,18.65
2025-05-08 22:51:51,MODO DC,3.59,24.0,11.14,18.65
2025-05-08 22:51:51,MODO DC,3.59,24.0,11.14,18.65
2025-05-08 22:51:51,MODO DC,3.59,24.0,11.14,18.65
2025-05-08 22:51:51,MODO DC,3.59,24.0,11.14,18.65
2025-05-08 22:51:51,MODO DC,3.59,24.0,11.14,18.65
2025-05-08 22:51:51,MODO DC,3.59,24.0,11.14,18.65
2025-05-08 22:51:51,MODO DC,3.59,24.0,11.14,18.65
2025-05-08 22:51:51,MODO DC,3.59,24.0,11.14,18.65
2025-05-08 22:51:51,MODO DC,3.59,24.0,11.14,18.65
2025-05-08 22:51:51,MODO DC,3.59,24.0,11.14,18.65
2025-05-08 22:51:51,MODO DC,3.59,24.0,11.14,18.65
2025-05-08 22:51:51,MODO DC,3.59,24.0,11.14,18.65
2025-05-08 22:51:51,MODO DC,3.59,24.0,11.14,18.65
2025-05-08 22:51:51,MODO DC,3.59,24.0,11.14,18.65
2025-05-08 22:51:51,MODO DC,3.59,24.0,11.14,18.65
2025-05-08 22:51:51,MODO DC,3.59,24.0,11.14,18.65
2025-05-08 22:51:51,MODO DC,3.59,24.0,11.14,18.65
2025-05-08 22:51:51,MODO DC,3.59,24.0,11.14,18.65
2025-05-08 22:51:52,MODO DC,3.59,24.0,11.14,18.65
2025-05-08 22:51:52,MODO DC,3.59,24.0,11.14,18.65
2025-05-08 22:51:52,MODO DC,3.59,24.0,11.14,18.65
2025-05-08 22:51:52,MODO DC,3.59,24.0,11.14,18.65
2025-05-08 22:51:52,MODO DC,3.59,24.0,11.14,18.65
2025-05-08 22:51:52,MODO DC,3.59,24.0,11.14,18.65
2025-05-08 22:51:52,MODO DC,3.59,24.0,11.14,18.65
2025-05-08 22:51:52,MODO DC,3.59,24.0,11.14,18.65
2025-05-08 22:51:52,MODO DC,3.59,24.0,11.14,18.65
2025-05-08 22:51:52,MODO DC,3.59,24.0,11.14,18.65
2025-05-08 22:51:52,MODO DC,3.59,24.0,11.14,18.65
2025-05-08 22:51:52,MODO DC,3.59,24.0,11.14,18.65
2025-05-08 22:51:52,MODO DC,3.59,24.0,11.14,18.65
2025-05-08 22:51:52,MODO DC,3.59,24.0,11.14,18.65
2025-05-08 22:51:52,MODO DC,3.59,24.0,11.14,18.65
2025-05-08 22:51:52,MODO DC,3.59,24.0,11.14,18.65
2025-05-08 22:51:52,MODO DC,3.59,24.0,11.14,18.65
2025-05-08 22:51:52,MODO DC,3.59,24.0,11.14,18.65
2025-05-08 22:51:52,MODO DC,3.59,24.0,11.14,18.65
2025-05-08 22:51:52,MODO DC,3.59,24.0,11.14,18.65
2025-05-08 22:51:52,MODO DC,3.59,24.0,11.14,18.65
2025-05-08 22:51:52,MODO DC,3.59,24.0,11.14,18.65
2025-05-08 22:51:52,MODO DC,3.59,24.0,11.14,18.65
2025-05-08 22:51:52,MODO DC,3.59,24.0,11.14,18.65
2025-05-08 22:51:53,MODO DC,3.59,24.0,11.14,18.65
2025-05-08 22:51:53,MODO DC,3.59,24.0,11.14,18.65
2025-05-08 22:51:53,MODO DC,3.59,24.0,11.14,18.65
2025-05-08 22:51:53,MODO DC,3.59,24.0,11.14,18.65
2025-05-08 22:51:53,MODO DC,3.59,24.0,11.14,18.65
2025-05-08 22:51:53,MODO DC,3.59,24.0,11.14,18.65
2025-05-08 22:51:53,MODO DC,3.59,24.0,11.14,18.65
2025-05-08 22:51:53,MODO DC,3.59,24.0,11.14,18.65
2025-05-08 22:51:53,MODO DC,3.59,24.0,11.14,18.65
2025-05-08 22:51:53,MODO DC,3.59,24.0,11.14,18.65
2025-05-08 22:51:53,MODO DC,3.59,24.0,11.14,18.65
2025-05-08 22:51:53,MODO DC,3.59,24.0,11.14,18.65
2025-05-08 22:51:53,MODO DC,3.59,24.0,11.14,18.65
2025-05-08 22:51:53,MODO DC,3.59,24.0,11.14,18.65
2025-05-08 22:51:53,MODO DC,3.59,24.0,11.14,18.65
2025-05-08 22:51:53,MODO DC,3.59,24.0,11.14,18.65
2025-05-08 22:51:53,MODO DC,3.59,24.0,11.14,18.65
2025-05-08 22:51:53,MODO DC,3.59,24.0,11.14,18.65
2025-05-08 22:51:53,MODO DC,3.59,24.0,11.14,18.65
2025-05-08 22:51:53,MODO DC,3.59,24.0,11.14,18.65
2025-05-08 22:51:53,MODO DC,3.59,24.0,11.14,18.65
2025-05-08 22:51:53,MODO DC,3.59,24.0,11.14,18.65
2025-05-08 22:51:53,MODO DC,3.59,24.0,11.14,18.65
2025-05-08 22:51:53,MODO DC,3.59,24.0,11.14,18.65
2025-05-08 22:51:54,MODO DC,3.59,24.0,11.14,18.65
2025-05-08 22:51:54,MODO DC,3.59,24.0,11.14,18.65
2025-05-08 22:51:54,MODO DC,3.59,24.0,11.14,18.65
2025-05-08 22:51:54,MODO DC,3.59,24.0,11.14,18.65
2025-05-08 22:51:54,MODO DC,3.59,24.0,11.14,18.65
2025-05-08 22:51:54,MODO DC,3.59,24.0,11.14,18.65
2025-05-08 22:51:54,MODO DC,3.59,24.0,11.14,18.65
2025-05-08 22:51:54,MODO DC,3.59,24.0,11.14,18.65
2025-05-08 22:51:54,MODO DC,3.59,24.0,11.14,18.65
2025-05-08 22:51:54,MODO DC,3.59,24.0,11.14,18.65
2025-05-08 22:51:54,MODO DC,3.59,24.0,11.14,18.65
2025-05-08 22:51:54,MODO DC,3.59,24.0,11.14,18.65
2025-05-08 22:51:54,MODO DC,3.59,24.0,11.14,18.65
2025-05-08 22:51:54,MODO DC,3.59,24.0,11.14,18.65
2025-05-08 22:51:54,MODO DC,3.59,24.0,11.14,18.65
2025-05-08 22:51:54,MODO DC,3.59,24.0,11.14,18.65
2025-05-08 22:51:54,MODO DC,3.59,24.0,11.14,18.65
2025-05-08 22:51:54,MODO DC,3.59,24.0,11.14,18.65
2025-05-08 22:51:54,MODO DC,3.59,24.0,11.14,18.65
2025-05-08 22:51:54,MODO DC,3.59,24.0,11.14,18.65
2025-05-08 22:51:54,MODO DC,3.59,24.0,11.14,18.65
2025-05-08 22:51:54,MODO DC,3.59,24.0,11.14,18.65
2025-05-08 22:51:54,MODO DC,3.59,24.0,11.14,18.65
2025-05-08 22:51:54,MODO DC,3.59,24.0,11.14,18.65
2025-05-08 22:51:54,MODO DC,3.59,24.0,11.14,18.65
2025-05-08 22:51:55,MODO DC,3.59,24.0,11.14,18.65
2025-05-08 22:51:55,MODO DC,3.59,24.0,11.14,18.65
2025-05-08 22:51:55,MODO DC,3.59,24.0,11.14,18.65
2025-05-08 22:51:55,MODO DC,3.59,24.0,11.14,18.65
2025-05-08 22:51:55,MODO DC,3.59,24.0,11.14,18.65
2025-05-08 22:51:55,MODO DC,3.59,24.0,11.14,18.65
2025-05-08 22:51:55,MODO DC,3.59,24.0,11.14,18.65
2025-05-08 22:51:55,MODO DC,3.59,24.0,11.14,18.65
2025-05-08 22:51:55,MODO DC,3.59,24.0,11.14,18.65
2025-05-08 22:51:55,MODO DC,3.59,24.0,11.14,18.65
2025-05-08 22:51:55,MODO DC,3.59,24.0,11.14,18.65
2025-05-08 22:51:55,MODO DC,3.59,24.0,11.14,18.65
2025-05-08 22:51:55,MODO DC,3.59,24.0,11.14,18.65
2025-05-08 22:51:55,MODO DC,3.59,24.0,11.14,18.65
2025-05-08 22:51:55,MODO DC,3.59,24.0,11.14,18.65
2025-05-08 22:51:55,MODO DC,3.59,24.0,11.14,18.65
2025-05-08 22:51:55,MODO DC,3.59,24.0,11.14,18.65
2025-05-08 22:51:55,MODO DC,3.59,24.0,11.14,18.65
2025-05-08 22:51:55,MODO DC,3.59,24.0,11.14,18.65
2025-05-08 22:51:55,MODO DC,3.59,24.0,11.14,18.65
2025-05-08 22:51:55,MODO DC,3.59,24.0,11.14,18.65
2025-05-08 22:51:55,MODO DC,3.59,24.0,11.14,18.65
2025-05-08 22:51:55,MODO DC,3.59,24.0,11.14,18.65
2025-05-08 22:51:55,MODO DC,3.59,24.0,11.14,18.65
2025-05-08 22:51:56,MODO DC,3.59,24.0,11.14,18.65
2025-05-08 22:51:56,MODO DC,3.59,24.0,11.14,18.65
2025-05-08 22:51:56,MODO DC,3.59,24.0,11.14,18.65
2025-05-08 22:51:56,MODO DC,3.59,24.0,11.14,18.65
2025-05-08 22:51:56,MODO DC,3.59,24.0,11.14,18.65
2025-05-08 22:51:56,MODO DC,3.59,24.0,11.14,18.65
2025-05-08 22:51:56,MODO DC,3.59,24.0,11.14,18.65
2025-05-08 22:51:56,MODO DC,3.59,24.0,11.14,18.65
2025-05-08 22:51:56,MODO DC,3.59,24.0,11.14,18.65
2025-05-08 22:51:56,MODO DC,3.59,24.0,11.14,18.65
2025-05-08 22:51:56,MODO DC,3.59,24.0,11.14,18.65
2025-05-08 22:51:56,MODO DC,3.59,24.0,11.14,18.65
2025-05-08 22:51:56,MODO DC,3.59,24.0,11.14,18.65
2025-05-08 22:51:56,MODO DC,3.59,24.0,11.14,18.65
2025-05-08 22:51:56,MODO DC,3.59,24.0,11.14,18.65
2025-05-08 22:51:56,MODO DC,3.59,24.0,11.14,18.65
2025-05-08 22:51:56,MODO DC,3.59,24.0,11.14,18.65
2025-05-08 22:51:56,MODO DC,3.59,24.0,11.14,18.65
2025-05-08 22:51:56,MODO DC,3.59,24.0,11.14,18.65
2025-05-08 22:51:56,MODO DC,3.59,24.0,11.14,18.65
2025-05-08 22:51:56,MODO DC,3.59,24.0,11.14,18.65
2025-05-08 22:51:56,MODO DC,3.59,24.0,11.14,18.65
2025-05-08 22:51:56,MODO DC,3.59,24.0,11.14,18.65
2025-05-08 22:51:56,MODO DC,3.59,24.0,11.14,18.65
2025-05-08 22:51:57,MODO DC,3.59,24.0,11.14,18.65
2025-05-08 22:51:57,MODO DC,3.59,24.0,11.14,18.65
2025-05-08 22:51:57,MODO DC,3.59,24.0,11.14,18.65
2025-05-08 22:51:57,MODO DC,3.59,24.0,11.14,18.65
2025-05-08 22:51:57,MODO DC,3.59,24.0,11.14,18.65
2025-05-08 22:51:57,MODO DC,3.59,24.0,11.14,18.65
2025-05-08 22:51:57,MODO DC,3.59,24.0,11.14,18.65
2025-05-08 22:51:57,MODO DC,3.59,24.0,11.14,18.65
2025-05-08 22:51:57,MODO DC,3.59,24.0,11.14,18.65
2025-05-08 22:51:57,MODO DC,3.59,24.0,11.14,18.65
2025-05-08 22:51:57,MODO DC,3.59,24.0,11.14,18.65
2025-05-08 22:51:57,MODO DC,3.59,24.0,11.14,18.65
2025-05-08 22:51:57,MODO DC,3.59,24.0,11.14,18.65
2025-05-08 22:51:57,MODO DC,3.59,24.0,11.14,18.65
2025-05-08 22:51:57,MODO DC,3.59,24.0,11.14,18.65
2025-05-08 22:51:57,MODO DC,3.59,24.0,11.14,18.65
2025-05-08 22:51:57,MODO DC,3.59,24.0,11.14,18.65
2025-05-08 22:51:57,MODO DC,3.59,24.0,11.14,18.65
2025-05-08 22:51:57,MODO DC,3.59,24.0,11.14,18.65
2025-05-08 22:51:57,MODO DC,3.59,24.0,11.14,18.65
2025-05-08 22:51:57,MODO DC,3.59,24.0,11.14,18.65
2025-05-08 22:51:57,MODO DC,3.59,24.0,11.14,18.65
2025-05-08 22:51:57,MODO DC,3.59,24.0,11.14,18.65
2025-05-08 22:51:57,MODO DC,3.59,24.0,11.14,18.65
2025-05-08 22:51:57,MODO DC,3.59,24.0,11.14,18.65
2025-05-08 22:51:58,MODO DC,3.59,24.0,11.14,18.65
2025-05-08 22:51:58,MODO DC,3.59,24.0,11.14,18.65
2025-05-08 22:51:58,MODO DC,3.59,24.0,11.14,18.65
2025-05-08 22:51:58,MODO DC,3.59,24.0,11.14,18.65
2025-05-08 22:51:58,MODO DC,3.59,24.0,11.14,18.65
2025-05-08 22:51:58,MODO DC,3.59,24.0,11.14,18.65
2025-05-08 22:51:58,MODO DC,3.59,24.0,11.14,18.65
2025-05-08 22:51:58,MODO DC,3.59,24.0,11.14,18.65
2025-05-08 22:51:58,MODO DC,3.59,24.0,11.14,18.65
2025-05-08 22:51:58,MODO DC,3.59,24.0,11.14,18.65
2025-05-08 22:51:58,MODO DC,3.59,24.0,11.14,18.65
2025-05-08 22:51:58,MODO DC,3.59,24.0,11.14,18.65
2025-05-08 22:51:58,MODO DC,3.59,24.0,11.14,18.65
2025-05-08 22:51:58,MODO DC,3.59,24.0,11.14,18.65
2025-05-08 22:51:58,MODO DC,3.59,24.0,11.14,18.65
2025-05-08 22:51:58,MODO DC,3.59,24.0,11.14,18.65
2025-05-08 22:51:58,MODO DC,3.59,24.0,11.14,18.65
2025-05-08 22:51:58,MODO DC,3.59,24.0,11.14,18.65
2025-05-08 22:51:58,MODO DC,3.59,24.0,11.14,18.65
2025-05-08 22:51:58,MODO DC,3.59,24.0,11.14,18.65
2025-05-08 22:51:58,MODO DC,3.59,24.0,11.14,18.65
2025-05-08 22:51:58,MODO DC,3.59,24.0,11.14,18.65
2025-05-08 22:51:58,MODO DC,3.59,24.0,11.14,18.65
2025-05-08 22:51:58,MODO DC,3.59,24.0,11.14,18.65
2025-05-08 22:51:59,MODO DC,3.59,24.0,11.14,18.65
2025-05-08 22:51:59,MODO DC,3.59,24.0,11.14,18.65
2025-05-08 22:51:59,MODO DC,3.59,24.0,11.14,18.65
2025-05-08 22:51:59,MODO DC,3.59,24.0,11.14,18.65
2025-05-08 22:51:59,MODO DC,3.59,24.0,11.14,18.65
2025-05-08 22:51:59,MODO DC,3.59,24.0,11.14,18.65
2025-05-08 22:51:59,MODO DC,3.59,24.0,11.14,18.65
2025-05-08 22:51:59,MODO DC,3.59,24.0,11.14,18.65
2025-05-08 22:51:59,MODO DC,3.59,24.0,11.14,18.65
2025-05-08 22:51:59,MODO DC,3.59,24.0,11.14,18.65
2025-05-08 22:51:59,MODO DC,3.59,24.0,11.14,18.65
2025-05-08 22:51:59,MODO DC,3.59,24.0,11.14,18.65
2025-05-08 22:51:59,MODO DC,3.59,24.0,11.14,18.65
2025-05-08 22:51:59,MODO DC,3.59,24.0,11.14,18.65
2025-05-08 22:51:59,MODO DC,3.59,24.0,11.14,18.65
2025-05-08 22:51:59,MODO DC,3.59,24.0,11.14,18.65
2025-05-08 22:51:59,MODO DC,3.59,24.0,11.14,18.65
2025-05-08 22:51:59,MODO DC,3.59,24.0,11.14,18.65
2025-05-08 22:51:59,MODO DC,3.59,24.0,11.14,18.65
2025-05-08 22:51:59,MODO DC,3.59,24.0,11.14,18.65
2025-05-08 22:51:59,MODO DC,3.59,24.0,11.14,18.65
2025-05-08 22:51:59,MODO DC,3.59,24.0,11.14,18.65
2025-05-08 22:51:59,MODO DC,3.59,24.0,11.14,18.65
2025-05-08 22:52:00,MODO DC,3.59,24.0,11.14,18.65
2025-05-08 22:52:00,MODO DC,3.59,24.0,11.14,18.65
2025-05-08 22:52:00,MODO DC,3.59,24.0,11.14,18.65
2025-05-08 22:52:00,MODO DC,3.59,24.0,11.14,18.65
2025-05-08 22:52:00,MODO DC,3.59,24.0,11.14,18.65
2025-05-08 22:52:00,MODO DC,3.59,24.0,11.14,18.65
2025-05-08 22:52:00,MODO DC,3.59,24.0,11.14,18.65
2025-05-08 22:52:00,MODO DC,3.59,24.0,11.14,18.65
2025-05-08 22:52:00,MODO DC,3.59,24.0,11.14,18.65
2025-05-08 22:52:00,MODO DC,3.59,24.0,11.14,18.65
2025-05-08 22:52:00,MODO DC,3.59,24.0,11.14,18.65
2025-05-08 22:52:00,MODO DC,3.59,24.0,11.14,18.65
2025-05-08 22:52:00,MODO DC,3.59,24.0,11.14,18.65
2025-05-08 22:52:00,MODO DC,3.59,24.0,11.14,18.65
2025-05-08 22:52:00,MODO DC,3.59,24.0,11.14,18.65
2025-05-08 22:52:00,MODO DC,3.59,24.0,11.14,18.65
2025-05-08 22:52:00,MODO DC,3.59,24.0,11.14,18.65
2025-05-08 22:52:00,MODO DC,3.59,24.0,11.14,18.65
2025-05-08 22:52:00,MODO DC,3.59,24.0,11.14,18.65
2025-05-08 22:52:00,MODO DC,3.59,24.0,11.14,18.65
2025-05-08 22:52:00,MODO DC,3.59,24.0,11.14,18.65
2025-05-08 22:52:00,MODO DC,3.59,24.0,11.14,18.65
2025-05-08 22:52:00,MODO DC,3.59,24.0,11.14,18.65
2025-05-08 22:52:00,MODO DC,3.59,24.0,11.14,18.65
2025-05-08 22:52:00,MODO DC,3.59,24.0,11.14,18.65
2025-05-08 22:52:01,MODO DC,3.59,24.0,11.14,18.65
2025-05-08 22:52:01,MODO DC,3.59,24.0,11.14,18.65
2025-05-08 22:52:01,MODO DC,3.59,24.0,11.14,18.65
2025-05-08 22:52:01,MODO DC,3.59,24.0,11.14,18.65
2025-05-08 22:52:01,MODO DC,3.59,24.0,11.14,18.65
2025-05-08 22:52:01,MODO DC,3.59,24.0,11.14,18.65
2025-05-08 22:52:01,MODO DC,3.59,24.0,11.14,18.65
2025-05-08 22:52:01,MODO DC,3.59,24.0,11.14,18.65
2025-05-08 22:52:01,MODO DC,3.59,24.0,11.14,18.65
2025-05-08 22:52:01,MODO DC,3.59,24.0,11.14,18.65
2025-05-08 22:52:01,MODO DC,3.59,24.0,11.14,18.65
2025-05-08 22:52:01,MODO DC,3.59,24.0,11.14,18.65
2025-05-08 22:52:01,MODO DC,3.59,24.0,11.14,18.65
2025-05-08 22:52:01,MODO DC,3.59,24.0,11.14,18.65
2025-05-08 22:52:01,MODO DC,3.59,24.0,11.14,18.65
2025-05-08 22:52:01,MODO DC,3.59,24.0,11.14,18.65
2025-05-08 22:52:01,MODO DC,3.59,24.0,11.14,18.65
2025-05-08 22:52:01,MODO DC,3.59,24.0,11.14,18.65
2025-05-08 22:52:01,MODO DC,3.59,24.0,11.14,18.65
2025-05-08 22:52:01,MODO DC,3.59,24.0,11.14,18.65
2025-05-08 22:52:01,MODO DC,3.59,24.0,11.14,18.65
2025-05-08 22:52:01,MODO DC,3.59,24.0,11.14,18.65
2025-05-08 22:52:01,MODO DC,3.59,24.0,11.14,18.65
2025-05-08 22:52:01,MODO DC,3.59,24.0,11.14,18.65
2025-05-08 22:52:01,MODO DC,3.59,24.0,11.14,18.65
2025-05-08 22:52:02,MODO DC,3.59,24.0,11.14,18.65
2025-05-08 22:52:02,MODO DC,3.59,24.0,11.14,18.65
2025-05-08 22:52:02,MODO DC,3.59,24.0,11.14,18.65
2025-05-08 22:52:02,MODO DC,3.59,24.0,11.14,18.65
2025-05-08 22:52:02,MODO DC,3.59,24.0,11.14,18.65
2025-05-08 22:52:02,MODO DC,3.59,24.0,11.14,18.65
2025-05-08 22:52:02,MODO DC,3.59,24.0,11.14,18.65
2025-05-08 22:52:02,MODO DC,3.59,24.0,11.14,18.65
2025-05-08 22:52:02,MODO DC,3.59,24.0,11.14,18.65
2025-05-08 22:52:02,MODO DC,3.59,24.0,11.14,18.65
2025-05-08 22:52:02,MODO DC,3.59,24.0,11.14,18.65
2025-05-08 22:52:02,MODO DC,3.59,24.0,11.14,18.65
2025-05-08 22:52:02,MODO DC,3.59,24.0,11.14,18.65
2025-05-08 22:52:02,MODO DC,3.59,24.0,11.14,18.65
2025-05-08 22:52:02,MODO DC,3.59,24.0,11.14,18.65
2025-05-08 22:52:02,MODO DC,3.59,24.0,11.14,18.65
2025-05-08 22:52:02,MODO DC,3.59,24.0,11.14,18.65
2025-05-08 22:52:02,MODO DC,3.59,24.0,11.14,18.65
2025-05-08 22:52:02,MODO DC,3.59,24.0,11.14,18.65
2025-05-08 22:52:02,MODO DC,3.59,24.0,11.14,18.65
2025-05-08 22:52:02,MODO DC,3.59,24.0,11.14,18.65
2025-05-08 22:52:02,MODO DC,3.59,24.0,11.14,18.65
2025-05-08 22:52:02,MODO DC,3.59,24.0,11.14,18.65
2025-05-08 22:52:02,MODO DC,3.59,24.0,11.14,18.65
2025-05-08 22:52:03,MODO DC,3.59,24.0,11.14,18.65
2025-05-08 22:52:03,MODO DC,3.59,24.0,11.14,18.65
2025-05-08 22:52:03,MODO DC,3.59,24.0,11.14,18.65
2025-05-08 22:52:03,MODO DC,3.59,24.0,11.14,18.65
2025-05-08 22:52:03,MODO DC,3.59,24.0,11.14,18.65
2025-05-08 22:52:03,MODO DC,3.59,24.0,11.14,18.65
2025-05-08 22:52:03,MODO DC,3.59,24.0,11.14,18.65
2025-05-08 22:52:03,MODO DC,3.59,24.0,11.14,18.65
2025-05-08 22:52:03,MODO DC,3.59,24.0,11.14,18.65
2025-05-08 22:52:03,MODO DC,3.59,24.0,11.14,18.65
2025-05-08 22:52:03,MODO DC,3.59,24.0,11.14,18.65
2025-05-08 22:52:03,MODO DC,3.59,24.0,11.14,18.65
2025-05-08 22:52:03,MODO DC,3.59,24.0,11.14,18.65
2025-05-08 22:52:03,MODO DC,3.59,24.0,11.14,18.65
2025-05-08 22:52:03,MODO DC,3.59,24.0,11.14,18.65
2025-05-08 22:52:03,MODO DC,3.59,24.0,11.14,18.65
2025-05-08 22:52:03,MODO DC,3.59,24.0,11.14,18.65
2025-05-08 22:52:03,MODO DC,3.59,24.0,11.14,18.65
2025-05-08 22:52:03,MODO DC,3.59,24.0,11.14,18.65
2025-05-08 22:52:03,MODO DC,3.59,24.0,11.14,18.65
2025-05-08 22:52:03,MODO DC,3.59,24.0,11.14,18.65
2025-05-08 22:52:03,MODO DC,3.59,24.0,11.14,18.65
2025-05-08 22:52:03,MODO DC,3.59,24.0,11.14,18.65
2025-05-08 22:52:03,MODO DC,3.59,24.0,11.14,18.65
2025-05-08 22:52:04,MODO DC,3.59,24.0,11.14,18.65
2025-05-08 22:52:04,MODO DC,3.59,24.0,11.14,18.65
2025-05-08 22:52:04,MODO DC,3.59,24.0,11.14,18.65
2025-05-08 22:52:04,MODO DC,3.59,24.0,11.14,18.65
2025-05-08 22:52:04,MODO DC,3.59,24.0,11.14,18.65
2025-05-08 22:52:04,MODO DC,3.59,24.0,11.14,18.65
2025-05-08 22:52:04,MODO DC,3.59,24.0,11.14,18.65
2025-05-08 22:52:04,MODO DC,3.59,24.0,11.14,18.65
2025-05-08 22:52:04,MODO DC,3.59,24.0,11.14,18.65
2025-05-08 22:52:04,MODO DC,3.59,24.0,11.14,18.65
2025-05-08 22:52:04,MODO DC,3.59,24.0,11.14,18.65
2025-05-08 22:52:04,MODO DC,3.59,24.0,11.14,18.65
2025-05-08 22:52:04,MODO DC,3.59,24.0,11.14,18.65
2025-05-08 22:52:04,MODO DC,3.59,24.0,11.14,18.65
2025-05-08 22:52:04,MODO DC,3.59,24.0,11.14,18.65
2025-05-08 22:52:04,MODO DC,3.59,24.0,11.14,18.65
2025-05-08 22:52:04,MODO DC,3.59,24.0,11.14,18.65
2025-05-08 22:52:04,MODO DC,3.59,24.0,11.14,18.65
2025-05-08 22:52:04,MODO DC,3.59,24.0,11.14,18.65
2025-05-08 22:52:04,MODO DC,3.59,24.0,11.14,18.65
2025-05-08 22:52:04,MODO DC,3.59,24.0,11.14,18.65
2025-05-08 22:52:04,MODO DC,3.59,24.0,11.14,18.65
2025-05-08 22:52:04,MODO DC,3.59,24.0,11.14,18.65
2025-05-08 22:52:05,MODO DC,3.59,24.0,11.14,18.65
2025-05-08 22:52:05,MODO DC,3.59,24.0,11.14,18.65
2025-05-08 22:52:05,MODO DC,3.59,24.0,11.14,18.65
2025-05-08 22:52:05,MODO DC,3.59,24.0,11.14,18.65
2025-05-08 22:52:05,MODO DC,3.59,24.0,11.14,18.65
2025-05-08 22:52:05,MODO DC,3.59,24.0,11.14,18.65
2025-05-08 22:52:05,MODO DC,3.59,24.0,11.14,18.65
2025-05-08 22:52:05,MODO DC,3.59,24.0,11.14,18.65
2025-05-08 22:52:05,MODO DC,3.59,24.0,11.14,18.65
2025-05-08 22:52:05,MODO DC,3.59,24.0,11.14,18.65
2025-05-08 22:52:05,MODO DC,3.59,24.0,11.14,18.65
2025-05-08 22:52:05,MODO DC,3.59,24.0,11.14,18.65
2025-05-08 22:52:05,MODO DC,3.59,24.0,11.14,18.65
2025-05-08 22:52:05,MODO DC,3.59,24.0,11.14,18.65
2025-05-08 22:52:05,MODO DC,3.59,24.0,11.14,18.65
2025-05-08 22:52:05,MODO DC,3.59,24.0,11.14,18.65
2025-05-08 22:52:05,MODO DC,3.59,24.0,11.14,18.65
2025-05-08 22:52:05,MODO DC,3.59,24.0,11.14,18.65
2025-05-08 22:52:05,MODO DC,3.59,24.0,11.14,18.65
2025-05-08 22:52:05,MODO DC,3.59,24.0,11.14,18.65
2025-05-08 22:52:05,MODO DC,3.59,24.0,11.14,18.65
2025-05-08 22:52:05,MODO DC,3.59,24.0,11.14,18.65
2025-05-08 22:52:05,MODO DC,3.59,24.0,11.14,18.65
2025-05-08 22:52:05,MODO DC,3.59,24.0,11.14,18.65
2025-05-08 22:52:05,MODO DC,3.59,24.0,11.14,18.65
2025-05-08 22:52:06,MODO DC,3.59,24.0,11.14,18.65
2025-05-08 22:52:06,MODO DC,3.59,24.0,11.14,18.65
2025-05-08 22:52:06,MODO DC,3.59,24.0,11.14,18.65
2025-05-08 22:52:06,MODO DC,3.59,24.0,11.14,18.65
2025-05-08 22:52:06,MODO DC,3.59,24.0,11.14,18.65
2025-05-08 22:52:06,MODO DC,3.59,24.0,11.14,18.65
2025-05-08 22:52:06,MODO DC,3.59,24.0,11.14,18.65
2025-05-08 22:52:06,MODO DC,3.59,24.0,11.14,18.65
2025-05-08 22:52:06,MODO DC,3.59,24.0,11.14,18.65
2025-05-08 22:52:06,MODO DC,3.59,24.0,11.14,18.65
2025-05-08 22:52:06,MODO DC,3.59,24.0,11.14,18.65
2025-05-08 22:52:06,MODO DC,3.59,24.0,11.14,18.65
2025-05-08 22:52:06,MODO DC,3.59,24.0,11.14,18.65
2025-05-08 22:52:06,MODO DC,3.59,24.0,11.14,18.65
2025-05-08 22:52:06,MODO DC,3.59,24.0,11.14,18.65
2025-05-08 22:52:06,MODO DC,3.59,24.0,11.14,18.65
2025-05-08 22:52:06,MODO DC,3.59,24.0,11.14,18.65
2025-05-08 22:52:06,MODO DC,3.59,24.0,11.14,18.65
2025-05-08 22:52:06,MODO DC,3.59,24.0,11.14,18.65
2025-05-08 22:52:06,MODO DC,3.59,24.0,11.14,18.65
2025-05-08 22:52:06,MODO DC,3.59,24.0,11.14,18.65
2025-05-08 22:52:06,MODO DC,3.59,24.0,11.14,18.65
2025-05-08 22:52:06,MODO DC,3.59,24.0,11.14,18.65
2025-05-08 22:52:06,MODO DC,3.59,24.0,11.14,18.65
2025-05-08 22:52:06,MODO DC,3.59,24.0,11.14,18.65
2025-05-08 22:52:07,MODO DC,3.59,24.0,11.14,18.65
2025-05-08 22:52:07,MODO DC,3.59,24.0,11.14,18.65
2025-05-08 22:52:07,MODO DC,3.59,24.0,11.14,18.65
2025-05-08 22:52:07,MODO DC,3.59,24.0,11.14,18.65
2025-05-08 22:52:07,MODO DC,3.59,24.0,11.14,18.65
2025-05-08 22:52:07,MODO DC,3.59,24.0,11.14,18.65
2025-05-08 22:52:07,MODO DC,3.59,24.0,11.14,18.65
2025-05-08 22:52:07,MODO DC,3.59,24.0,11.14,18.65
2025-05-08 22:52:07,MODO DC,3.59,24.0,11.14,18.65
2025-05-08 22:52:07,MODO DC,3.59,24.0,11.14,18.65
2025-05-08 22:52:07,MODO DC,3.59,24.0,11.14,18.65
2025-05-08 22:52:07,MODO DC,3.59,24.0,11.14,18.65
2025-05-08 22:52:07,MODO DC,3.59,24.0,11.14,18.65
2025-05-08 22:52:07,MODO DC,3.59,24.0,11.14,18.65
2025-05-08 22:52:07,MODO DC,3.59,24.0,11.14,18.65
2025-05-08 22:52:07,MODO DC,3.59,24.0,11.14,18.65
2025-05-08 22:52:07,MODO DC,3.59,24.0,11.14,18.65
2025-05-08 22:52:07,MODO DC,3.59,24.0,11.14,18.65
2025-05-08 22:52:07,MODO DC,3.59,24.0,11.14,18.65
2025-05-08 22:52:07,MODO DC,3.59,24.0,11.14,18.65
2025-05-08 22:52:07,MODO DC,3.59,24.0,11.14,18.65
2025-05-08 22:52:07,MODO DC,3.59,24.0,11.14,18.65
2025-05-08 22:52:07,MODO DC,3.59,24.0,11.14,18.65
2025-05-08 22:52:07,MODO DC,3.59,24.0,11.14,18.65
2025-05-08 22:52:08,MODO DC,3.59,24.0,11.14,18.65
2025-05-08 22:52:08,MODO DC,3.59,24.0,11.14,18.65
2025-05-08 22:52:08,MODO DC,3.59,24.0,11.14,18.65
2025-05-08 22:52:08,MODO DC,3.59,24.0,11.14,18.65
2025-05-08 22:52:08,MODO DC,3.59,24.0,11.14,18.65
2025-05-08 22:52:08,MODO DC,3.59,24.0,11.14,18.65
2025-05-08 22:52:08,MODO DC,3.59,24.0,11.14,18.65
2025-05-08 22:52:08,MODO DC,3.59,24.0,11.14,18.65
2025-05-08 22:52:08,MODO DC,3.59,24.0,11.14,18.65
2025-05-08 22:52:08,MODO DC,3.59,24.0,11.14,18.65
2025-05-08 22:52:08,MODO DC,3.59,24.0,11.14,18.65
2025-05-08 22:52:08,MODO DC,3.59,24.0,11.14,18.65
2025-05-08 22:52:08,MODO DC,3.59,24.0,11.14,18.65
2025-05-08 22:52:08,MODO DC,3.59,24.0,11.14,18.65
2025-05-08 22:52:08,MODO DC,3.59,24.0,11.14,18.65
2025-05-08 22:52:08,MODO DC,3.59,24.0,11.14,18.65
2025-05-08 22:52:08,MODO DC,3.59,24.0,11.14,18.65
2025-05-08 22:52:08,MODO DC,3.59,24.0,11.14,18.65
2025-05-08 22:52:08,MODO DC,3.59,24.0,11.14,18.65
2025-05-08 22:52:08,MODO DC,3.59,24.0,11.14,18.65
2025-05-08 22:52:08,MODO DC,3.59,24.0,11.14,18.65
2025-05-08 22:52:08,MODO DC,3.59,24.0,11.14,18.65
2025-05-08 22:52:08,MODO DC,3.59,24.0,11.14,18.65
2025-05-08 22:52:08,MODO DC,3.59,24.0,11.14,18.65
2025-05-08 22:52:09,MODO DC,3.59,24.0,11.14,18.65
2025-05-08 22:52:09,MODO DC,3.59,24.0,11.14,18.65
2025-05-08 22:52:09,MODO DC,3.59,24.0,11.14,18.65
2025-05-08 22:52:09,MODO DC,3.59,24.0,11.14,18.65
2025-05-08 22:52:09,MODO DC,3.59,24.0,11.14,18.65
2025-05-08 22:52:09,MODO DC,3.59,24.0,11.14,18.65
2025-05-08 22:52:09,MODO DC,3.59,24.0,11.14,18.65
2025-05-08 22:52:09,MODO DC,3.59,24.0,11.14,18.65
2025-05-08 22:52:09,MODO DC,3.59,24.0,11.14,18.65
2025-05-08 22:52:09,MODO DC,3.59,24.0,11.14,18.65
2025-05-08 22:52:09,MODO DC,3.59,24.0,11.14,18.65
2025-05-08 22:52:09,MODO DC,3.59,24.0,11.14,18.65
2025-05-08 22:52:09,MODO DC,3.59,24.0,11.14,18.65
2025-05-08 22:52:09,MODO DC,3.59,24.0,11.14,18.65
2025-05-08 22:52:09,MODO DC,3.59,24.0,11.14,18.65
2025-05-08 22:52:09,MODO DC,3.59,24.0,11.14,18.65
2025-05-08 22:52:09,MODO DC,3.59,24.0,11.14,18.65
2025-05-08 22:52:09,MODO DC,3.59,24.0,11.14,18.65
2025-05-08 22:52:09,MODO DC,3.59,24.0,11.14,18.65
2025-05-08 22:52:09,MODO DC,3.59,24.0,11.14,18.65
2025-05-08 22:52:09,MODO DC,3.59,24.0,11.14,18.65
2025-05-08 22:52:09,MODO DC,3.59,24.0,11.14,18.65
2025-05-08 22:52:09,MODO DC,3.59,24.0,11.14,18.65
2025-05-08 22:52:09,MODO DC,3.59,24.0,11.14,18.65
2025-05-08 22:52:10,MODO DC,3.59,24.0,11.14,18.65
2025-05-08 22:52:10,MODO DC,3.59,24.0,11.14,18.65
2025-05-08 22:52:10,MODO DC,3.59,24.0,11.14,18.65
2025-05-08 22:52:10,MODO DC,3.59,24.0,11.14,18.65
2025-05-08 22:52:10,MODO DC,3.59,24.0,11.14,18.65
2025-05-08 22:52:10,MODO DC,3.59,24.0,11.14,18.65
2025-05-08 22:52:10,MODO DC,3.59,24.0,11.14,18.65
2025-05-08 22:52:10,MODO DC,3.59,24.0,11.14,18.65
2025-05-08 22:52:10,MODO DC,3.59,24.0,11.14,18.65
2025-05-08 22:52:10,MODO DC,3.59,24.0,11.14,18.65
2025-05-08 22:52:10,MODO DC,3.59,24.0,11.14,18.65
2025-05-08 22:52:10,MODO DC,3.59,24.0,11.14,18.65
2025-05-08 22:52:10,MODO DC,3.59,24.0,11.14,18.65
2025-05-08 22:52:10,MODO DC,3.59,24.0,11.14,18.65
2025-05-08 22:52:10,MODO DC,3.59,24.0,11.14,18.65
2025-05-08 22:52:10,MODO DC,3.59,24.0,11.14,18.65
2025-05-08 22:52:10,MODO DC,3.59,24.0,11.14,18.65
2025-05-08 22:52:10,MODO DC,3.59,24.0,11.14,18.65
2025-05-08 22:52:10,MODO DC,3.59,24.0,11.14,18.65
2025-05-08 22:52:10,MODO DC,3.59,24.0,11.14,18.65
2025-05-08 22:52:10,MODO DC,3.59,24.0,11.14,18.65
2025-05-08 22:52:10,MODO DC,3.59,24.0,11.14,18.65
2025-05-08 22:52:10,MODO DC,3.59,24.0,11.14,18.65
2025-05-08 22:52:10,MODO DC,3.59,24.0,11.14,18.65
2025-05-08 22:52:10,MODO DC,3.59,24.0,11.14,18.65
2025-05-08 22:52:11,MODO DC,3.59,24.0,11.14,18.65
2025-05-08 22:52:11,MODO DC,3.59,24.0,11.14,18.65
2025-05-08 22:52:11,MODO DC,3.59,24.0,11.14,18.65
2025-05-08 22:52:11,MODO DC,3.59,24.0,11.14,18.65
2025-05-08 22:52:11,MODO DC,3.59,24.0,11.14,18.65
2025-05-08 22:52:11,MODO DC,3.59,24.0,11.14,18.65
2025-05-08 22:52:11,MODO DC,3.59,24.0,11.14,18.65
2025-05-08 22:52:11,MODO DC,3.59,24.0,11.14,18.65
2025-05-08 22:52:11,MODO DC,3.59,24.0,11.14,18.65
2025-05-08 22:52:11,MODO DC,3.59,24.0,11.14,18.65
2025-05-08 22:52:11,MODO DC,3.59,24.0,11.14,18.65
2025-05-08 22:52:11,MODO DC,3.59,24.0,11.14,18.65
2025-05-08 22:52:11,MODO DC,3.59,24.0,11.14,18.65
2025-05-08 22:52:11,MODO DC,3.59,24.0,11.14,18.65
2025-05-08 22:52:11,MODO DC,3.59,24.0,11.14,18.65
2025-05-08 22:52:11,MODO DC,3.59,24.0,11.14,18.65
2025-05-08 22:52:11,MODO DC,3.59,24.0,11.14,18.65
2025-05-08 22:52:11,MODO DC,3.59,24.0,11.14,18.65
2025-05-08 22:52:11,MODO DC,3.59,24.0,11.14,18.65
2025-05-08 22:52:11,MODO DC,3.59,24.0,11.14,18.65
2025-05-08 22:52:11,MODO DC,3.59,24.0,11.14,18.65
2025-05-08 22:52:11,MODO DC,3.59,24.0,11.14,18.65
2025-05-08 22:52:11,MODO DC,3.59,24.0,11.14,18.65
2025-05-08 22:52:11,MODO DC,3.59,24.0,11.14,18.65
2025-05-08 22:52:12,MODO DC,3.59,24.0,11.14,18.65
2025-05-08 22:52:12,MODO DC,3.59,24.0,11.14,18.65
2025-05-08 22:52:12,MODO DC,3.59,24.0,11.14,18.65
2025-05-08 22:52:12,MODO DC,3.59,24.0,11.14,18.65
2025-05-08 22:52:12,MODO DC,3.59,24.0,11.14,18.65
2025-05-08 22:52:12,MODO DC,3.59,24.0,11.14,18.65
2025-05-08 22:52:12,MODO DC,3.59,24.0,11.14,18.65
2025-05-08 22:52:12,MODO DC,3.59,24.0,11.14,18.65
2025-05-08 22:52:12,MODO DC,3.59,24.0,11.14,18.65
2025-05-08 22:52:12,MODO DC,3.59,24.0,11.14,18.65
2025-05-08 22:52:12,MODO DC,3.59,24.0,11.14,18.65
2025-05-08 22:52:12,MODO DC,3.59,24.0,11.14,18.65
2025-05-08 22:52:12,MODO DC,3.59,24.0,11.14,18.65
2025-05-08 22:52:12,MODO DC,3.59,24.0,11.14,18.65
2025-05-08 22:52:12,MODO DC,3.59,24.0,11.14,18.65
2025-05-08 22:52:12,MODO DC,3.59,24.0,11.14,18.65
2025-05-08 22:52:12,MODO DC,3.59,24.0,11.14,18.65
2025-05-08 22:52:12,MODO DC,3.59,24.0,11.14,18.65
2025-05-08 22:52:12,MODO DC,3.59,24.0,11.14,18.65
2025-05-08 22:52:12,MODO DC,3.59,24.0,11.14,18.65
2025-05-08 22:52:12,MODO DC,3.59,24.0,11.14,18.65
2025-05-08 22:52:12,MODO DC,3.59,24.0,11.14,18.65
2025-05-08 22:52:12,MODO DC,3.59,24.0,11.14,18.65
2025-05-08 22:52:12,MODO DC,3.59,24.0,11.14,18.65
2025-05-08 22:52:13,MODO DC,3.59,24.0,11.14,18.65
2025-05-08 22:52:13,MODO DC,3.59,24.0,11.14,18.65
2025-05-08 22:52:13,MODO DC,3.59,24.0,11.14,18.65
2025-05-08 22:52:13,MODO DC,3.59,24.0,11.14,18.65
2025-05-08 22:52:13,MODO DC,3.59,24.0,11.14,18.65
2025-05-08 22:52:13,MODO DC,3.59,24.0,11.14,18.65
2025-05-08 22:52:13,MODO DC,3.59,24.0,11.14,18.65
2025-05-08 22:52:13,MODO DC,3.59,24.0,11.14,18.65
2025-05-08 22:52:13,MODO DC,3.59,24.0,11.14,18.65
2025-05-08 22:52:13,MODO DC,3.59,24.0,11.14,18.65
2025-05-08 22:52:13,MODO DC,3.59,24.0,11.14,18.65
2025-05-08 22:52:13,MODO DC,3.59,24.0,11.14,18.65
2025-05-08 22:52:13,MODO DC,3.59,24.0,11.14,18.65
2025-05-08 22:52:13,MODO DC,3.59,24.0,11.14,18.65
2025-05-08 22:52:13,MODO DC,3.59,24.0,11.14,18.65
2025-05-08 22:52:13,MODO DC,3.59,24.0,11.14,18.65
2025-05-08 22:52:13,MODO DC,3.59,24.0,11.14,18.65
2025-05-08 22:52:13,MODO DC,3.59,24.0,11.14,18.65
2025-05-08 22:52:13,MODO DC,3.59,24.0,11.14,18.65
2025-05-08 22:52:13,MODO DC,3.59,24.0,11.14,18.65
2025-05-08 22:52:13,MODO DC,3.59,24.0,11.14,18.65
2025-05-08 22:52:13,MODO DC,3.59,24.0,11.14,18.65
2025-05-08 22:52:13,MODO DC,3.59,24.0,11.14,18.65
2025-05-08 22:52:13,MODO DC,3.59,24.0,11.14,18.65
2025-05-08 22:52:13,MODO DC,3.59,24.0,11.14,18.65
2025-05-08 22:52:14,MODO DC,3.59,24.0,11.14,18.65
2025-05-08 22:52:14,MODO DC,3.59,24.0,11.14,18.65
2025-05-08 22:52:14,MODO DC,3.59,24.0,11.14,18.65
2025-05-08 22:52:14,MODO DC,3.59,24.0,11.14,18.65
2025-05-08 22:52:14,MODO DC,3.59,24.0,11.14,18.65
2025-05-08 22:52:14,MODO DC,3.59,24.0,11.14,18.65
2025-05-08 22:52:14,MODO DC,3.59,24.0,11.14,18.65
2025-05-08 22:52:14,MODO DC,3.59,24.0,11.14,18.65
2025-05-08 22:52:14,MODO DC,3.59,24.0,11.14,18.65
2025-05-08 22:52:14,MODO DC,3.59,24.0,11.14,18.65
2025-05-08 22:52:14,MODO DC,3.59,24.0,11.14,18.65
2025-05-08 22:52:14,MODO DC,3.59,24.0,11.14,18.65
2025-05-08 22:52:14,MODO DC,3.59,24.0,11.14,18.65
2025-05-08 22:52:14,MODO DC,3.59,24.0,11.14,18.65
2025-05-08 22:52:14,MODO DC,3.59,24.0,11.14,18.65
2025-05-08 22:52:14,MODO DC,3.59,24.0,11.14,18.65
2025-05-08 22:52:14,MODO DC,3.59,24.0,11.14,18.65
2025-05-08 22:52:14,MODO DC,3.59,24.0,11.14,18.65
2025-05-08 22:52:14,MODO DC,3.59,24.0,11.14,18.65
2025-05-08 22:52:14,MODO DC,3.59,24.0,11.14,18.65
2025-05-08 22:52:14,MODO DC,3.59,24.0,11.14,18.65
2025-05-08 22:52:14,MODO DC,3.59,24.0,11.14,18.65
2025-05-08 22:52:14,MODO DC,3.59,24.0,11.14,18.65
2025-05-08 22:52:14,MODO DC,3.59,24.0,11.14,18.65
2025-05-08 22:52:15,MODO DC,3.59,24.0,11.14,18.65
2025-05-08 22:52:15,MODO DC,3.59,24.0,11.14,18.65
2025-05-08 22:52:15,MODO DC,3.59,24.0,11.14,18.65
2025-05-08 22:52:15,MODO DC,3.59,24.0,11.14,18.65
2025-05-08 22:52:15,MODO DC,3.59,24.0,11.14,18.65
2025-05-08 22:52:15,MODO DC,3.59,24.0,11.14,18.65
2025-05-08 22:52:15,MODO DC,3.59,24.0,11.14,18.65
2025-05-08 22:52:15,MODO DC,3.59,24.0,11.14,18.65
2025-05-08 22:52:15,MODO DC,3.59,24.0,11.14,18.65
2025-05-08 22:52:15,MODO DC,3.59,24.0,11.14,18.65
2025-05-08 22:52:15,MODO DC,3.59,24.0,11.14,18.65
2025-05-08 22:52:15,MODO DC,3.59,24.0,11.14,18.65
2025-05-08 22:52:15,MODO DC,3.59,24.0,11.14,18.65
2025-05-08 22:52:15,MODO DC,3.59,24.0,11.14,18.65
2025-05-08 22:52:15,MODO DC,3.59,24.0,11.14,18.65
2025-05-08 22:52:15,MODO DC,3.59,24.0,11.14,18.65
2025-05-08 22:52:15,MODO DC,3.59,24.0,11.14,18.65
2025-05-08 22:52:15,MODO DC,3.59,24.0,11.14,18.65
2025-05-08 22:52:15,MODO DC,3.59,24.0,11.14,18.65
2025-05-08 22:52:15,MODO DC,3.59,24.0,11.14,18.65
2025-05-08 22:52:15,MODO DC,3.59,24.0,11.14,18.65
2025-05-08 22:52:16,MODO DC,3.59,24.0,11.14,18.65
2025-05-08 22:52:16,MODO DC,3.59,24.0,11.14,18.65
2025-05-08 22:52:16,MODO DC,3.59,24.0,11.14,18.65
2025-05-08 22:52:16,MODO DC,3.59,24.0,11.14,18.65
2025-05-08 22:52:16,MODO DC,3.59,24.0,11.14,18.65
2025-05-08 22:52:16,MODO DC,3.59,24.0,11.14,18.65
2025-05-08 22:52:16,MODO DC,3.59,24.0,11.14,18.65
2025-05-08 22:52:16,MODO DC,3.59,24.0,11.14,18.65
2025-05-08 22:52:16,MODO DC,3.59,24.0,11.14,18.65
2025-05-08 22:52:16,MODO DC,3.59,24.0,11.14,18.65
2025-05-08 22:52:16,MODO DC,3.59,24.0,11.14,18.65
2025-05-08 22:52:16,MODO DC,3.59,24.0,11.14,18.65
2025-05-08 22:52:16,MODO DC,3.59,24.0,11.14,18.65
2025-05-08 22:52:16,MODO DC,3.59,24.0,11.14,18.65
2025-05-08 22:52:16,MODO DC,3.59,24.0,11.14,18.65
2025-05-08 22:52:16,MODO DC,3.59,24.0,11.14,18.65
2025-05-08 22:52:16,MODO DC,3.59,24.0,11.14,18.65
2025-05-08 22:52:16,MODO DC,3.59,24.0,11.14,18.65
2025-05-08 22:52:16,MODO DC,3.59,24.0,11.14,18.65
2025-05-08 22:52:16,MODO DC,3.59,24.0,11.14,18.65
2025-05-08 22:52:16,MODO DC,3.59,24.0,11.14,18.65
2025-05-08 22:52:16,MODO DC,3.59,24.0,11.14,18.65
2025-05-08 22:52:16,MODO DC,3.59,24.0,11.14,18.65
2025-05-08 22:52:16,MODO DC,3.59,24.0,11.14,18.65
2025-05-08 22:52:17,MODO DC,3.59,24.0,11.14,18.65
2025-05-08 22:52:17,MODO DC,3.59,24.0,11.14,18.65
2025-05-08 22:52:17,MODO DC,3.59,24.0,11.14,18.65
2025-05-08 22:52:17,MODO DC,3.59,24.0,11.14,18.65
2025-05-08 22:52:17,MODO DC,3.59,24.0,11.14,18.65
2025-05-08 22:52:17,MODO DC,3.59,24.0,11.14,18.65
2025-05-08 22:52:17,MODO DC,3.59,24.0,11.14,18.65
2025-05-08 22:52:17,MODO DC,3.59,24.0,11.14,18.65
2025-05-08 22:52:17,MODO DC,3.59,24.0,11.14,18.65
2025-05-08 22:52:17,MODO DC,3.59,24.0,11.14,18.65
2025-05-08 22:52:17,MODO DC,3.59,24.0,11.14,18.65
2025-05-08 22:52:17,MODO DC,3.59,24.0,11.14,18.65
2025-05-08 22:52:17,MODO DC,3.59,24.0,11.14,18.65
2025-05-08 22:52:17,MODO DC,3.59,24.0,11.14,18.65
2025-05-08 22:52:17,MODO DC,3.59,24.0,11.14,18.65
2025-05-08 22:52:17,MODO DC,3.59,24.0,11.14,18.65
2025-05-08 22:52:17,MODO DC,3.59,24.0,11.14,18.65
2025-05-08 22:52:17,MODO DC,3.59,24.0,11.14,18.65
2025-05-08 22:52:17,MODO DC,3.59,24.0,11.14,18.65
2025-05-08 22:52:17,MODO DC,3.59,24.0,11.14,18.65
2025-05-08 22:52:17,MODO DC,3.59,24.0,11.14,18.65
2025-05-08 22:52:17,MODO DC,3.59,24.0,11.14,18.65
2025-05-08 22:52:17,MODO DC,3.59,24.0,11.14,18.65
2025-05-08 22:52:17,MODO DC,3.59,24.0,11.14,18.65
2025-05-08 22:52:17,MODO DC,3.59,24.0,11.14,18.65
2025-05-08 22:52:18,MODO DC,3.59,24.0,11.14,18.65
2025-05-08 22:52:18,MODO DC,3.59,24.0,11.14,18.65
2025-05-08 22:52:18,MODO DC,3.59,24.0,11.14,18.65
2025-05-08 22:52:18,MODO DC,3.59,24.0,11.14,18.65
2025-05-08 22:52:18,MODO DC,3.59,24.0,11.14,18.65
2025-05-08 22:52:18,MODO DC,3.59,24.0,11.14,18.65
2025-05-08 22:52:18,MODO DC,3.59,24.0,11.14,18.65
2025-05-08 22:52:18,MODO DC,3.59,24.0,11.14,18.65
2025-05-08 22:52:18,MODO DC,3.59,24.0,11.14,18.65
2025-05-08 22:52:18,MODO DC,3.59,24.0,11.14,18.65
2025-05-08 22:52:18,MODO DC,3.59,24.0,11.14,18.65
2025-05-08 22:52:18,MODO DC,3.59,24.0,11.14,18.65
2025-05-08 22:52:18,MODO DC,3.59,24.0,11.14,18.65
2025-05-08 22:52:18,MODO DC,3.59,24.0,11.14,18.65
2025-05-08 22:52:18,MODO DC,3.59,24.0,11.14,18.65
2025-05-08 22:52:18,MODO DC,3.59,24.0,11.14,18.65
2025-05-08 22:52:18,MODO DC,3.59,24.0,11.14,18.65
2025-05-08 22:52:18,MODO DC,3.59,24.0,11.14,18.65
2025-05-08 22:52:18,MODO DC,3.59,24.0,11.14,18.65
2025-05-08 22:52:18,MODO DC,3.59,24.0,11.14,18.65
2025-05-08 22:52:18,MODO DC,3.59,24.0,11.14,18.65
2025-05-08 22:52:18,MODO DC,3.59,24.0,11.14,18.65
2025-05-08 22:52:18,MODO DC,3.59,24.0,11.14,18.65
2025-05-08 22:52:18,MODO DC,3.59,24.0,11.14,18.65
2025-05-08 22:52:19,MODO DC,3.59,24.0,11.14,18.65
2025-05-08 22:52:19,MODO DC,3.59,24.0,11.14,18.65
2025-05-08 22:52:19,MODO DC,3.59,24.0,11.14,18.65
2025-05-08 22:52:19,MODO DC,3.59,24.0,11.14,18.65
2025-05-08 22:52:19,MODO DC,3.59,24.0,11.14,18.65
2025-05-08 22:52:19,MODO DC,3.59,24.0,11.14,18.65
2025-05-08 22:52:19,MODO DC,3.59,24.0,11.14,18.65
2025-05-08 22:52:19,MODO DC,3.59,24.0,11.14,18.65
2025-05-08 22:52:19,MODO DC,3.59,24.0,11.14,18.65
2025-05-08 22:52:19,MODO DC,3.59,24.0,11.14,18.65
2025-05-08 22:52:19,MODO DC,3.59,24.0,11.14,18.65
2025-05-08 22:52:19,MODO DC,3.59,24.0,11.14,18.65
2025-05-08 22:52:19,MODO DC,3.59,24.0,11.14,18.65
2025-05-08 22:52:19,MODO DC,3.59,24.0,11.14,18.65
2025-05-08 22:52:19,MODO DC,3.59,24.0,11.14,18.65
2025-05-08 22:52:19,MODO DC,3.59,24.0,11.14,18.65
2025-05-08 22:52:19,MODO DC,3.59,24.0,11.14,18.65
2025-05-08 22:52:19,MODO DC,3.59,24.0,11.14,18.65
2025-05-08 22:52:19,MODO DC,3.59,24.0,11.14,18.65
2025-05-08 22:52:19,MODO DC,3.59,24.0,11.14,18.65
2025-05-08 22:52:19,MODO DC,3.59,24.0,11.14,18.65
2025-05-08 22:52:19,MODO DC,3.59,24.0,11.14,18.65
2025-05-08 22:52:19,MODO DC,3.59,24.0,11.14,18.65
2025-05-08 22:52:20,MODO DC,3.59,24.0,11.14,18.65
2025-05-08 22:52:20,MODO DC,3.59,24.0,11.14,18.65
2025-05-08 22:52:20,MODO DC,3.59,24.0,11.14,18.65
2025-05-08 22:52:20,MODO DC,3.59,24.0,11.14,18.65
2025-05-08 22:52:20,MODO DC,3.59,24.0,11.14,18.65
2025-05-08 22:52:20,MODO DC,3.59,24.0,11.14,18.65
2025-05-08 22:52:20,MODO DC,3.59,24.0,11.14,18.65
2025-05-08 22:52:20,MODO DC,3.59,24.0,11.14,18.65
2025-05-08 22:52:20,MODO DC,3.59,24.0,11.14,18.65
2025-05-08 22:52:20,MODO DC,3.59,24.0,11.14,18.65
2025-05-08 22:52:20,MODO DC,3.59,24.0,11.14,18.65
2025-05-08 22:52:20,MODO DC,3.59,24.0,11.14,18.65
2025-05-08 22:52:20,MODO DC,3.59,24.0,11.14,18.65
2025-05-08 22:52:20,MODO DC,3.59,24.0,11.14,18.65
2025-05-08 22:52:20,MODO DC,3.59,24.0,11.14,18.65
2025-05-08 22:52:20,MODO DC,3.59,24.0,11.14,18.65
2025-05-08 22:52:20,MODO DC,3.59,24.0,11.14,18.65
2025-05-08 22:52:20,MODO DC,3.59,24.0,11.14,18.65
2025-05-08 22:52:20,MODO DC,3.59,24.0,11.14,18.65
2025-05-08 22:52:20,MODO DC,3.59,24.0,11.14,18.65
2025-05-08 22:52:20,MODO DC,3.59,24.0,11.14,18.65
2025-05-08 22:52:20,MODO DC,3.59,24.0,11.14,18.65
2025-05-08 22:52:20,MODO DC,3.59,24.0,11.14,18.65
2025-05-08 22:52:20,MODO DC,3.59,24.0,11.14,18.65
2025-05-08 22:52:21,MODO DC,3.59,24.0,11.14,18.65
2025-05-08 22:52:21,MODO DC,3.59,24.0,11.14,18.65
2025-05-08 22:52:21,MODO DC,3.59,24.0,11.14,18.65
2025-05-08 22:52:21,MODO DC,3.59,24.0,11.14,18.65
2025-05-08 22:52:21,MODO DC,3.59,24.0,11.14,18.65
2025-05-08 22:52:21,MODO DC,3.59,24.0,11.14,18.65
2025-05-08 22:52:21,MODO DC,3.59,24.0,11.14,18.65
2025-05-08 22:52:21,MODO DC,3.59,24.0,11.14,18.65
2025-05-08 22:52:21,MODO DC,3.59,24.0,11.14,18.65
2025-05-08 22:52:21,MODO DC,3.59,24.0,11.14,18.65
2025-05-08 22:52:21,MODO DC,3.59,24.0,11.14,18.65
2025-05-08 22:52:21,MODO DC,3.59,24.0,11.14,18.65
2025-05-08 22:52:21,MODO DC,3.59,24.0,11.14,18.65
2025-05-08 22:52:21,MODO DC,3.59,24.0,11.14,18.65
2025-05-08 22:52:21,MODO DC,3.59,24.0,11.14,18.65
2025-05-08 22:52:21,MODO DC,3.59,24.0,11.14,18.65
2025-05-08 22:52:21,MODO DC,3.59,24.0,11.14,18.65
2025-05-08 22:52:21,MODO DC,3.59,24.0,11.14,18.65
2025-05-08 22:52:21,MODO DC,3.59,24.0,11.14,18.65
2025-05-08 22:52:21,MODO DC,3.59,24.0,11.14,18.65
2025-05-08 22:52:21,MODO DC,3.59,24.0,11.14,18.65
2025-05-08 22:52:21,MODO DC,3.59,24.0,11.14,18.65
2025-05-08 22:52:21,MODO DC,3.59,24.0,11.14,18.65
2025-05-08 22:52:21,MODO DC,3.59,24.0,11.14,18.65
2025-05-08 22:52:22,MODO DC,3.59,24.0,11.14,18.65
2025-05-08 22:52:22,MODO DC,3.59,24.0,11.14,18.65
2025-05-08 22:52:22,MODO DC,3.59,24.0,11.14,18.65
2025-05-08 22:52:22,MODO DC,3.59,24.0,11.14,18.65
2025-05-08 22:52:22,MODO DC,3.59,24.0,11.14,18.65
2025-05-08 22:52:22,MODO DC,3.59,24.0,11.14,18.65
2025-05-08 22:52:22,MODO DC,3.59,24.0,11.14,18.65
2025-05-08 22:52:22,MODO DC,3.59,24.0,11.14,18.65
2025-05-08 22:52:22,MODO DC,3.59,24.0,11.14,18.65
2025-05-08 22:52:22,MODO DC,3.59,24.0,11.14,18.65
2025-05-08 22:52:22,MODO DC,3.59,24.0,11.14,18.65
2025-05-08 22:52:22,MODO DC,3.59,24.0,11.14,18.65
2025-05-08 22:52:22,MODO DC,3.59,24.0,11.14,18.65
2025-05-08 22:52:22,MODO DC,3.59,24.0,11.14,18.65
2025-05-08 22:52:22,MODO DC,3.59,24.0,11.14,18.65
2025-05-08 22:52:22,MODO DC,3.59,24.0,11.14,18.65
2025-05-08 22:52:22,MODO DC,3.59,24.0,11.14,18.65
2025-05-08 22:52:22,MODO DC,3.59,24.0,11.14,18.65
2025-05-08 22:52:22,MODO DC,3.59,24.0,11.14,18.65
2025-05-08 22:52:22,MODO DC,3.59,24.0,11.14,18.65
2025-05-08 22:52:22,MODO DC,3.59,24.0,11.14,18.65
2025-05-08 22:52:22,MODO DC,3.59,24.0,11.14,18.65
2025-05-08 22:52:22,MODO DC,3.59,24.0,11.14,18.65
2025-05-08 22:52:23,MODO DC,3.59,24.0,11.14,18.65
2025-05-08 22:52:23,MODO DC,3.59,24.0,11.14,18.65
2025-05-08 22:52:23,MODO DC,3.59,24.0,11.14,18.65
2025-05-08 22:52:23,MODO DC,3.59,24.0,11.14,18.65
2025-05-08 22:52:23,MODO DC,3.59,24.0,11.14,18.65
2025-05-08 22:52:23,MODO DC,3.59,24.0,11.14,18.65
2025-05-08 22:52:23,MODO DC,3.59,24.0,11.14,18.65
2025-05-08 22:52:23,MODO DC,3.59,24.0,11.14,18.65
2025-05-08 22:52:23,MODO DC,3.59,24.0,11.14,18.65
2025-05-08 22:52:23,MODO DC,3.59,24.0,11.14,18.65
2025-05-08 22:52:23,MODO DC,3.59,24.0,11.14,18.65
2025-05-08 22:52:23,MODO DC,3.59,24.0,11.14,18.65
2025-05-08 22:52:23,MODO DC,3.59,24.0,11.14,18.65
2025-05-08 22:52:23,MODO DC,3.59,24.0,11.14,18.65
2025-05-08 22:52:23,MODO DC,3.59,24.0,11.14,18.65
2025-05-08 22:52:23,MODO DC,3.59,24.0,11.14,18.65
2025-05-08 22:52:23,MODO DC,3.59,24.0,11.14,18.65
2025-05-08 22:52:23,MODO DC,3.59,24.0,11.14,18.65
2025-05-08 22:52:23,MODO DC,3.59,24.0,11.14,18.65
2025-05-08 22:52:23,MODO DC,3.59,24.0,11.14,18.65
2025-05-08 22:52:23,MODO DC,3.59,24.0,11.14,18.65
2025-05-08 22:52:23,MODO DC,3.59,24.0,11.14,18.65
2025-05-08 22:52:23,MODO DC,3.59,24.0,11.14,18.65
2025-05-08 22:52:23,MODO DC,3.59,24.0,11.14,18.65
2025-05-08 22:52:24,MODO DC,3.59,24.0,11.14,18.65
2025-05-08 22:52:24,MODO DC,3.59,24.0,11.14,18.65
2025-05-08 22:52:24,MODO DC,3.59,24.0,11.14,18.65
2025-05-08 22:52:24,MODO DC,3.59,24.0,11.14,18.65
2025-05-08 22:52:24,MODO DC,3.59,24.0,11.14,18.65
2025-05-08 22:52:24,MODO DC,3.59,24.0,11.14,18.65
2025-05-08 22:52:24,MODO DC,3.59,24.0,11.14,18.65
2025-05-08 22:52:24,MODO DC,3.59,24.0,11.14,18.65
2025-05-08 22:52:24,MODO DC,3.59,24.0,11.14,18.65
2025-05-08 22:52:24,MODO DC,3.59,24.0,11.14,18.65
2025-05-08 22:52:24,MODO DC,3.59,24.0,11.14,18.65
2025-05-08 22:52:24,MODO DC,3.59,24.0,11.14,18.65
2025-05-08 22:52:24,MODO DC,3.59,24.0,11.14,18.65
2025-05-08 22:52:24,MODO DC,3.59,24.0,11.14,18.65
2025-05-08 22:52:24,MODO DC,3.59,24.0,11.14,18.65
2025-05-08 22:52:24,MODO DC,3.59,24.0,11.14,18.65
2025-05-08 22:52:24,MODO DC,3.59,24.0,11.14,18.65
2025-05-08 22:52:24,MODO DC,3.59,24.0,11.14,18.65
2025-05-08 22:52:24,MODO DC,3.59,24.0,11.14,18.65
2025-05-08 22:52:24,MODO DC,3.59,24.0,11.14,18.65
2025-05-08 22:52:24,MODO DC,3.59,24.0,11.14,18.65
2025-05-08 22:52:24,MODO DC,3.59,24.0,11.14,18.65
2025-05-08 22:52:24,MODO DC,3.59,24.0,11.14,18.65
2025-05-08 22:52:24,MODO DC,3.59,24.0,11.14,18.65
2025-05-08 22:52:24,MODO DC,3.59,24.0,11.14,18.65
2025-05-08 22:52:25,MODO DC,3.59,24.0,11.14,18.65
2025-05-08 22:52:25,MODO DC,3.59,24.0,11.14,18.65
2025-05-08 22:52:25,MODO DC,3.59,24.0,11.14,18.65
2025-05-08 22:52:25,MODO DC,3.59,24.0,11.14,18.65
2025-05-08 22:52:25,MODO DC,3.59,24.0,11.14,18.65
2025-05-08 22:52:25,MODO DC,3.59,24.0,11.14,18.65
2025-05-08 22:52:25,MODO DC,3.59,24.0,11.14,18.65
2025-05-08 22:52:25,MODO DC,3.59,24.0,11.14,18.65
2025-05-08 22:52:25,MODO DC,3.59,24.0,11.14,18.65
2025-05-08 22:52:25,MODO DC,3.59,24.0,11.14,18.65
2025-05-08 22:52:25,MODO DC,3.59,24.0,11.14,18.65
2025-05-08 22:52:25,MODO DC,3.59,24.0,11.14,18.65
2025-05-08 22:52:25,MODO DC,3.59,24.0,11.14,18.65
2025-05-08 22:52:25,MODO DC,3.59,24.0,11.14,18.65
2025-05-08 22:52:25,MODO DC,3.59,24.0,11.14,18.65
2025-05-08 22:52:25,MODO DC,3.59,24.0,11.14,18.65
2025-05-08 22:52:25,MODO DC,3.59,24.0,11.14,18.65
2025-05-08 22:52:25,MODO DC,3.59,24.0,11.14,18.65
2025-05-08 22:52:25,MODO DC,3.59,24.0,11.14,18.65
2025-05-08 22:52:25,MODO DC,3.59,24.0,11.14,18.65
2025-05-08 22:52:25,MODO DC,3.59,24.0,11.14,18.65
2025-05-08 22:52:25,MODO DC,3.59,24.0,11.14,18.65
2025-05-08 22:52:25,MODO DC,3.59,24.0,11.14,18.65
2025-05-08 22:52:25,MODO DC,3.59,24.0,11.14,18.65
2025-05-08 22:52:26,MODO DC,3.59,24.0,11.14,18.65
2025-05-08 22:52:26,MODO DC,3.59,24.0,11.14,18.65
2025-05-08 22:52:26,MODO DC,3.59,24.0,11.14,18.65
2025-05-08 22:52:26,MODO DC,3.59,24.0,11.14,18.65
2025-05-08 22:52:26,MODO DC,3.59,24.0,11.14,18.65
2025-05-08 22:52:26,MODO DC,3.59,24.0,11.14,18.65
2025-05-08 22:52:26,MODO DC,3.59,24.0,11.14,18.65
2025-05-08 22:52:26,MODO DC,3.59,24.0,11.14,18.65
2025-05-08 22:52:26,MODO DC,3.59,24.0,11.14,18.65
2025-05-08 22:52:26,MODO DC,3.59,24.0,11.14,18.65
2025-05-08 22:52:26,MODO DC,3.59,24.0,11.14,18.65
2025-05-08 22:52:26,MODO DC,3.59,24.0,11.14,18.65
2025-05-08 22:52:26,MODO DC,3.59,24.0,11.14,18.65
2025-05-08 22:52:26,MODO DC,3.59,24.0,11.14,18.65
2025-05-08 22:52:26,MODO DC,3.59,24.0,11.14,18.65
2025-05-08 22:52:26,MODO DC,3.59,24.0,11.14,18.65
2025-05-08 22:52:26,MODO DC,3.59,24.0,11.14,18.65
2025-05-08 22:52:26,MODO DC,3.59,24.0,11.14,18.65
2025-05-08 22:52:26,MODO DC,3.59,24.0,11.14,18.65
2025-05-08 22:52:26,MODO DC,3.59,24.0,11.14,18.65
2025-05-08 22:52:26,MODO DC,3.59,24.0,11.14,18.65
2025-05-08 22:52:26,MODO DC,3.59,24.0,11.14,18.65
2025-05-08 22:52:26,MODO DC,3.59,24.0,11.14,18.65
2025-05-08 22:52:26,MODO DC,3.59,24.0,11.14,18.65
2025-05-08 22:52:27,MODO DC,3.59,24.0,11.14,18.65
2025-05-08 22:52:27,MODO DC,3.59,24.0,11.14,18.65
2025-05-08 22:52:27,MODO DC,3.59,24.0,11.14,18.65
2025-05-08 22:52:27,MODO DC,3.59,24.0,11.14,18.65
2025-05-08 22:52:27,MODO DC,3.59,24.0,11.14,18.65
2025-05-08 22:52:27,MODO DC,3.59,24.0,11.14,18.65
2025-05-08 22:52:27,MODO DC,3.59,24.0,11.14,18.65
2025-05-08 22:52:27,MODO DC,3.59,24.0,11.14,18.65
2025-05-08 22:52:27,MODO DC,3.59,24.0,11.14,18.65
2025-05-08 22:52:27,MODO DC,3.59,24.0,11.14,18.65
2025-05-08 22:52:27,MODO DC,3.59,24.0,11.14,18.65
2025-05-08 22:52:27,MODO DC,3.59,24.0,11.14,18.65
2025-05-08 22:52:27,MODO DC,3.59,24.0,11.14,18.65
2025-05-08 22:52:27,MODO DC,3.59,24.0,11.14,18.65
2025-05-08 22:52:27,MODO DC,3.59,24.0,11.14,18.65
2025-05-08 22:52:27,MODO DC,3.59,24.0,11.14,18.65
2025-05-08 22:52:27,MODO DC,3.59,24.0,11.14,18.65
2025-05-08 22:52:27,MODO DC,3.59,24.0,11.14,18.65
2025-05-08 22:52:27,MODO DC,3.59,24.0,11.14,18.65
2025-05-08 22:52:27,MODO DC,3.59,24.0,11.14,18.65
2025-05-08 22:52:27,MODO DC,3.59,24.0,11.14,18.65
2025-05-08 22:52:27,MODO DC,3.59,24.0,11.14,18.65
2025-05-08 22:52:27,MODO DC,3.59,24.0,11.14,18.65
2025-05-08 22:52:27,MODO DC,3.59,24.0,11.14,18.65
2025-05-08 22:52:27,MODO DC,3.59,24.0,11.14,18.65
2025-05-08 22:52:28,MODO DC,3.59,24.0,11.14,18.65
2025-05-08 22:52:28,MODO DC,3.59,24.0,11.14,18.65
2025-05-08 22:52:28,MODO DC,3.59,24.0,11.14,18.65
2025-05-08 22:52:28,MODO DC,3.59,24.0,11.14,18.65
2025-05-08 22:52:28,MODO DC,3.59,24.0,11.14,18.65
2025-05-08 22:52:28,MODO DC,3.59,24.0,11.14,18.65
2025-05-08 22:52:28,MODO DC,3.59,24.0,11.14,18.65
2025-05-08 22:52:28,MODO DC,3.59,24.0,11.14,18.65
2025-05-08 22:52:28,MODO DC,3.59,24.0,11.14,18.65
2025-05-08 22:52:28,MODO DC,3.59,24.0,11.14,18.65
2025-05-08 22:52:28,MODO DC,3.59,24.0,11.14,18.65
2025-05-08 22:52:28,MODO DC,3.59,24.0,11.14,18.65
2025-05-08 22:52:28,MODO DC,3.59,24.0,11.14,18.65
2025-05-08 22:52:28,MODO DC,3.59,24.0,11.14,18.65
2025-05-08 22:52:28,MODO DC,3.59,24.0,11.14,18.65
2025-05-08 22:52:28,MODO DC,3.59,24.0,11.14,18.65
2025-05-08 22:52:28,MODO DC,3.59,24.0,11.14,18.65
2025-05-08 22:52:28,MODO DC,3.59,24.0,11.14,18.65
2025-05-08 22:52:28,MODO DC,3.59,24.0,11.14,18.65
2025-05-08 22:52:28,MODO DC,3.59,24.0,11.14,18.65
2025-05-08 22:52:28,MODO DC,3.59,24.0,11.14,18.65
2025-05-08 22:52:28,MODO DC,3.59,24.0,11.14,18.65
2025-05-08 22:52:28,MODO DC,3.59,24.0,11.14,18.65
2025-05-08 22:52:28,MODO DC,3.59,24.0,11.14,18.65
2025-05-08 22:52:29,MODO DC,3.59,24.0,11.14,18.65
2025-05-08 22:52:29,MODO DC,3.59,24.0,11.14,18.65
2025-05-08 22:52:29,MODO DC,3.59,24.0,11.14,18.65
2025-05-08 22:52:29,MODO DC,3.59,24.0,11.14,18.65
2025-05-08 22:52:29,MODO DC,3.59,24.0,11.14,18.65
2025-05-08 22:52:29,MODO DC,3.59,24.0,11.14,18.65
2025-05-08 22:52:29,MODO DC,3.59,24.0,11.14,18.65
2025-05-08 22:52:29,MODO DC,3.59,24.0,11.14,18.65
2025-05-08 22:52:29,MODO DC,3.59,24.0,11.14,18.65
2025-05-08 22:52:29,MODO DC,3.59,24.0,11.14,18.65
2025-05-08 22:52:29,MODO DC,3.59,24.0,11.14,18.65
2025-05-08 22:52:29,MODO DC,3.59,24.0,11.14,18.65
2025-05-08 22:52:29,MODO DC,3.59,24.0,11.14,18.65
2025-05-08 22:52:29,MODO DC,3.59,24.0,11.14,18.65
2025-05-08 22:52:29,MODO DC,3.59,24.0,11.14,18.65
2025-05-08 22:52:29,MODO DC,3.59,24.0,11.14,18.65
2025-05-08 22:52:29,MODO DC,3.59,24.0,11.14,18.65
2025-05-08 22:52:29,MODO DC,3.59,24.0,11.14,18.65
2025-05-08 22:52:29,MODO DC,3.59,24.0,11.14,18.65
2025-05-08 22:52:29,MODO DC,3.59,24.0,11.14,18.65
2025-05-08 22:52:29,MODO DC,3.59,24.0,11.14,18.65
2025-05-08 22:52:29,MODO DC,3.59,24.0,11.14,18.65
2025-05-08 22:52:29,MODO DC,3.59,24.0,11.14,18.65
2025-05-08 22:52:29,MODO DC,3.59,24.0,11.14,18.65
2025-05-08 22:52:30,MODO DC,3.59,24.0,11.14,18.65
2025-05-08 22:52:30,MODO DC,3.59,24.0,11.14,18.65
2025-05-08 22:52:30,MODO DC,3.59,24.0,11.14,18.65
2025-05-08 22:52:30,MODO DC,3.59,24.0,11.14,18.65
2025-05-08 22:52:30,MODO DC,3.59,24.0,11.14,18.65
2025-05-08 22:52:30,MODO DC,3.59,24.0,11.14,18.65
2025-05-08 22:52:30,MODO DC,3.59,24.0,11.14,18.65
2025-05-08 22:52:30,MODO DC,3.59,24.0,11.14,18.65
2025-05-08 22:52:30,MODO DC,3.59,24.0,11.14,18.65
2025-05-08 22:52:30,MODO DC,3.59,24.0,11.14,18.65
2025-05-08 22:52:30,MODO DC,3.59,24.0,11.14,18.65
2025-05-08 22:52:30,MODO DC,3.59,24.0,11.14,18.65
2025-05-08 22:52:30,MODO DC,3.59,24.0,11.14,18.65
2025-05-08 22:52:30,MODO DC,3.59,24.0,11.14,18.65
2025-05-08 22:52:30,MODO DC,3.59,24.0,11.14,18.65
2025-05-08 22:52:30,MODO DC,3.59,24.0,11.14,18.65
2025-05-08 22:52:30,MODO DC,3.59,24.0,11.14,18.65
2025-05-08 22:52:30,MODO DC,3.59,24.0,11.14,18.65
2025-05-08 22:52:30,MODO DC,3.59,24.0,11.14,18.65
2025-05-08 22:52:30,MODO DC,3.59,24.0,11.14,18.65
2025-05-08 22:52:30,MODO DC,3.59,24.0,11.14,18.65
2025-05-08 22:52:30,MODO DC,3.59,24.0,11.14,18.65
2025-05-08 22:52:30,MODO DC,3.59,24.0,11.14,18.65
2025-05-08 22:52:30,MODO DC,3.59,24.0,11.14,18.65
2025-05-08 22:52:31,MODO DC,3.59,24.0,11.14,18.65
2025-05-08 22:52:31,MODO DC,3.59,24.0,11.14,18.65
2025-05-08 22:52:31,MODO DC,3.59,24.0,11.14,18.65
2025-05-08 22:52:31,MODO DC,3.59,24.0,11.14,18.65
2025-05-08 22:52:31,MODO DC,3.59,24.0,11.14,18.65
2025-05-08 22:52:31,MODO DC,3.59,24.0,11.14,18.65
2025-05-08 22:52:31,MODO DC,3.59,24.0,11.14,18.65
2025-05-08 22:52:31,MODO DC,3.59,24.0,11.14,18.65
2025-05-08 22:52:31,MODO DC,3.59,24.0,11.14,18.65
2025-05-08 22:52:31,MODO DC,3.59,24.0,11.14,18.65
2025-05-08 22:52:31,MODO DC,3.59,24.0,11.14,18.65
2025-05-08 22:52:31,MODO DC,3.59,24.0,11.14,18.65
2025-05-08 22:52:31,MODO DC,3.59,24.0,11.14,18.65
2025-05-08 22:52:31,MODO DC,3.59,24.0,11.14,18.65
2025-05-08 22:52:31,MODO DC,3.59,24.0,11.14,18.65
2025-05-08 22:52:31,MODO DC,3.59,24.0,11.14,18.65
2025-05-08 22:52:31,MODO DC,3.59,24.0,11.14,18.65
2025-05-08 22:52:31,MODO DC,3.59,24.0,11.14,18.65
2025-05-08 22:52:31,MODO DC,3.59,24.0,11.14,18.65
2025-05-08 22:52:31,MODO DC,3.59,24.0,11.14,18.65
2025-05-08 22:52:31,MODO DC,3.59,24.0,11.14,18.65
2025-05-08 22:52:31,MODO DC,3.59,24.0,11.14,18.65
2025-05-08 22:52:31,MODO DC,3.59,24.0,11.14,18.65
2025-05-08 22:52:31,MODO DC,3.59,24.0,11.14,18.65
2025-05-08 22:52:31,MODO DC,3.59,24.0,11.14,18.65
2025-05-08 22:52:32,MODO DC,3.59,24.0,11.14,18.65
2025-05-08 22:52:32,MODO DC,3.59,24.0,11.14,18.65
2025-05-08 22:52:32,MODO DC,3.59,24.0,11.14,18.65
2025-05-08 22:52:32,MODO DC,3.59,24.0,11.14,18.65
2025-05-08 22:52:32,MODO DC,3.59,24.0,11.14,18.65
2025-05-08 22:52:32,MODO DC,3.59,24.0,11.14,18.65
2025-05-08 22:52:32,MODO DC,3.59,24.0,11.14,18.65
2025-05-08 22:52:32,MODO DC,3.59,24.0,11.14,18.65
2025-05-08 22:52:32,MODO DC,3.59,24.0,11.14,18.65
2025-05-08 22:52:32,MODO DC,3.59,24.0,11.14,18.65
2025-05-08 22:52:32,MODO DC,3.59,24.0,11.14,18.65
2025-05-08 22:52:32,MODO DC,3.59,24.0,11.14,18.65
2025-05-08 22:52:32,MODO DC,3.59,24.0,11.14,18.65
2025-05-08 22:52:32,MODO DC,3.59,24.0,11.14,18.65
2025-05-08 22:52:32,MODO DC,3.59,24.0,11.14,18.65
2025-05-08 22:52:32,MODO DC,3.59,24.0,11.14,18.65
2025-05-08 22:52:32,MODO DC,3.59,24.0,11.14,18.65
2025-05-08 22:52:32,MODO DC,3.59,24.0,11.14,18.65
2025-05-08 22:52:32,MODO DC,3.59,24.0,11.14,18.65
2025-05-08 22:52:32,MODO DC,3.59,24.0,11.14,18.65
2025-05-08 22:52:32,MODO DC,3.59,24.0,11.14,18.65
2025-05-08 22:52:32,MODO DC,3.59,24.0,11.14,18.65
2025-05-08 22:52:32,MODO DC,3.59,24.0,11.14,18.65
2025-05-08 22:52:32,MODO DC,3.59,24.0,11.14,18.65
2025-05-08 22:52:33,MODO DC,3.59,24.0,11.14,18.65
2025-05-08 22:52:33,MODO DC,3.59,24.0,11.14,18.65
2025-05-08 22:52:33,MODO DC,3.59,24.0,11.14,18.65
2025-05-08 22:52:33,MODO DC,3.59,24.0,11.14,18.65
2025-05-08 22:52:33,MODO DC,3.59,24.0,11.14,18.65
2025-05-08 22:52:33,MODO DC,3.59,24.0,11.14,18.65
2025-05-08 22:52:33,MODO DC,3.59,24.0,11.14,18.65
2025-05-08 22:52:33,MODO DC,3.59,24.0,11.14,18.65
2025-05-08 22:52:33,MODO DC,3.59,24.0,11.14,18.65
2025-05-08 22:52:33,MODO DC,3.59,24.0,11.14,18.65
2025-05-08 22:52:33,MODO DC,3.59,24.0,11.14,18.65
2025-05-08 22:52:33,MODO DC,3.59,24.0,11.14,18.65
2025-05-08 22:52:33,MODO DC,3.59,24.0,11.14,18.65
2025-05-08 22:52:33,MODO DC,3.59,24.0,11.14,18.65
2025-05-08 22:52:33,MODO DC,3.59,24.0,11.14,18.65
2025-05-08 22:52:33,MODO DC,3.59,24.0,11.14,18.65
2025-05-08 22:52:33,MODO DC,3.59,24.0,11.14,18.65
2025-05-08 22:52:33,MODO DC,3.59,24.0,11.14,18.65
2025-05-08 22:52:33,MODO DC,3.59,24.0,11.14,18.65
2025-05-08 22:52:33,MODO DC,3.59,24.0,11.14,18.65
2025-05-08 22:52:33,MODO DC,3.59,24.0,11.14,18.65
2025-05-08 22:52:33,MODO DC,3.59,24.0,11.14,18.65
2025-05-08 22:52:33,MODO DC,3.59,24.0,11.14,18.65
2025-05-08 22:52:33,MODO DC,3.59,24.0,11.14,18.65
2025-05-08 22:52:34,MODO DC,3.59,24.0,11.14,18.65
2025-05-08 22:52:34,MODO DC,3.59,24.0,11.14,18.65
2025-05-08 22:52:34,MODO DC,3.59,24.0,11.14,18.65
2025-05-08 22:52:34,MODO DC,3.59,24.0,11.14,18.65
2025-05-08 22:52:34,MODO DC,3.59,24.0,11.14,18.65
2025-05-08 22:52:34,MODO DC,3.59,24.0,11.14,18.65
2025-05-08 22:52:34,MODO DC,3.59,24.0,11.14,18.65
2025-05-08 22:52:34,MODO DC,3.59,24.0,11.14,18.65
2025-05-08 22:52:34,MODO DC,3.59,24.0,11.14,18.65
2025-05-08 22:52:34,MODO DC,3.59,24.0,11.14,18.65
2025-05-08 22:52:34,MODO DC,3.59,24.0,11.14,18.65
2025-05-08 22:52:34,MODO DC,3.59,24.0,11.14,18.65
2025-05-08 22:52:34,MODO DC,3.59,24.0,11.14,18.65
2025-05-08 22:52:34,MODO DC,3.59,24.0,11.14,18.65
2025-05-08 22:52:34,MODO DC,3.59,24.0,11.14,18.65
2025-05-08 22:52:34,MODO DC,3.59,24.0,11.14,18.65
2025-05-08 22:52:34,MODO DC,3.59,24.0,11.14,18.65
2025-05-08 22:52:34,MODO DC,3.59,24.0,11.14,18.65
2025-05-08 22:52:34,MODO DC,3.59,24.0,11.14,18.65
2025-05-08 22:52:34,MODO DC,3.59,24.0,11.14,18.65
2025-05-08 22:52:34,MODO DC,3.59,24.0,11.14,18.65
2025-05-08 22:52:34,MODO DC,3.59,24.0,11.14,18.65
2025-05-08 22:52:34,MODO DC,3.59,24.0,11.14,18.65
2025-05-08 22:52:34,MODO DC,3.59,24.0,11.14,18.65
2025-05-08 22:52:35,MODO DC,3.59,24.0,11.14,18.65
2025-05-08 22:52:35,MODO DC,3.59,24.0,11.14,18.65
2025-05-08 22:52:35,MODO DC,3.59,24.0,11.14,18.65
2025-05-08 22:52:35,MODO DC,3.59,24.0,11.14,18.65
2025-05-08 22:52:35,MODO DC,3.59,24.0,11.14,18.65
2025-05-08 22:52:35,MODO DC,3.59,24.0,11.14,18.65
2025-05-08 22:52:35,MODO DC,3.59,24.0,11.14,18.65
2025-05-08 22:52:35,MODO DC,3.59,24.0,11.14,18.65
2025-05-08 22:52:35,MODO DC,3.59,24.0,11.14,18.65
2025-05-08 22:52:35,MODO DC,3.59,24.0,11.14,18.65
2025-05-08 22:52:35,MODO DC,3.59,24.0,11.14,18.65
2025-05-08 22:52:35,MODO DC,3.59,24.0,11.14,18.65
2025-05-08 22:52:35,MODO DC,3.59,24.0,11.14,18.65
2025-05-08 22:52:35,MODO DC,3.59,24.0,11.14,18.65
2025-05-08 22:52:35,MODO DC,3.59,24.0,11.14,18.65
2025-05-08 22:52:35,MODO DC,3.59,24.0,11.14,18.65
2025-05-08 22:52:35,MODO DC,3.59,24.0,11.14,18.65
2025-05-08 22:52:35,MODO DC,3.59,24.0,11.14,18.65
2025-05-08 22:52:35,MODO DC,3.59,24.0,11.14,18.65
2025-05-08 22:52:35,MODO DC,3.59,24.0,11.14,18.65
2025-05-08 22:52:35,MODO DC,3.59,24.0,11.14,18.65
2025-05-08 22:52:35,MODO DC,3.59,24.0,11.14,18.65
2025-05-08 22:52:35,MODO DC,3.59,24.0,11.14,18.65
2025-05-08 22:52:35,MODO DC,3.59,24.0,11.14,18.65
2025-05-08 22:52:36,MODO DC,3.59,24.0,11.14,18.65
2025-05-08 22:52:36,MODO DC,3.59,24.0,11.14,18.65
2025-05-08 22:52:36,MODO DC,3.59,24.0,11.14,18.65
2025-05-08 22:52:36,MODO DC,3.59,24.0,11.14,18.65
2025-05-08 22:52:36,MODO DC,3.59,24.0,11.14,18.65
2025-05-08 22:52:36,MODO DC,3.59,24.0,11.14,18.65
2025-05-08 22:52:36,MODO DC,3.59,24.0,11.14,18.65
2025-05-08 22:52:36,MODO DC,3.59,24.0,11.14,18.65
2025-05-08 22:52:36,MODO DC,3.59,24.0,11.14,18.65
2025-05-08 22:52:36,MODO DC,3.59,24.0,11.14,18.65
2025-05-08 22:52:36,MODO DC,3.59,24.0,11.14,18.65
2025-05-08 22:52:36,MODO DC,3.59,24.0,11.14,18.65
2025-05-08 22:52:36,MODO DC,3.59,24.0,11.14,18.65
2025-05-08 22:52:36,MODO DC,3.59,24.0,11.14,18.65
2025-05-08 22:52:36,MODO DC,3.59,24.0,11.14,18.65
2025-05-08 22:52:36,MODO DC,3.59,24.0,11.14,18.65
2025-05-08 22:52:36,MODO DC,3.59,24.0,11.14,18.65
2025-05-08 22:52:36,MODO DC,3.59,24.0,11.14,18.65
2025-05-08 22:52:36,MODO DC,3.59,24.0,11.14,18.65
2025-05-08 22:52:36,MODO DC,3.59,24.0,11.14,18.65
2025-05-08 22:52:36,MODO DC,3.59,24.0,11.14,18.65
2025-05-08 22:52:36,MODO DC,3.59,24.0,11.14,18.65
2025-05-08 22:52:36,MODO DC,3.59,24.0,11.14,18.65
2025-05-08 22:52:36,MODO DC,3.59,24.0,11.14,18.65
2025-05-08 22:52:36,MODO DC,3.59,24.0,11.14,18.65
2025-05-08 22:52:37,MODO DC,3.59,24.0,11.14,18.65
2025-05-08 22:52:37,MODO DC,3.59,24.0,11.14,18.65
2025-05-08 22:52:37,MODO DC,3.59,24.0,11.14,18.65
2025-05-08 22:52:37,MODO DC,3.59,24.0,11.14,18.65
2025-05-08 22:52:37,MODO DC,3.59,24.0,11.14,18.65
2025-05-08 22:52:37,MODO DC,3.59,24.0,11.14,18.65
2025-05-08 22:52:37,MODO DC,3.59,24.0,11.14,18.65
2025-05-08 22:52:37,MODO DC,3.59,24.0,11.14,18.65
2025-05-08 22:52:37,MODO DC,3.59,24.0,11.14,18.65
2025-05-08 22:52:37,MODO DC,3.59,24.0,11.14,18.65
2025-05-08 22:52:37,MODO DC,3.59,24.0,11.14,18.65
2025-05-08 22:52:37,MODO DC,3.59,24.0,11.14,18.65
2025-05-08 22:52:37,MODO DC,3.59,24.0,11.14,18.65
2025-05-08 22:52:37,MODO DC,3.59,24.0,11.14,18.65
2025-05-08 22:52:37,MODO DC,3.59,24.0,11.14,18.65
2025-05-08 22:52:37,MODO DC,3.59,24.0,11.14,18.65
2025-05-08 22:52:37,MODO DC,3.59,24.0,11.14,18.65
2025-05-08 22:52:37,MODO DC,3.59,24.0,11.14,18.65
2025-05-08 22:52:37,MODO DC,3.59,24.0,11.14,18.65
2025-05-08 22:52:37,MODO DC,3.59,24.0,11.14,18.65
2025-05-08 22:52:37,MODO DC,3.59,24.0,11.14,18.65
2025-05-08 22:52:37,MODO DC,3.59,24.0,11.14,18.65
2025-05-08 22:52:37,MODO DC,3.59,24.0,11.14,18.65
2025-05-08 22:52:37,MODO DC,3.59,24.0,11.14,18.65
2025-05-08 22:52:38,MODO DC,3.59,24.0,11.14,18.65
2025-05-08 22:52:38,MODO DC,3.59,24.0,11.14,18.65
2025-05-08 22:52:38,MODO DC,3.59,24.0,11.14,18.65
2025-05-08 22:52:38,MODO DC,3.59,24.0,11.14,18.65
2025-05-08 22:52:38,MODO DC,3.59,24.0,11.14,18.65
2025-05-08 22:52:38,MODO DC,3.59,24.0,11.14,18.65
2025-05-08 22:52:38,MODO DC,3.59,24.0,11.14,18.65
2025-05-08 22:52:38,MODO DC,3.59,24.0,11.14,18.65
2025-05-08 22:52:38,MODO DC,3.59,24.0,11.14,18.65
2025-05-08 22:52:38,MODO DC,3.59,24.0,11.14,18.65
2025-05-08 22:52:38,MODO DC,3.59,24.0,11.14,18.65
2025-05-08 22:52:38,MODO DC,3.59,24.0,11.14,18.65
2025-05-08 22:52:38,MODO DC,3.59,24.0,11.14,18.65
2025-05-08 22:52:38,MODO DC,3.59,24.0,11.14,18.65
2025-05-08 22:52:38,MODO DC,3.59,24.0,11.14,18.65
2025-05-08 22:52:38,MODO DC,3.59,24.0,11.14,18.65
2025-05-08 22:52:38,MODO DC,3.59,24.0,11.14,18.65
2025-05-08 22:52:38,MODO DC,3.59,24.0,11.14,18.65
2025-05-08 22:52:38,MODO DC,3.59,24.0,11.14,18.65
2025-05-08 22:52:38,MODO DC,3.59,24.0,11.14,18.65
2025-05-08 22:52:38,MODO DC,3.59,24.0,11.14,18.65
2025-05-08 22:52:38,MODO DC,3.59,24.0,11.14,18.65
2025-05-08 22:52:38,MODO DC,3.59,24.0,11.14,18.65
2025-05-08 22:52:39,MODO DC,3.59,24.0,11.14,18.65
2025-05-08 22:52:39,MODO DC,3.59,24.0,11.14,18.65
2025-05-08 22:52:39,MODO DC,3.59,24.0,11.14,18.65
2025-05-08 22:52:39,MODO DC,3.59,24.0,11.14,18.65
2025-05-08 22:52:39,MODO DC,3.59,24.0,11.14,18.65
2025-05-08 22:52:39,MODO DC,3.59,24.0,11.14,18.65
2025-05-08 22:52:39,MODO DC,3.59,24.0,11.14,18.65
2025-05-08 22:52:39,MODO DC,3.59,24.0,11.14,18.65
2025-05-08 22:52:39,MODO DC,3.59,24.0,11.14,18.65
2025-05-08 22:52:39,MODO DC,3.59,24.0,11.14,18.65
2025-05-08 22:52:39,MODO DC,3.59,24.0,11.14,18.65
2025-05-08 22:52:39,MODO DC,3.59,24.0,11.14,18.65
2025-05-08 22:52:39,MODO DC,3.59,24.0,11.14,18.65
2025-05-08 22:52:39,MODO DC,3.59,24.0,11.14,18.65
2025-05-08 22:52:39,MODO DC,3.59,24.0,11.14,18.65
2025-05-08 22:52:39,MODO DC,3.59,24.0,11.14,18.65
2025-05-08 22:52:39,MODO DC,3.59,24.0,11.14,18.65
2025-05-08 22:52:39,MODO DC,3.59,24.0,11.14,18.65
2025-05-08 22:52:39,MODO DC,3.59,24.0,11.14,18.65
2025-05-08 22:52:39,MODO DC,3.59,24.0,11.14,18.65
2025-05-08 22:52:39,MODO DC,3.59,24.0,11.14,18.65
2025-05-08 22:52:39,MODO DC,3.59,24.0,11.14,18.65
2025-05-08 22:52:39,MODO DC,3.59,24.0,11.14,18.65
2025-05-08 22:52:39,MODO DC,3.59,24.0,11.14,18.65
2025-05-08 22:52:39,MODO DC,3.59,24.0,11.14,18.65
2025-05-08 22:52:40,MODO DC,3.59,24.0,11.14,18.65
2025-05-08 22:52:40,MODO DC,3.59,24.0,11.14,18.65
2025-05-08 22:52:40,MODO DC,3.59,24.0,11.14,18.65
2025-05-08 22:52:40,MODO DC,3.59,24.0,11.14,18.65
2025-05-08 22:52:40,MODO DC,3.59,24.0,11.14,18.65
2025-05-08 22:52:40,MODO DC,3.59,24.0,11.14,18.65
2025-05-08 22:52:40,MODO DC,3.59,24.0,11.14,18.65
2025-05-08 22:52:40,MODO DC,3.59,24.0,11.14,18.65
2025-05-08 22:52:40,MODO DC,3.59,24.0,11.14,18.65
2025-05-08 22:52:40,MODO DC,3.59,24.0,11.14,18.65
2025-05-08 22:52:40,MODO DC,3.59,24.0,11.14,18.65
2025-05-08 22:52:40,MODO DC,3.59,24.0,11.14,18.65
2025-05-08 22:52:40,MODO DC,3.59,24.0,11.14,18.65
2025-05-08 22:52:40,MODO DC,3.59,24.0,11.14,18.65
2025-05-08 22:52:40,MODO DC,3.59,24.0,11.14,18.65
2025-05-08 22:52:40,MODO DC,3.59,24.0,11.14,18.65
2025-05-08 22:52:40,MODO DC,3.59,24.0,11.14,18.65
2025-05-08 22:52:40,MODO DC,3.59,24.0,11.14,18.65
2025-05-08 22:52:40,MODO DC,3.59,24.0,11.14,18.65
2025-05-08 22:52:40,MODO DC,3.59,24.0,11.14,18.65
2025-05-08 22:52:40,MODO DC,3.59,24.0,11.14,18.65
2025-05-08 22:52:40,MODO DC,3.59,24.0,11.14,18.65
2025-05-08 22:52:40,MODO DC,3.59,24.0,11.14,18.65
2025-05-08 22:52:40,MODO DC,3.59,24.0,11.14,18.65
2025-05-08 22:52:41,MODO DC,3.59,24.0,11.14,18.65
2025-05-08 22:52:41,MODO DC,3.59,24.0,11.14,18.65
2025-05-08 22:52:41,MODO DC,3.59,24.0,11.14,18.65
2025-05-08 22:52:41,MODO DC,3.59,24.0,11.14,18.65
2025-05-08 22:52:41,MODO DC,3.59,24.0,11.14,18.65
2025-05-08 22:52:41,MODO DC,3.59,24.0,11.14,18.65
2025-05-08 22:52:41,MODO DC,3.59,24.0,11.14,18.65
2025-05-08 22:52:41,MODO DC,3.59,24.0,11.14,18.65
2025-05-08 22:52:41,MODO DC,3.59,24.0,11.14,18.65
2025-05-08 22:52:41,MODO DC,3.59,24.0,11.14,18.65
2025-05-08 22:52:41,MODO DC,3.59,24.0,11.14,18.65
2025-05-08 22:52:41,MODO DC,3.59,24.0,11.14,18.65
2025-05-08 22:52:41,MODO DC,3.59,24.0,11.14,18.65
2025-05-08 22:52:41,MODO DC,3.59,24.0,11.14,18.65
2025-05-08 22:52:41,MODO DC,3.59,24.0,11.14,18.65
2025-05-08 22:52:41,MODO DC,3.59,24.0,11.14,18.65
2025-05-08 22:52:41,MODO DC,3.59,24.0,11.14,18.65
2025-05-08 22:52:41,MODO DC,3.59,24.0,11.14,18.65
2025-05-08 22:52:41,MODO DC,3.59,24.0,11.14,18.65
2025-05-08 22:52:41,MODO DC,3.59,24.0,11.14,18.65
2025-05-08 22:52:41,MODO DC,3.59,24.0,11.14,18.65
2025-05-08 22:52:41,MODO DC,3.59,24.0,11.14,18.65
2025-05-08 22:52:41,MODO DC,3.59,24.0,11.14,18.65
2025-05-08 22:52:42,MODO DC,3.59,24.0,11.14,18.65
2025-05-08 22:52:42,MODO DC,3.59,24.0,11.14,18.65
2025-05-08 22:52:42,MODO DC,3.59,24.0,11.14,18.65
2025-05-08 22:52:42,MODO DC,3.59,24.0,11.14,18.65
2025-05-08 22:52:42,MODO DC,3.59,24.0,11.14,18.65
2025-05-08 22:52:42,MODO DC,3.59,24.0,11.14,18.65
2025-05-08 22:52:42,MODO DC,3.59,24.0,11.14,18.65
2025-05-08 22:52:42,MODO DC,3.59,24.0,11.14,18.65
2025-05-08 22:52:42,MODO DC,3.59,24.0,11.14,18.65
2025-05-08 22:52:42,MODO DC,3.59,24.0,11.14,18.65
2025-05-08 22:52:42,MODO DC,3.59,24.0,11.14,18.65
2025-05-08 22:52:42,MODO DC,3.59,24.0,11.14,18.65
2025-05-08 22:52:42,MODO DC,3.59,24.0,11.14,18.65
2025-05-08 22:52:42,MODO DC,3.59,24.0,11.14,18.65
2025-05-08 22:52:42,MODO DC,3.59,24.0,11.14,18.65
2025-05-08 22:52:42,MODO DC,3.59,24.0,11.14,18.65
2025-05-08 22:52:42,MODO DC,3.59,24.0,11.14,18.65
2025-05-08 22:52:42,MODO DC,3.59,24.0,11.14,18.65
2025-05-08 22:52:42,MODO DC,3.59,24.0,11.14,18.65
2025-05-08 22:52:42,MODO DC,3.59,24.0,11.14,18.65
2025-05-08 22:52:42,MODO DC,3.59,24.0,11.14,18.65
2025-05-08 22:52:42,MODO DC,3.59,24.0,11.14,18.65
2025-05-08 22:52:42,MODO DC,3.59,24.0,11.14,18.65
2025-05-08 22:52:43,MODO DC,3.59,24.0,11.14,18.65
2025-05-08 22:52:43,MODO DC,3.59,24.0,11.14,18.65
2025-05-08 22:52:43,MODO DC,3.59,24.0,11.14,18.65
2025-05-08 22:52:43,MODO DC,3.59,24.0,11.14,18.65
2025-05-08 22:52:43,MODO DC,3.59,24.0,11.14,18.65
2025-05-08 22:52:43,MODO DC,3.59,24.0,11.14,18.65
2025-05-08 22:52:43,MODO DC,3.59,24.0,11.14,18.65
2025-05-08 22:52:43,MODO DC,3.59,24.0,11.14,18.65
2025-05-08 22:52:43,MODO DC,3.59,24.0,11.14,18.65
2025-05-08 22:52:43,MODO DC,3.59,24.0,11.14,18.65
2025-05-08 22:52:43,MODO DC,3.59,24.0,11.14,18.65
2025-05-08 22:52:43,MODO DC,3.59,24.0,11.14,18.65
2025-05-08 22:52:43,MODO DC,3.59,24.0,11.14,18.65
2025-05-08 22:52:43,MODO DC,3.59,24.0,11.14,18.65
2025-05-08 22:52:43,MODO DC,3.59,24.0,11.14,18.65
2025-05-08 22:52:43,MODO DC,3.59,24.0,11.14,18.65
2025-05-08 22:52:43,MODO DC,3.59,24.0,11.14,18.65
2025-05-08 22:52:43,MODO DC,3.59,24.0,11.14,18.65
2025-05-08 22:52:43,MODO DC,3.59,24.0,11.14,18.65
2025-05-08 22:52:43,MODO DC,3.59,24.0,11.14,18.65
2025-05-08 22:52:43,MODO DC,3.59,24.0,11.14,18.65
2025-05-08 22:52:43,MODO DC,3.59,24.0,11.14,18.65
2025-05-08 22:52:43,MODO DC,3.59,24.0,11.14,18.65
2025-05-08 22:52:44,MODO DC,3.59,24.0,11.14,18.65
2025-05-08 22:52:44,MODO DC,3.59,24.0,11.14,18.65
2025-05-08 22:52:44,MODO DC,3.59,24.0,11.14,18.65
2025-05-08 22:52:44,MODO DC,3.59,24.0,11.14,18.65
2025-05-08 22:52:44,MODO DC,3.59,24.0,11.14,18.65
2025-05-08 22:52:44,MODO DC,3.59,24.0,11.14,18.65
2025-05-08 22:52:44,MODO DC,3.59,24.0,11.14,18.65
2025-05-08 22:52:44,MODO DC,3.59,24.0,11.14,18.65
2025-05-08 22:52:44,MODO DC,3.59,24.0,11.14,18.65
2025-05-08 22:52:44,MODO DC,3.59,24.0,11.14,18.65
2025-05-08 22:52:44,MODO DC,3.59,24.0,11.14,18.65
2025-05-08 22:52:44,MODO DC,3.59,24.0,11.14,18.65
2025-05-08 22:52:44,MODO DC,3.59,24.0,11.14,18.65
2025-05-08 22:52:44,MODO DC,3.59,24.0,11.14,18.65
2025-05-08 22:52:44,MODO DC,3.59,24.0,11.14,18.65
2025-05-08 22:52:44,MODO DC,3.59,24.0,11.14,18.65
2025-05-08 22:52:44,MODO DC,3.59,24.0,11.14,18.65
2025-05-08 22:52:44,MODO DC,3.59,24.0,11.14,18.65
2025-05-08 22:52:44,MODO DC,3.59,24.0,11.14,18.65
2025-05-08 22:52:44,MODO DC,3.59,24.0,11.14,18.65
2025-05-08 22:52:44,MODO DC,3.59,24.0,11.14,18.65
2025-05-08 22:52:44,MODO DC,3.59,24.0,11.14,18.65
2025-05-08 22:52:45,MODO DC,3.59,24.0,11.14,18.65
2025-05-08 22:52:45,MODO DC,3.59,24.0,11.14,18.65
2025-05-08 22:52:45,MODO DC,3.59,24.0,11.14,18.65
2025-05-08 22:52:45,MODO DC,3.59,24.0,11.14,18.65
2025-05-08 22:52:45,MODO DC,3.59,24.0,11.14,18.65
2025-05-08 22:52:45,MODO DC,3.59,24.0,11.14,18.65
2025-05-08 22:52:45,MODO DC,3.59,24.0,11.14,18.65
2025-05-08 22:52:45,MODO DC,3.59,24.0,11.14,18.65
2025-05-08 22:52:45,MODO DC,3.59,24.0,11.14,18.65
2025-05-08 22:52:45,MODO DC,3.59,24.0,11.14,18.65
2025-05-08 22:52:45,MODO DC,3.59,24.0,11.14,18.65
2025-05-08 22:52:45,MODO DC,3.59,24.0,11.14,18.65
2025-05-08 22:52:45,MODO DC,3.59,24.0,11.14,18.65
2025-05-08 22:52:45,MODO DC,3.59,24.0,11.14,18.65
2025-05-08 22:52:45,MODO DC,3.59,24.0,11.14,18.65
2025-05-08 22:52:45,MODO DC,3.59,24.0,11.14,18.65
2025-05-08 22:52:45,MODO DC,3.59,24.0,11.14,18.65
2025-05-08 22:52:45,MODO DC,3.59,24.0,11.14,18.65
2025-05-08 22:52:45,MODO DC,3.59,24.0,11.14,18.65
2025-05-08 22:52:45,MODO DC,3.59,24.0,11.14,18.65
2025-05-08 22:52:45,MODO DC,3.59,24.0,11.14,18.65
2025-05-08 22:52:45,MODO DC,3.59,24.0,11.14,18.65
2025-05-08 22:52:45,MODO DC,3.59,24.0,11.14,18.65
2025-05-08 22:52:45,MODO DC,3.59,24.0,11.14,18.65
2025-05-08 22:52:45,MODO DC,3.59,24.0,11.14,18.65
2025-05-08 22:52:46,MODO DC,3.59,24.0,11.14,18.65
2025-05-08 22:52:46,MODO DC,3.59,24.0,11.14,18.65
2025-05-08 22:52:46,MODO DC,3.59,24.0,11.14,18.65
2025-05-08 22:52:46,MODO DC,3.59,24.0,11.14,18.65
2025-05-08 22:52:46,MODO DC,3.59,24.0,11.14,18.65
2025-05-08 22:52:46,MODO DC,3.59,24.0,11.14,18.65
2025-05-08 22:52:46,MODO DC,3.59,24.0,11.14,18.65
2025-05-08 22:52:46,MODO DC,3.59,24.0,11.14,18.65
2025-05-08 22:52:46,MODO DC,3.59,24.0,11.14,18.65
2025-05-08 22:52:46,MODO DC,3.59,24.0,11.14,18.65
2025-05-08 22:52:46,MODO DC,3.59,24.0,11.14,18.65
2025-05-08 22:52:46,MODO DC,3.59,24.0,11.14,18.65
2025-05-08 22:52:46,MODO DC,3.59,24.0,11.14,18.65
2025-05-08 22:52:46,MODO DC,3.59,24.0,11.14,18.65
2025-05-08 22:52:46,MODO DC,3.59,24.0,11.14,18.65
2025-05-08 22:52:46,MODO DC,3.59,24.0,11.14,18.65
2025-05-08 22:52:46,MODO DC,3.59,24.0,11.14,18.65
2025-05-08 22:52:46,MODO DC,3.59,24.0,11.14,18.65
2025-05-08 22:52:46,MODO DC,3.59,24.0,11.14,18.65
2025-05-08 22:52:46,MODO DC,3.59,24.0,11.14,18.65
2025-05-08 22:52:46,MODO DC,3.59,24.0,11.14,18.65
2025-05-08 22:52:46,MODO DC,3.59,24.0,11.14,18.65
2025-05-08 22:52:46,MODO DC,3.59,24.0,11.14,18.65
2025-05-08 22:52:46,MODO DC,3.59,24.0,11.14,18.65
2025-05-08 22:52:46,MODO DC,3.59,24.0,11.14,18.65
2025-05-08 22:52:47,MODO DC,3.59,24.0,11.14,18.65
2025-05-08 22:52:47,MODO DC,3.59,24.0,11.14,18.65
2025-05-08 22:52:47,MODO DC,3.59,24.0,11.14,18.65
2025-05-08 22:52:47,MODO DC,3.59,24.0,11.14,18.65
2025-05-08 22:52:47,MODO DC,3.59,24.0,11.14,18.65
2025-05-08 22:52:47,MODO DC,3.59,24.0,11.14,18.65
2025-05-08 22:52:47,MODO DC,3.59,24.0,11.14,18.65
2025-05-08 22:52:47,MODO DC,3.59,24.0,11.14,18.65
2025-05-08 22:52:47,MODO DC,3.59,24.0,11.14,18.65
2025-05-08 22:52:47,MODO DC,3.59,24.0,11.14,18.65
2025-05-08 22:52:47,MODO DC,3.59,24.0,11.14,18.65
2025-05-08 22:52:47,MODO DC,3.59,24.0,11.14,18.65
2025-05-08 22:52:47,MODO DC,3.59,24.0,11.14,18.65
2025-05-08 22:52:47,MODO DC,3.59,24.0,11.14,18.65
2025-05-08 22:52:47,MODO DC,3.59,24.0,11.14,18.65
2025-05-08 22:52:47,MODO DC,3.59,24.0,11.14,18.65
2025-05-08 22:52:47,MODO DC,3.59,24.0,11.14,18.65
2025-05-08 22:52:47,MODO DC,3.59,24.0,11.14,18.65
2025-05-08 22:52:47,MODO DC,3.59,24.0,11.14,18.65
2025-05-08 22:52:47,MODO DC,3.59,24.0,11.14,18.65
2025-05-08 22:52:47,MODO DC,3.59,24.0,11.14,18.65
2025-05-08 22:52:47,MODO DC,3.59,24.0,11.14,18.65
2025-05-08 22:52:47,MODO DC,3.59,24.0,11.14,18.65
2025-05-08 22:52:47,MODO DC,3.59,24.0,11.14,18.65
2025-05-08 22:52:48,MODO DC,3.59,24.0,11.14,18.65
2025-05-08 22:52:48,MODO DC,3.59,24.0,11.14,18.65
2025-05-08 22:52:48,MODO DC,3.59,24.0,11.14,18.65
2025-05-08 22:52:48,MODO DC,3.59,24.0,11.14,18.65
2025-05-08 22:52:48,MODO DC,3.59,24.0,11.14,18.65
2025-05-08 22:52:48,MODO DC,3.59,24.0,11.14,18.65
2025-05-08 22:52:48,MODO DC,3.59,24.0,11.14,18.65
2025-05-08 22:52:48,MODO DC,3.59,24.0,11.14,18.65
2025-05-08 22:52:48,MODO DC,3.59,24.0,11.14,18.65
2025-05-08 22:52:48,MODO DC,3.59,24.0,11.14,18.65
2025-05-08 22:52:48,MODO DC,3.59,24.0,11.14,18.65
2025-05-08 22:52:48,MODO DC,3.59,24.0,11.14,18.65
2025-05-08 22:52:48,MODO DC,3.59,24.0,11.14,18.65
2025-05-08 22:52:48,MODO DC,3.59,24.0,11.14,18.65
2025-05-08 22:52:48,MODO DC,3.59,24.0,11.14,18.65
2025-05-08 22:52:48,MODO DC,3.59,24.0,11.14,18.65
2025-05-08 22:52:48,MODO DC,3.59,24.0,11.14,18.65
2025-05-08 22:52:48,MODO DC,3.59,24.0,11.14,18.65
2025-05-08 22:52:48,MODO DC,3.59,24.0,11.14,18.65
2025-05-08 22:52:48,MODO DC,3.59,24.0,11.14,18.65
2025-05-08 22:52:48,MODO DC,3.59,24.0,11.14,18.65
2025-05-08 22:52:48,MODO DC,3.59,24.0,11.14,18.65
2025-05-08 22:52:48,MODO DC,3.59,24.0,11.14,18.65
2025-05-08 22:52:48,MODO DC,3.59,24.0,11.14,18.65
2025-05-08 22:52:49,MODO DC,3.59,24.0,11.14,18.65
2025-05-08 22:52:49,MODO DC,3.59,24.0,11.14,18.65
2025-05-08 22:52:49,MODO DC,3.59,24.0,11.14,18.65
2025-05-08 22:52:49,MODO DC,3.59,24.0,11.14,18.65
2025-05-08 22:52:49,MODO DC,3.59,24.0,11.14,18.65
2025-05-08 22:52:49,MODO DC,3.59,24.0,11.14,18.65
2025-05-08 22:52:49,MODO DC,3.59,24.0,11.14,18.65
2025-05-08 22:52:49,MODO DC,3.59,24.0,11.14,18.65
2025-05-08 22:52:49,MODO DC,3.59,24.0,11.14,18.65
2025-05-08 22:52:49,MODO DC,3.59,24.0,11.14,18.65
2025-05-08 22:52:49,MODO DC,3.59,24.0,11.14,18.65
2025-05-08 22:52:49,MODO DC,3.59,24.0,11.14,18.65
2025-05-08 22:52:49,MODO DC,3.59,24.0,11.14,18.65
2025-05-08 22:52:49,MODO DC,3.59,24.0,11.14,18.65
2025-05-08 22:52:49,MODO DC,3.59,24.0,11.14,18.65
2025-05-08 22:52:49,MODO DC,3.59,24.0,11.14,18.65
2025-05-08 22:52:49,MODO DC,3.59,24.0,11.14,18.65
2025-05-08 22:52:49,MODO DC,3.59,24.0,11.14,18.65
2025-05-08 22:52:49,MODO DC,3.59,24.0,11.14,18.65
2025-05-08 22:52:49,MODO DC,3.59,24.0,11.14,18.65
2025-05-08 22:52:49,MODO DC,3.59,24.0,11.14,18.65
2025-05-08 22:52:49,MODO DC,3.59,24.0,11.14,18.65
2025-05-08 22:52:49,MODO DC,3.59,24.0,11.14,18.65
2025-05-08 22:52:50,MODO DC,3.59,24.0,11.14,18.65
2025-05-08 22:52:50,MODO DC,3.59,24.0,11.14,18.65
2025-05-08 22:52:50,MODO DC,3.59,24.0,11.14,18.65
2025-05-08 22:52:50,MODO DC,3.59,24.0,11.14,18.65
2025-05-08 22:52:50,MODO DC,3.59,24.0,11.14,18.65
2025-05-08 22:52:50,MODO DC,3.59,24.0,11.14,18.65
2025-05-08 22:52:50,MODO DC,3.59,24.0,11.14,18.65
2025-05-08 22:52:50,MODO DC,3.59,24.0,11.14,18.65
2025-05-08 22:52:50,MODO DC,3.59,24.0,11.14,18.65
2025-05-08 22:52:50,MODO DC,3.59,24.0,11.14,18.65
2025-05-08 22:52:50,MODO DC,3.59,24.0,11.14,18.65
2025-05-08 22:52:50,MODO DC,3.59,24.0,11.14,18.65
2025-05-08 22:52:50,MODO DC,3.59,24.0,11.14,18.65
2025-05-08 22:52:50,MODO DC,3.59,24.0,11.14,18.65
2025-05-08 22:52:50,MODO DC,3.59,24.0,11.14,18.65
2025-05-08 22:52:50,MODO DC,3.59,24.0,11.14,18.65
2025-05-08 22:52:50,MODO DC,3.59,24.0,11.14,18.65
2025-05-08 22:52:50,MODO DC,3.59,24.0,11.14,18.65
2025-05-08 22:52:50,MODO DC,3.59,24.0,11.14,18.65
2025-05-08 22:52:50,MODO DC,3.59,24.0,11.14,18.65
2025-05-08 22:52:50,MODO DC,3.59,24.0,11.14,18.65
2025-05-08 22:52:51,MODO DC,3.59,24.0,11.14,18.65
2025-05-08 22:52:51,MODO DC,3.59,24.0,11.14,18.65
2025-05-08 22:52:51,MODO DC,3.59,24.0,11.14,18.65
2025-05-08 22:52:51,MODO DC,3.59,24.0,11.14,18.65
2025-05-08 22:52:51,MODO DC,3.59,24.0,11.14,18.65
2025-05-08 22:52:51,MODO DC,3.59,24.0,11.14,18.65
2025-05-08 22:52:51,MODO DC,3.59,24.0,11.14,18.65
2025-05-08 22:52:51,MODO DC,3.59,24.0,11.14,18.65
2025-05-08 22:52:51,MODO DC,3.59,24.0,11.14,18.65
2025-05-08 22:52:51,MODO DC,3.59,24.0,11.14,18.65
2025-05-08 22:52:51,MODO DC,3.59,24.0,11.14,18.65
2025-05-08 22:52:51,MODO DC,3.59,24.0,11.14,18.65
2025-05-08 22:52:51,MODO DC,3.59,24.0,11.14,18.65
2025-05-08 22:52:51,MODO DC,3.59,24.0,11.14,18.65
2025-05-08 22:52:51,MODO DC,3.59,24.0,11.14,18.65
2025-05-08 22:52:51,MODO DC,3.59,24.0,11.14,18.65
2025-05-08 22:52:51,MODO DC,3.59,24.0,11.14,18.65
2025-05-08 22:52:51,MODO DC,3.59,24.0,11.14,18.65
2025-05-08 22:52:51,MODO DC,3.59,24.0,11.14,18.65
2025-05-08 22:52:51,MODO DC,3.59,24.0,11.14,18.65
2025-05-08 22:52:51,MODO DC,3.59,24.0,11.14,18.65
2025-05-08 22:52:51,MODO DC,3.59,24.0,11.14,18.65
2025-05-08 22:52:52,MODO DC,3.59,24.0,11.14,18.65
2025-05-08 22:52:52,MODO DC,3.59,24.0,11.14,18.65
2025-05-08 22:52:52,MODO DC,3.59,24.0,11.14,18.65
2025-05-08 22:52:52,MODO DC,3.59,24.0,11.14,18.65
2025-05-08 22:52:52,MODO DC,3.59,24.0,11.14,18.65
2025-05-08 22:52:52,MODO DC,3.59,24.0,11.14,18.65
2025-05-08 22:52:52,MODO DC,3.59,24.0,11.14,18.65
2025-05-08 22:52:52,MODO DC,3.59,24.0,11.14,18.65
2025-05-08 22:52:52,MODO DC,3.59,24.0,11.14,18.65
2025-05-08 22:52:52,MODO DC,3.59,24.0,11.14,18.65
2025-05-08 22:52:52,MODO DC,3.59,24.0,11.14,18.65
2025-05-08 22:52:52,MODO DC,3.59,24.0,11.14,18.65
2025-05-08 22:52:52,MODO DC,3.59,24.0,11.14,18.65
2025-05-08 22:52:52,MODO DC,3.59,24.0,11.14,18.65
2025-05-08 22:52:52,MODO DC,3.59,24.0,11.14,18.65
2025-05-08 22:52:52,MODO DC,3.59,24.0,11.14,18.65
2025-05-08 22:52:52,MODO DC,3.59,24.0,11.14,18.65
2025-05-08 22:52:52,MODO DC,3.59,24.0,11.14,18.65
2025-05-08 22:52:52,MODO DC,3.59,24.0,11.14,18.65
2025-05-08 22:52:52,MODO DC,3.59,24.0,11.14,18.65
2025-05-08 22:52:52,MODO DC,3.59,24.0,11.14,18.65
2025-05-08 22:52:52,MODO DC,3.59,24.0,11.14,18.65
2025-05-08 22:52:52,MODO DC,3.59,24.0,11.14,18.65
2025-05-08 22:52:52,MODO DC,3.59,24.0,11.14,18.65
2025-05-08 22:52:53,MODO DC,3.59,24.0,11.14,18.65
2025-05-08 22:52:53,MODO DC,3.59,24.0,11.14,18.65
2025-05-08 22:52:53,MODO DC,3.59,24.0,11.14,18.65
2025-05-08 22:52:53,MODO DC,3.59,24.0,11.14,18.65
2025-05-08 22:52:53,MODO DC,3.59,24.0,11.14,18.65
2025-05-08 22:52:53,MODO DC,3.59,24.0,11.14,18.65
2025-05-08 22:52:53,MODO DC,3.59,24.0,11.14,18.65
2025-05-08 22:52:53,MODO DC,3.59,24.0,11.14,18.65
2025-05-08 22:52:53,MODO DC,3.59,24.0,11.14,18.65
2025-05-08 22:52:53,MODO DC,3.59,24.0,11.14,18.65
2025-05-08 22:52:53,MODO DC,3.59,24.0,11.14,18.65
2025-05-08 22:52:53,MODO DC,3.59,24.0,11.14,18.65
2025-05-08 22:52:53,MODO DC,3.59,24.0,11.14,18.65
2025-05-08 22:52:53,MODO DC,3.59,24.0,11.14,18.65
2025-05-08 22:52:53,MODO DC,3.59,24.0,11.14,18.65
2025-05-08 22:52:53,MODO DC,3.59,24.0,11.14,18.65
2025-05-08 22:52:53,MODO DC,3.59,24.0,11.14,18.65
2025-05-08 22:52:53,MODO DC,3.59,24.0,11.14,18.65
2025-05-08 22:52:53,MODO DC,3.59,24.0,11.14,18.65
2025-05-08 22:52:53,MODO DC,3.59,24.0,11.14,18.65
2025-05-08 22:52:53,MODO DC,3.59,24.0,11.14,18.65
2025-05-08 22:52:53,MODO DC,3.59,24.0,11.14,18.65
2025-05-08 22:52:53,MODO DC,3.59,24.0,11.14,18.65
2025-05-08 22:52:53,MODO DC,3.59,24.0,11.14,18.65
2025-05-08 22:52:53,MODO DC,3.59,24.0,11.14,18.65
2025-05-08 22:52:54,MODO DC,3.59,24.0,11.14,18.65
2025-05-08 22:52:54,MODO DC,3.59,24.0,11.14,18.65
2025-05-08 22:52:54,MODO DC,3.59,24.0,11.14,18.65
2025-05-08 22:52:54,MODO DC,3.59,24.0,11.14,18.65
2025-05-08 22:52:54,MODO DC,3.59,24.0,11.14,18.65
2025-05-08 22:52:54,MODO DC,3.59,24.0,11.14,18.65
2025-05-08 22:52:54,MODO DC,3.59,24.0,11.14,18.65
2025-05-08 22:52:54,MODO DC,3.59,24.0,11.14,18.65
2025-05-08 22:52:54,MODO DC,3.59,24.0,11.14,18.65
2025-05-08 22:52:54,MODO DC,3.59,24.0,11.14,18.65
2025-05-08 22:52:54,MODO DC,3.59,24.0,11.14,18.65
2025-05-08 22:52:54,MODO DC,3.59,24.0,11.14,18.65
2025-05-08 22:52:54,MODO DC,3.59,24.0,11.14,18.65
2025-05-08 22:52:54,MODO DC,3.59,24.0,11.14,18.65
2025-05-08 22:52:54,MODO DC,3.59,24.0,11.14,18.65
2025-05-08 22:52:54,MODO DC,3.59,24.0,11.14,18.65
2025-05-08 22:52:54,MODO DC,3.59,24.0,11.14,18.65
2025-05-08 22:52:54,MODO DC,3.59,24.0,11.14,18.65
2025-05-08 22:52:54,MODO DC,3.59,24.0,11.14,18.65
2025-05-08 22:52:54,MODO DC,3.59,24.0,11.14,18.65
2025-05-08 22:52:54,MODO DC,3.59,24.0,11.14,18.65
2025-05-08 22:52:54,MODO DC,3.59,24.0,11.14,18.65
2025-05-08 22:52:54,MODO DC,3.59,24.0,11.14,18.65
2025-05-08 22:52:54,MODO DC,3.59,24.0,11.14,18.65
2025-05-08 22:52:55,MODO DC,3.59,24.0,11.14,18.65
2025-05-08 22:52:55,MODO DC,3.59,24.0,11.14,18.65
2025-05-08 22:52:55,MODO DC,3.59,24.0,11.14,18.65
2025-05-08 22:52:55,MODO DC,3.59,24.0,11.14,18.65
2025-05-08 22:52:55,MODO DC,3.59,24.0,11.14,18.65
2025-05-08 22:52:55,MODO DC,3.59,24.0,11.14,18.65
2025-05-08 22:52:55,MODO DC,3.59,24.0,11.14,18.65
2025-05-08 22:52:55,MODO DC,3.59,24.0,11.14,18.65
2025-05-08 22:52:55,MODO DC,3.59,24.0,11.14,18.65
2025-05-08 22:52:55,MODO DC,3.59,24.0,11.14,18.65
2025-05-08 22:52:55,MODO DC,3.59,24.0,11.14,18.65
2025-05-08 22:52:55,MODO DC,3.59,24.0,11.14,18.65
2025-05-08 22:52:55,MODO DC,3.59,24.0,11.14,18.65
2025-05-08 22:52:55,MODO DC,3.59,24.0,11.14,18.65
2025-05-08 22:52:55,MODO DC,3.59,24.0,11.14,18.65
2025-05-08 22:52:55,MODO DC,3.59,24.0,11.14,18.65
2025-05-08 22:52:55,MODO DC,3.59,24.0,11.14,18.65
2025-05-08 22:52:55,MODO DC,3.59,24.0,11.14,18.65
2025-05-08 22:52:55,MODO DC,3.59,24.0,11.14,18.65
2025-05-08 22:52:55,MODO DC,3.59,24.0,11.14,18.65
2025-05-08 22:52:55,MODO DC,3.59,24.0,11.14,18.65
2025-05-08 22:52:55,MODO DC,3.59,24.0,11.14,18.65
2025-05-08 22:52:55,MODO DC,3.59,24.0,11.14,18.65
2025-05-08 22:52:56,MODO DC,3.59,24.0,11.14,18.65
2025-05-08 22:52:56,MODO DC,3.59,24.0,11.14,18.65
2025-05-08 22:52:56,MODO DC,3.59,24.0,11.14,18.65
2025-05-08 22:52:56,MODO DC,3.59,24.0,11.14,18.65
2025-05-08 22:52:56,MODO DC,3.59,24.0,11.14,18.65
2025-05-08 22:52:56,MODO DC,3.59,24.0,11.14,18.65
2025-05-08 22:52:56,MODO DC,3.59,24.0,11.14,18.65
2025-05-08 22:52:56,MODO DC,3.59,24.0,11.14,18.65
2025-05-08 22:52:56,MODO DC,3.59,24.0,11.14,18.65
2025-05-08 22:52:56,MODO DC,3.59,24.0,11.14,18.65
2025-05-08 22:52:56,MODO DC,3.59,24.0,11.14,18.65
2025-05-08 22:52:56,MODO DC,3.59,24.0,11.14,18.65
2025-05-08 22:52:56,MODO DC,3.59,24.0,11.14,18.65
2025-05-08 22:52:56,MODO DC,3.59,24.0,11.14,18.65
2025-05-08 22:52:56,MODO DC,3.59,24.0,11.14,18.65
2025-05-08 22:52:56,MODO DC,3.59,24.0,11.14,18.65
2025-05-08 22:52:56,MODO DC,3.59,24.0,11.14,18.65
2025-05-08 22:52:56,MODO DC,3.59,24.0,11.14,18.65
2025-05-08 22:52:56,MODO DC,3.59,24.0,11.14,18.65
2025-05-08 22:52:56,MODO DC,3.59,24.0,11.14,18.65
2025-05-08 22:52:56,MODO DC,3.59,24.0,11.14,18.65
2025-05-08 22:52:56,MODO DC,3.59,24.0,11.14,18.65
2025-05-08 22:52:56,MODO DC,3.59,24.0,11.14,18.65
2025-05-08 22:52:57,MODO DC,3.59,24.0,11.14,18.65
2025-05-08 22:52:57,MODO DC,3.59,24.0,11.14,18.65
2025-05-08 22:52:57,MODO DC,3.59,24.0,11.14,18.65
2025-05-08 22:52:57,MODO DC,3.59,24.0,11.14,18.65
2025-05-08 22:52:57,MODO DC,3.59,24.0,11.14,18.65
2025-05-08 22:52:57,MODO DC,3.59,24.0,11.14,18.65
2025-05-08 22:52:57,MODO DC,3.59,24.0,11.14,18.65
2025-05-08 22:52:57,MODO DC,3.59,24.0,11.14,18.65
2025-05-08 22:52:57,MODO DC,3.59,24.0,11.14,18.65
2025-05-08 22:52:57,MODO DC,3.59,24.0,11.14,18.65
2025-05-08 22:52:57,MODO DC,3.59,24.0,11.14,18.65
2025-05-08 22:52:57,MODO DC,3.59,24.0,11.14,18.65
2025-05-08 22:52:57,MODO DC,3.59,24.0,11.14,18.65
2025-05-08 22:52:57,MODO DC,3.59,24.0,11.14,18.65
2025-05-08 22:52:57,MODO DC,3.59,24.0,11.14,18.65
2025-05-08 22:52:57,MODO DC,3.59,24.0,11.14,18.65
2025-05-08 22:52:57,MODO DC,3.59,24.0,11.14,18.65
2025-05-08 22:52:57,MODO DC,3.59,24.0,11.14,18.65
2025-05-08 22:52:57,MODO DC,3.59,24.0,11.14,18.65
2025-05-08 22:52:57,MODO DC,3.59,24.0,11.14,18.65
2025-05-08 22:52:57,MODO DC,3.59,24.0,11.14,18.65
2025-05-08 22:52:58,MODO DC,3.59,24.0,11.14,18.65
2025-05-08 22:52:58,MODO DC,3.59,24.0,11.14,18.65
2025-05-08 22:52:58,MODO DC,3.59,24.0,11.14,18.65
2025-05-08 22:52:58,MODO DC,3.59,24.0,11.14,18.65
2025-05-08 22:52:58,MODO DC,3.59,24.0,11.14,18.65
2025-05-08 22:52:58,MODO DC,3.59,24.0,11.14,18.65
2025-05-08 22:52:58,MODO DC,3.59,24.0,11.14,18.65
2025-05-08 22:52:58,MODO DC,3.59,24.0,11.14,18.65
2025-05-08 22:52:58,MODO DC,3.59,24.0,11.14,18.65
2025-05-08 22:52:58,MODO DC,3.59,24.0,11.14,18.65
2025-05-08 22:52:58,MODO DC,3.59,24.0,11.14,18.65
2025-05-08 22:52:58,MODO DC,3.59,24.0,11.14,18.65
2025-05-08 22:52:58,MODO DC,3.59,24.0,11.14,18.65
2025-05-08 22:52:58,MODO DC,3.59,24.0,11.14,18.65
2025-05-08 22:52:58,MODO DC,3.59,24.0,11.14,18.65
2025-05-08 22:52:58,MODO DC,3.59,24.0,11.14,18.65
2025-05-08 22:52:58,MODO DC,3.59,24.0,11.14,18.65
2025-05-08 22:52:58,MODO DC,3.59,24.0,11.14,18.65
2025-05-08 22:52:58,MODO DC,3.59,24.0,11.14,18.65
2025-05-08 22:52:58,MODO DC,3.59,24.0,11.14,18.65
2025-05-08 22:52:58,MODO DC,3.59,24.0,11.14,18.65
2025-05-08 22:52:58,MODO DC,3.59,24.0,11.14,18.65
2025-05-08 22:52:58,MODO DC,3.59,24.0,11.14,18.65
2025-05-08 22:52:58,MODO DC,3.59,24.0,11.14,18.65
2025-05-08 22:52:59,MODO DC,3.59,24.0,11.14,18.65
2025-05-08 22:52:59,MODO DC,3.59,24.0,11.14,18.65
2025-05-08 22:52:59,MODO DC,3.59,24.0,11.14,18.65
2025-05-08 22:52:59,MODO DC,3.59,24.0,11.14,18.65
2025-05-08 22:52:59,MODO DC,3.59,24.0,11.14,18.65
2025-05-08 22:52:59,MODO DC,3.59,24.0,11.14,18.65
2025-05-08 22:52:59,MODO DC,3.59,24.0,11.14,18.65
2025-05-08 22:52:59,MODO DC,3.59,24.0,11.14,18.65
2025-05-08 22:52:59,MODO DC,3.59,24.0,11.14,18.65
2025-05-08 22:52:59,MODO DC,3.59,24.0,11.14,18.65
2025-05-08 22:52:59,MODO DC,3.59,24.0,11.14,18.65
2025-05-08 22:52:59,MODO DC,3.59,24.0,11.14,18.65
2025-05-08 22:52:59,MODO DC,3.59,24.0,11.14,18.65
2025-05-08 22:52:59,MODO DC,3.59,24.0,11.14,18.65
2025-05-08 22:52:59,MODO DC,3.59,24.0,11.14,18.65
2025-05-08 22:52:59,MODO DC,3.59,24.0,11.14,18.65
2025-05-08 22:52:59,MODO DC,3.59,24.0,11.14,18.65
2025-05-08 22:52:59,MODO DC,3.59,24.0,11.14,18.65
2025-05-08 22:52:59,MODO DC,3.59,24.0,11.14,18.65
2025-05-08 22:52:59,MODO DC,3.59,24.0,11.14,18.65
2025-05-08 22:52:59,MODO DC,3.59,24.0,11.14,18.65
2025-05-08 22:52:59,MODO DC,3.59,24.0,11.14,18.65
2025-05-08 22:52:59,MODO DC,3.59,24.0,11.14,18.65
2025-05-08 22:52:59,MODO DC,3.59,24.0,11.14,18.65
2025-05-08 22:53:00,MODO DC,3.59,24.0,11.14,18.65
2025-05-08 22:53:00,MODO DC,3.59,24.0,11.14,18.65
2025-05-08 22:53:00,MODO DC,3.59,24.0,11.14,18.65
2025-05-08 22:53:00,MODO DC,3.59,24.0,11.14,18.65
2025-05-08 22:53:00,MODO DC,3.59,24.0,11.14,18.65
2025-05-08 22:53:00,MODO DC,3.59,24.0,11.14,18.65
2025-05-08 22:53:00,MODO DC,3.59,24.0,11.14,18.65
2025-05-08 22:53:00,MODO DC,3.59,24.0,11.14,18.65
2025-05-08 22:53:00,MODO DC,3.59,24.0,11.14,18.65
2025-05-08 22:53:00,MODO DC,3.59,24.0,11.14,18.65
2025-05-08 22:53:00,MODO DC,3.59,24.0,11.14,18.65
2025-05-08 22:53:00,MODO DC,3.59,24.0,11.14,18.65
2025-05-08 22:53:00,MODO DC,3.59,24.0,11.14,18.65
2025-05-08 22:53:00,MODO DC,3.59,24.0,11.14,18.65
2025-05-08 22:53:00,MODO DC,3.59,24.0,11.14,18.65
2025-05-08 22:53:00,MODO DC,3.59,24.0,11.14,18.65
2025-05-08 22:53:00,MODO DC,3.59,24.0,11.14,18.65
2025-05-08 22:53:00,MODO DC,3.59,24.0,11.14,18.65
2025-05-08 22:53:00,MODO DC,3.59,24.0,11.14,18.65
2025-05-08 22:53:00,MODO DC,3.59,24.0,11.14,18.65
2025-05-08 22:53:00,MODO DC,3.59,24.0,11.14,18.65
2025-05-08 22:53:00,MODO DC,3.59,24.0,11.14,18.65
2025-05-08 22:53:00,MODO DC,3.59,24.0,11.14,18.65
2025-05-08 22:53:00,MODO DC,3.59,24.0,11.14,18.65
2025-05-08 22:53:00,MODO DC,3.59,24.0,11.14,18.65
2025-05-08 22:53:01,MODO DC,3.59,24.0,11.14,18.65
2025-05-08 22:53:01,MODO DC,3.59,24.0,11.14,18.65
2025-05-08 22:53:01,MODO DC,3.59,24.0,11.14,18.65
2025-05-08 22:53:01,MODO DC,3.59,24.0,11.14,18.65
2025-05-08 22:53:01,MODO DC,3.59,24.0,11.14,18.65
2025-05-08 22:53:01,MODO DC,3.59,24.0,11.14,18.65
2025-05-08 22:53:01,MODO DC,3.59,24.0,11.14,18.65
2025-05-08 22:53:01,MODO DC,3.59,24.0,11.14,18.65
2025-05-08 22:53:01,MODO DC,3.59,24.0,11.14,18.65
2025-05-08 22:53:01,MODO DC,3.59,24.0,11.14,18.65
2025-05-08 22:53:01,MODO DC,3.59,24.0,11.14,18.65
2025-05-08 22:53:01,MODO DC,3.59,24.0,11.14,18.65
2025-05-08 22:53:01,MODO DC,3.59,24.0,11.14,18.65
2025-05-08 22:53:01,MODO DC,3.59,24.0,11.14,18.65
2025-05-08 22:53:01,MODO DC,3.59,24.0,11.14,18.65
2025-05-08 22:53:01,MODO DC,3.59,24.0,11.14,18.65
2025-05-08 22:53:01,MODO DC,3.59,24.0,11.14,18.65
2025-05-08 22:53:01,MODO DC,3.59,24.0,11.14,18.65
2025-05-08 22:53:01,MODO DC,3.59,24.0,11.14,18.65
2025-05-08 22:53:01,MODO DC,3.59,24.0,11.14,18.65
2025-05-08 22:53:01,MODO DC,3.59,24.0,11.14,18.65
2025-05-08 22:53:01,MODO DC,3.59,24.0,11.14,18.65
2025-05-08 22:53:01,MODO DC,3.59,24.0,11.14,18.65
2025-05-08 22:53:01,MODO DC,3.59,24.0,11.14,18.65
2025-05-08 22:53:02,MODO DC,3.59,24.0,11.14,18.65
2025-05-08 22:53:02,MODO DC,3.59,24.0,11.14,18.65
2025-05-08 22:53:02,MODO DC,3.59,24.0,11.14,18.65
2025-05-08 22:53:02,MODO DC,3.59,24.0,11.14,18.65
2025-05-08 22:53:02,MODO DC,3.59,24.0,11.14,18.65
2025-05-08 22:53:02,MODO DC,3.59,24.0,11.14,18.65
2025-05-08 22:53:02,MODO DC,3.59,24.0,11.14,18.65
2025-05-08 22:53:02,MODO DC,3.59,24.0,11.14,18.65
2025-05-08 22:53:02,MODO DC,3.59,24.0,11.14,18.65
2025-05-08 22:53:02,MODO DC,3.59,24.0,11.14,18.65
2025-05-08 22:53:02,MODO DC,3.59,24.0,11.14,18.65
2025-05-08 22:53:02,MODO DC,3.59,24.0,11.14,18.65
2025-05-08 22:53:02,MODO DC,3.59,24.0,11.14,18.65
2025-05-08 22:53:02,MODO DC,3.59,24.0,11.14,18.65
2025-05-08 22:53:02,MODO DC,3.59,24.0,11.14,18.65
2025-05-08 22:53:02,MODO DC,3.59,24.0,11.14,18.65
2025-05-08 22:53:02,MODO DC,3.59,24.0,11.14,18.65
2025-05-08 22:53:02,MODO DC,3.59,24.0,11.14,18.65
2025-05-08 22:53:02,MODO DC,3.59,24.0,11.14,18.65
2025-05-08 22:53:02,MODO DC,3.59,24.0,11.14,18.65
2025-05-08 22:53:02,MODO DC,3.59,24.0,11.14,18.65
2025-05-08 22:53:02,MODO DC,3.59,24.0,11.14,18.65
2025-05-08 22:53:02,MODO DC,3.59,24.0,11.14,18.65
2025-05-08 22:53:02,MODO DC,3.59,24.0,11.14,18.65
2025-05-08 22:53:03,MODO DC,3.59,24.0,11.14,18.65
2025-05-08 22:53:03,MODO DC,3.59,24.0,11.14,18.65
2025-05-08 22:53:03,MODO DC,3.59,24.0,11.14,18.65
2025-05-08 22:53:03,MODO DC,3.59,24.0,11.14,18.65
2025-05-08 22:53:03,MODO DC,3.59,24.0,11.14,18.65
2025-05-08 22:53:03,MODO DC,3.59,24.0,11.14,18.65
2025-05-08 22:53:03,MODO DC,3.59,24.0,11.14,18.65
2025-05-08 22:53:03,MODO DC,3.59,24.0,11.14,18.65
2025-05-08 22:53:03,MODO DC,3.59,24.0,11.14,18.65
2025-05-08 22:53:03,MODO DC,3.59,24.0,11.14,18.65
2025-05-08 22:53:03,MODO DC,3.59,24.0,11.14,18.65
2025-05-08 22:53:03,MODO DC,3.59,24.0,11.14,18.65
2025-05-08 22:53:03,MODO DC,3.59,24.0,11.14,18.65
2025-05-08 22:53:03,MODO DC,3.59,24.0,11.14,18.65
2025-05-08 22:53:03,MODO DC,3.59,24.0,11.14,18.65
2025-05-08 22:53:03,MODO DC,3.59,24.0,11.14,18.65
2025-05-08 22:53:03,MODO DC,3.59,24.0,11.14,18.65
2025-05-08 22:53:03,MODO DC,3.59,24.0,11.14,18.65
2025-05-08 22:53:03,MODO DC,3.59,24.0,11.14,18.65
2025-05-08 22:53:03,MODO DC,3.59,24.0,11.14,18.65
2025-05-08 22:53:03,MODO DC,3.59,24.0,11.14,18.65
2025-05-08 22:53:03,MODO DC,3.59,24.0,11.14,18.65
2025-05-08 22:53:03,MODO DC,3.59,24.0,11.14,18.65
2025-05-08 22:53:03,MODO DC,3.59,24.0,11.14,18.65
2025-05-08 22:53:04,MODO DC,3.59,24.0,11.14,18.65
2025-05-08 22:53:04,MODO DC,3.59,24.0,11.14,18.65
2025-05-08 22:53:04,MODO DC,3.59,24.0,11.14,18.65
2025-05-08 22:53:04,MODO DC,3.59,24.0,11.14,18.65
2025-05-08 22:53:04,MODO DC,3.59,24.0,11.14,18.65
2025-05-08 22:53:04,MODO DC,3.59,24.0,11.14,18.65
2025-05-08 22:53:04,MODO DC,3.59,24.0,11.14,18.65
2025-05-08 22:53:04,MODO DC,3.59,24.0,11.14,18.65
2025-05-08 22:53:04,MODO DC,3.59,24.0,11.14,18.65
2025-05-08 22:53:04,MODO DC,3.59,24.0,11.14,18.65
2025-05-08 22:53:04,MODO DC,3.59,24.0,11.14,18.65
2025-05-08 22:53:04,MODO DC,3.59,24.0,11.14,18.65
2025-05-08 22:53:04,MODO DC,3.59,24.0,11.14,18.65
2025-05-08 22:53:04,MODO DC,3.59,24.0,11.14,18.65
2025-05-08 22:53:04,MODO DC,3.59,24.0,11.14,18.65
2025-05-08 22:53:04,MODO DC,3.59,24.0,11.14,18.65
2025-05-08 22:53:04,MODO DC,3.59,24.0,11.14,18.65
2025-05-08 22:53:04,MODO DC,3.59,24.0,11.14,18.65
2025-05-08 22:53:04,MODO DC,3.59,24.0,11.14,18.65
2025-05-08 22:53:04,MODO DC,3.59,24.0,11.14,18.65
2025-05-08 22:53:04,MODO DC,3.59,24.0,11.14,18.65
2025-05-08 22:53:04,MODO DC,3.59,24.0,11.14,18.65
2025-05-08 22:53:04,MODO DC,3.59,24.0,11.14,18.65
2025-05-08 22:53:04,MODO DC,3.59,24.0,11.14,18.65
2025-05-08 22:53:04,MODO DC,3.59,24.0,11.14,18.65
2025-05-08 22:53:05,MODO DC,3.59,24.0,11.14,18.65
2025-05-08 22:53:05,MODO DC,3.59,24.0,11.14,18.65
2025-05-08 22:53:05,MODO DC,3.59,24.0,11.14,18.65
2025-05-08 22:53:05,MODO DC,3.59,24.0,11.14,18.65
2025-05-08 22:53:05,MODO DC,3.59,24.0,11.14,18.65
2025-05-08 22:53:05,MODO DC,3.59,24.0,11.14,18.65
2025-05-08 22:53:05,MODO DC,3.59,24.0,11.14,18.65
2025-05-08 22:53:05,MODO DC,3.59,24.0,11.14,18.65
2025-05-08 22:53:05,MODO DC,3.59,24.0,11.14,18.65
2025-05-08 22:53:05,MODO DC,3.59,24.0,11.14,18.65
2025-05-08 22:53:05,MODO DC,3.59,24.0,11.14,18.65
2025-05-08 22:53:05,MODO DC,3.59,24.0,11.14,18.65
2025-05-08 22:53:05,MODO DC,3.59,24.0,11.14,18.65
2025-05-08 22:53:05,MODO DC,3.59,24.0,11.14,18.65
2025-05-08 22:53:05,MODO DC,3.59,24.0,11.14,18.65
2025-05-08 22:53:05,MODO DC,3.59,24.0,11.14,18.65
2025-05-08 22:53:05,MODO DC,3.59,24.0,11.14,18.65
2025-05-08 22:53:05,MODO DC,3.59,24.0,11.14,18.65
2025-05-08 22:53:05,MODO DC,3.59,24.0,11.14,18.65
2025-05-08 22:53:05,MODO DC,3.59,24.0,11.14,18.65
2025-05-08 22:53:05,MODO DC,3.59,24.0,11.14,18.65
2025-05-08 22:53:05,MODO DC,3.59,24.0,11.14,18.65
2025-05-08 22:53:05,MODO DC,3.59,24.0,11.14,18.65
2025-05-08 22:53:05,MODO DC,3.59,24.0,11.14,18.65
2025-05-08 22:53:06,MODO DC,3.59,24.0,11.14,18.65
2025-05-08 22:53:06,MODO DC,3.59,24.0,11.14,18.65
2025-05-08 22:53:06,MODO DC,3.59,24.0,11.14,18.65
2025-05-08 22:53:06,MODO DC,3.59,24.0,11.14,18.65
2025-05-08 22:53:06,MODO DC,3.59,24.0,11.14,18.65
2025-05-08 22:53:06,MODO DC,3.59,24.0,11.14,18.65
2025-05-08 22:53:06,MODO DC,3.59,24.0,11.14,18.65
2025-05-08 22:53:06,MODO DC,3.59,24.0,11.14,18.65
2025-05-08 22:53:06,MODO DC,3.59,24.0,11.14,18.65
2025-05-08 22:53:06,MODO DC,3.59,24.0,11.14,18.65
2025-05-08 22:53:06,MODO DC,3.59,24.0,11.14,18.65
2025-05-08 22:53:06,MODO DC,3.59,24.0,11.14,18.65
2025-05-08 22:53:06,MODO DC,3.59,24.0,11.14,18.65
2025-05-08 22:53:06,MODO DC,3.59,24.0,11.14,18.65
2025-05-08 22:53:06,MODO DC,3.59,24.0,11.14,18.65
2025-05-08 22:53:06,MODO DC,3.59,24.0,11.14,18.65
2025-05-08 22:53:06,MODO DC,3.59,24.0,11.14,18.65
2025-05-08 22:53:06,MODO DC,3.59,24.0,11.14,18.65
2025-05-08 22:53:06,MODO DC,3.59,24.0,11.14,18.65
2025-05-08 22:53:06,MODO DC,3.59,24.0,11.14,18.65
2025-05-08 22:53:06,MODO DC,3.59,24.0,11.14,18.65
2025-05-08 22:53:06,MODO DC,3.59,24.0,11.14,18.65
2025-05-08 22:53:06,MODO DC,3.59,24.0,11.14,18.65
2025-05-08 22:53:06,MODO DC,3.59,24.0,11.14,18.65
2025-05-08 22:53:07,MODO DC,3.59,24.0,11.14,18.65
2025-05-08 22:53:07,MODO DC,3.59,24.0,11.14,18.65
2025-05-08 22:53:07,MODO DC,3.59,24.0,11.14,18.65
2025-05-08 22:53:07,MODO DC,3.59,24.0,11.14,18.65
2025-05-08 22:53:07,MODO DC,3.59,24.0,11.14,18.65
2025-05-08 22:53:07,MODO DC,3.59,24.0,11.14,18.65
2025-05-08 22:53:07,MODO DC,3.59,24.0,11.14,18.65
2025-05-08 22:53:07,MODO DC,3.59,24.0,11.14,18.65
2025-05-08 22:53:07,MODO DC,3.59,24.0,11.14,18.65
2025-05-08 22:53:07,MODO DC,3.59,24.0,11.14,18.65
2025-05-08 22:53:07,MODO DC,3.59,24.0,11.14,18.65
2025-05-08 22:53:07,MODO DC,3.59,24.0,11.14,18.65
2025-05-08 22:53:07,MODO DC,3.59,24.0,11.14,18.65
2025-05-08 22:53:07,MODO DC,3.59,24.0,11.14,18.65
2025-05-08 22:53:07,MODO DC,3.59,24.0,11.14,18.65
2025-05-08 22:53:07,MODO DC,3.59,24.0,11.14,18.65
2025-05-08 22:53:07,MODO DC,3.59,24.0,11.14,18.65
2025-05-08 22:53:07,MODO DC,3.59,24.0,11.14,18.65
2025-05-08 22:53:07,MODO DC,3.59,24.0,11.14,18.65
2025-05-08 22:53:07,MODO DC,3.59,24.0,11.14,18.65
2025-05-08 22:53:07,MODO DC,3.59,24.0,11.14,18.65
2025-05-08 22:53:07,MODO DC,3.59,24.0,11.14,18.65
2025-05-08 22:53:07,MODO DC,3.59,24.0,11.14,18.65
2025-05-08 22:53:07,MODO DC,3.59,24.0,11.14,18.65
2025-05-08 22:53:07,MODO DC,3.59,24.0,11.14,18.65
2025-05-08 22:53:08,MODO DC,3.59,24.0,11.14,18.65
2025-05-08 22:53:08,MODO DC,3.59,24.0,11.14,18.65
2025-05-08 22:53:08,MODO DC,3.59,24.0,11.14,18.65
2025-05-08 22:53:08,MODO DC,3.59,24.0,11.14,18.65
2025-05-08 22:53:08,MODO DC,3.59,24.0,11.14,18.65
2025-05-08 22:53:08,MODO DC,3.59,24.0,11.14,18.65
2025-05-08 22:53:08,MODO DC,3.59,24.0,11.14,18.65
2025-05-08 22:53:08,MODO DC,3.59,24.0,11.14,18.65
2025-05-08 22:53:08,MODO DC,3.59,24.0,11.14,18.65
2025-05-08 22:53:08,MODO DC,3.59,24.0,11.14,18.65
2025-05-08 22:53:08,MODO DC,3.59,24.0,11.14,18.65
2025-05-08 22:53:08,MODO DC,3.59,24.0,11.14,18.65
2025-05-08 22:53:08,MODO DC,3.59,24.0,11.14,18.65
2025-05-08 22:53:08,MODO DC,3.59,24.0,11.14,18.65
2025-05-08 22:53:08,MODO DC,3.59,24.0,11.14,18.65
2025-05-08 22:53:08,MODO DC,3.59,24.0,11.14,18.65
2025-05-08 22:53:08,MODO DC,3.59,24.0,11.14,18.65
2025-05-08 22:53:08,MODO DC,3.59,24.0,11.14,18.65
2025-05-08 22:53:08,MODO DC,3.59,24.0,11.14,18.65
2025-05-08 22:53:08,MODO DC,3.59,24.0,11.14,18.65
2025-05-08 22:53:08,MODO DC,3.59,24.0,11.14,18.65
2025-05-08 22:53:08,MODO DC,3.59,24.0,11.14,18.65
2025-05-08 22:53:08,MODO DC,3.59,24.0,11.14,18.65
2025-05-08 22:53:08,MODO DC,3.59,24.0,11.14,18.65
2025-05-08 22:53:09,MODO DC,3.59,24.0,11.14,18.65
2025-05-08 22:53:09,MODO DC,3.59,24.0,11.14,18.65
2025-05-08 22:53:09,MODO DC,3.59,24.0,11.14,18.65
2025-05-08 22:53:09,MODO DC,3.59,24.0,11.14,18.65
2025-05-08 22:53:09,MODO DC,3.59,24.0,11.14,18.65
2025-05-08 22:53:09,MODO DC,3.59,24.0,11.14,18.65
2025-05-08 22:53:09,MODO DC,3.59,24.0,11.14,18.65
2025-05-08 22:53:09,MODO DC,3.59,24.0,11.14,18.65
2025-05-08 22:53:09,MODO DC,3.59,24.0,11.14,18.65
2025-05-08 22:53:09,MODO DC,3.59,24.0,11.14,18.65
2025-05-08 22:53:09,MODO DC,3.59,24.0,11.14,18.65
2025-05-08 22:53:09,MODO DC,3.59,24.0,11.14,18.65
2025-05-08 22:53:09,MODO DC,3.59,24.0,11.14,18.65
2025-05-08 22:53:09,MODO DC,3.59,24.0,11.14,18.65
2025-05-08 22:53:09,MODO DC,3.59,24.0,11.14,18.65
2025-05-08 22:53:09,MODO DC,3.59,24.0,11.14,18.65
2025-05-08 22:53:09,MODO DC,3.59,24.0,11.14,18.65
2025-05-08 22:53:09,MODO DC,3.59,24.0,11.14,18.65
2025-05-08 22:53:09,MODO DC,3.59,24.0,11.14,18.65
2025-05-08 22:53:09,MODO DC,3.59,24.0,11.14,18.65
2025-05-08 22:53:09,MODO DC,3.59,24.0,11.14,18.65
2025-05-08 22:53:09,MODO DC,3.59,24.0,11.14,18.65
2025-05-08 22:53:09,MODO DC,3.59,24.0,11.14,18.65
2025-05-08 22:53:09,MODO DC,3.59,24.0,11.14,18.65
2025-05-08 22:53:10,MODO DC,3.59,24.0,11.14,18.65
2025-05-08 22:53:10,MODO DC,3.59,24.0,11.14,18.65
2025-05-08 22:53:10,MODO DC,3.59,24.0,11.14,18.65
2025-05-08 22:53:10,MODO DC,3.59,24.0,11.14,18.65
2025-05-08 22:53:10,MODO DC,3.59,24.0,11.14,18.65
2025-05-08 22:53:10,MODO DC,3.59,24.0,11.14,18.65
2025-05-08 22:53:10,MODO DC,3.59,24.0,11.14,18.65
2025-05-08 22:53:10,MODO DC,3.59,24.0,11.14,18.65
2025-05-08 22:53:10,MODO DC,3.59,24.0,11.14,18.65
2025-05-08 22:53:10,MODO DC,3.59,24.0,11.14,18.65
2025-05-08 22:53:10,MODO DC,3.59,24.0,11.14,18.65
2025-05-08 22:53:10,MODO DC,3.59,24.0,11.14,18.65
2025-05-08 22:53:10,MODO DC,3.59,24.0,11.14,18.65
2025-05-08 22:53:10,MODO DC,3.59,24.0,11.14,18.65
2025-05-08 22:53:10,MODO DC,3.59,24.0,11.14,18.65
2025-05-08 22:53:10,MODO DC,3.59,24.0,11.14,18.65
2025-05-08 22:53:10,MODO DC,3.59,24.0,11.14,18.65
2025-05-08 22:53:10,MODO DC,3.59,24.0,11.14,18.65
2025-05-08 22:53:10,MODO DC,3.59,24.0,11.14,18.65
2025-05-08 22:53:10,MODO DC,3.59,24.0,11.14,18.65
2025-05-08 22:53:10,MODO DC,3.59,24.0,11.14,18.65
2025-05-08 22:53:10,MODO DC,3.59,24.0,11.14,18.65
2025-05-08 22:53:11,MODO DC,3.59,24.0,11.14,18.65
2025-05-08 22:53:11,MODO DC,3.59,24.0,11.14,18.65
2025-05-08 22:53:11,MODO DC,3.59,24.0,11.14,18.65
2025-05-08 22:53:11,MODO DC,3.59,24.0,11.14,18.65
2025-05-08 22:53:11,MODO DC,3.59,24.0,11.14,18.65
2025-05-08 22:53:11,MODO DC,3.59,24.0,11.14,18.65
2025-05-08 22:53:11,MODO DC,3.59,24.0,11.14,18.65
2025-05-08 22:53:11,MODO DC,3.59,24.0,11.14,18.65
2025-05-08 22:53:11,MODO DC,3.59,24.0,11.14,18.65
2025-05-08 22:53:11,MODO DC,3.59,24.0,11.14,18.65
2025-05-08 22:53:11,MODO DC,3.59,24.0,11.14,18.65
2025-05-08 22:53:11,MODO DC,3.59,24.0,11.14,18.65
2025-05-08 22:53:11,MODO DC,3.59,24.0,11.14,18.65
2025-05-08 22:53:11,MODO DC,3.59,24.0,11.14,18.65
2025-05-08 22:53:11,MODO DC,3.59,24.0,11.14,18.65
2025-05-08 22:53:11,MODO DC,3.59,24.0,11.14,18.65
2025-05-08 22:53:11,MODO DC,3.59,24.0,11.14,18.65
2025-05-08 22:53:11,MODO DC,3.59,24.0,11.14,18.65
2025-05-08 22:53:11,MODO DC,3.59,24.0,11.14,18.65
2025-05-08 22:53:11,MODO DC,3.59,24.0,11.14,18.65
2025-05-08 22:53:11,MODO DC,3.59,24.0,11.14,18.65
2025-05-08 22:53:11,MODO DC,3.59,24.0,11.14,18.65
2025-05-08 22:53:11,MODO DC,3.59,24.0,11.14,18.65
2025-05-08 22:53:11,MODO DC,3.59,24.0,11.14,18.65
2025-05-08 22:53:12,MODO DC,3.59,24.0,11.14,18.65
2025-05-08 22:53:12,MODO DC,3.59,24.0,11.14,18.65
2025-05-08 22:53:12,MODO DC,3.59,24.0,11.14,18.65
2025-05-08 22:53:12,MODO DC,3.59,24.0,11.14,18.65
2025-05-08 22:53:12,MODO DC,3.59,24.0,11.14,18.65
2025-05-08 22:53:12,MODO DC,3.59,24.0,11.14,18.65
2025-05-08 22:53:12,MODO DC,3.59,24.0,11.14,18.65
2025-05-08 22:53:12,MODO DC,3.59,24.0,11.14,18.65
2025-05-08 22:53:12,MODO DC,3.59,24.0,11.14,18.65
2025-05-08 22:53:12,MODO DC,3.59,24.0,11.14,18.65
2025-05-08 22:53:12,MODO DC,3.59,24.0,11.14,18.65
2025-05-08 22:53:12,MODO DC,3.59,24.0,11.14,18.65
2025-05-08 22:53:12,MODO DC,3.59,24.0,11.14,18.65
2025-05-08 22:53:12,MODO DC,3.59,24.0,11.14,18.65
2025-05-08 22:53:12,MODO DC,3.59,24.0,11.14,18.65
2025-05-08 22:53:12,MODO DC,3.59,24.0,11.14,18.65
2025-05-08 22:53:12,MODO DC,3.59,24.0,11.14,18.65
2025-05-08 22:53:12,MODO DC,3.59,24.0,11.14,18.65
2025-05-08 22:53:12,MODO DC,3.59,24.0,11.14,18.65
2025-05-08 22:53:12,MODO DC,3.59,24.0,11.14,18.65
2025-05-08 22:53:12,MODO DC,3.59,24.0,11.14,18.65
2025-05-08 22:53:12,MODO DC,3.59,24.0,11.14,18.65
2025-05-08 22:53:12,MODO DC,3.59,24.0,11.14,18.65
2025-05-08 22:53:12,MODO DC,3.59,24.0,11.14,18.65
2025-05-08 22:53:12,MODO DC,3.59,24.0,11.14,18.65
2025-05-08 22:53:13,MODO DC,3.59,24.0,11.14,18.65
2025-05-08 22:53:13,MODO DC,3.59,24.0,11.14,18.65
2025-05-08 22:53:13,MODO DC,3.59,24.0,11.14,18.65
2025-05-08 22:53:13,MODO DC,3.59,24.0,11.14,18.65
2025-05-08 22:53:13,MODO DC,3.59,24.0,11.14,18.65
2025-05-08 22:53:13,MODO DC,3.59,24.0,11.14,18.65
2025-05-08 22:53:13,MODO DC,3.59,24.0,11.14,18.65
2025-05-08 22:53:13,MODO DC,3.59,24.0,11.14,18.65
2025-05-08 22:53:13,MODO DC,3.59,24.0,11.14,18.65
2025-05-08 22:53:13,MODO DC,3.59,24.0,11.14,18.65
2025-05-08 22:53:13,MODO DC,3.59,24.0,11.14,18.65
2025-05-08 22:53:13,MODO DC,3.59,24.0,11.14,18.65
2025-05-08 22:53:13,MODO DC,3.59,24.0,11.14,18.65
2025-05-08 22:53:13,MODO DC,3.59,24.0,11.14,18.65
2025-05-08 22:53:13,MODO DC,3.59,24.0,11.14,18.65
2025-05-08 22:53:13,MODO DC,3.59,24.0,11.14,18.65
2025-05-08 22:53:13,MODO DC,3.59,24.0,11.14,18.65
2025-05-08 22:53:13,MODO DC,3.59,24.0,11.14,18.65
2025-05-08 22:53:13,MODO DC,3.59,24.0,11.14,18.65
2025-05-08 22:53:13,MODO DC,3.59,24.0,11.14,18.65
2025-05-08 22:53:13,MODO DC,3.59,24.0,11.14,18.65
2025-05-08 22:53:13,MODO DC,3.59,24.0,11.14,18.65
2025-05-08 22:53:13,MODO DC,3.59,24.0,11.14,18.65
2025-05-08 22:53:13,MODO DC,3.59,24.0,11.14,18.65
2025-05-08 22:53:14,MODO DC,3.59,24.0,11.14,18.65
2025-05-08 22:53:14,MODO DC,3.59,24.0,11.14,18.65
2025-05-08 22:53:14,MODO DC,3.59,24.0,11.14,18.65
2025-05-08 22:53:14,MODO DC,3.59,24.0,11.14,18.65
2025-05-08 22:53:14,MODO DC,3.59,24.0,11.14,18.65
2025-05-08 22:53:14,MODO DC,3.59,24.0,11.14,18.65
2025-05-08 22:53:14,MODO DC,3.59,24.0,11.14,18.65
2025-05-08 22:53:14,MODO DC,3.59,24.0,11.14,18.65
2025-05-08 22:53:14,MODO DC,3.59,24.0,11.14,18.65
2025-05-08 22:53:14,MODO DC,3.59,24.0,11.14,18.65
2025-05-08 22:53:14,MODO DC,3.59,24.0,11.14,18.65
2025-05-08 22:53:14,MODO DC,3.59,24.0,11.14,18.65
2025-05-08 22:53:14,MODO DC,3.59,24.0,11.14,18.65
2025-05-08 22:53:14,MODO DC,3.59,24.0,11.14,18.65
2025-05-08 22:53:14,MODO DC,3.59,24.0,11.14,18.65
2025-05-08 22:53:14,MODO DC,3.59,24.0,11.14,18.65
2025-05-08 22:53:14,MODO DC,3.59,24.0,11.14,18.65
2025-05-08 22:53:14,MODO DC,3.59,24.0,11.14,18.65
2025-05-08 22:53:14,MODO DC,3.59,24.0,11.14,18.65
2025-05-08 22:53:14,MODO DC,3.59,24.0,11.14,18.65
2025-05-08 22:53:14,MODO DC,3.59,24.0,11.14,18.65
2025-05-08 22:53:14,MODO DC,3.59,24.0,11.14,18.65
2025-05-08 22:53:14,MODO DC,3.59,24.0,11.14,18.65
2025-05-08 22:53:15,MODO DC,3.59,24.0,11.14,18.65
2025-05-08 22:53:15,MODO DC,3.59,24.0,11.14,18.65
2025-05-08 22:53:15,MODO DC,3.59,24.0,11.14,18.65
2025-05-08 22:53:15,MODO DC,3.59,24.0,11.14,18.65
2025-05-08 22:53:15,MODO DC,3.59,24.0,11.14,18.65
2025-05-08 22:53:15,MODO DC,3.59,24.0,11.14,18.65
2025-05-08 22:53:15,MODO DC,3.59,24.0,11.14,18.65
2025-05-08 22:53:15,MODO DC,3.59,24.0,11.14,18.65
2025-05-08 22:53:15,MODO DC,3.59,24.0,11.14,18.65
2025-05-08 22:53:15,MODO DC,3.59,24.0,11.14,18.65
2025-05-08 22:53:15,MODO DC,3.59,24.0,11.14,18.65
2025-05-08 22:53:15,MODO DC,3.59,24.0,11.14,18.65
2025-05-08 22:53:15,MODO DC,3.59,24.0,11.14,18.65
2025-05-08 22:53:15,MODO DC,3.59,24.0,11.14,18.65
2025-05-08 22:53:15,MODO DC,3.59,24.0,11.14,18.65
2025-05-08 22:53:15,MODO DC,3.59,24.0,11.14,18.65
2025-05-08 22:53:15,MODO DC,3.59,24.0,11.14,18.65
2025-05-08 22:53:15,MODO DC,3.59,24.0,11.14,18.65
2025-05-08 22:53:15,MODO DC,3.59,24.0,11.14,18.65
2025-05-08 22:53:15,MODO DC,3.59,24.0,11.14,18.65
2025-05-08 22:53:15,MODO DC,3.59,24.0,11.14,18.65
2025-05-08 22:53:15,MODO DC,3.59,24.0,11.14,18.65
2025-05-08 22:53:15,MODO DC,3.59,24.0,11.14,18.65
2025-05-08 22:53:16,MODO DC,3.59,24.0,11.14,18.65
2025-05-08 22:53:16,MODO DC,3.59,24.0,11.14,18.65
2025-05-08 22:53:16,MODO DC,3.59,24.0,11.14,18.65
2025-05-08 22:53:16,MODO DC,3.59,24.0,11.14,18.65
2025-05-08 22:53:16,MODO DC,3.59,24.0,11.14,18.65
2025-05-08 22:53:16,MODO DC,3.59,24.0,11.14,18.65
2025-05-08 22:53:16,MODO DC,3.59,24.0,11.14,18.65
2025-05-08 22:53:16,MODO DC,3.59,24.0,11.14,18.65
2025-05-08 22:53:16,MODO DC,3.59,24.0,11.14,18.65
2025-05-08 22:53:16,MODO DC,3.59,24.0,11.14,18.65
2025-05-08 22:53:16,MODO DC,3.59,24.0,11.14,18.65
2025-05-08 22:53:16,MODO DC,3.59,24.0,11.14,18.65
2025-05-08 22:53:16,MODO DC,3.59,24.0,11.14,18.65
2025-05-08 22:53:16,MODO DC,3.59,24.0,11.14,18.65
2025-05-08 22:53:16,MODO DC,3.59,24.0,11.14,18.65
2025-05-08 22:53:16,MODO DC,3.59,24.0,11.14,18.65
2025-05-08 22:53:16,MODO DC,3.59,24.0,11.14,18.65
2025-05-08 22:53:16,MODO DC,3.59,24.0,11.14,18.65
2025-05-08 22:53:16,MODO DC,3.59,24.0,11.14,18.65
2025-05-08 22:53:16,MODO DC,3.59,24.0,11.14,18.65
2025-05-08 22:53:16,MODO DC,3.59,24.0,11.14,18.65
2025-05-08 22:53:16,MODO DC,3.59,24.0,11.14,18.65
2025-05-08 22:53:16,MODO DC,3.59,24.0,11.14,18.65
2025-05-08 22:53:16,MODO DC,3.59,24.0,11.14,18.65
2025-05-08 22:53:17,MODO DC,3.59,24.0,11.14,18.65
2025-05-08 22:53:17,MODO DC,3.59,24.0,11.14,18.65
2025-05-08 22:53:17,MODO DC,3.59,24.0,11.14,18.65
2025-05-08 22:53:17,MODO DC,3.59,24.0,11.14,18.65
2025-05-08 22:53:17,MODO DC,3.59,24.0,11.14,18.65
2025-05-08 22:53:17,MODO DC,3.59,24.0,11.14,18.65
2025-05-08 22:53:17,MODO DC,3.59,24.0,11.14,18.65
2025-05-08 22:53:17,MODO DC,3.59,24.0,11.14,18.65
2025-05-08 22:53:17,MODO DC,3.59,24.0,11.14,18.65
2025-05-08 22:53:17,MODO DC,3.59,24.0,11.14,18.65
2025-05-08 22:53:17,MODO DC,3.59,24.0,11.14,18.65
2025-05-08 22:53:17,MODO DC,3.59,24.0,11.14,18.65
2025-05-08 22:53:17,MODO DC,3.59,24.0,11.14,18.65
2025-05-08 22:53:17,MODO DC,3.59,24.0,11.14,18.65
2025-05-08 22:53:17,MODO DC,3.59,24.0,11.14,18.65
2025-05-08 22:53:17,MODO DC,3.59,24.0,11.14,18.65
2025-05-08 22:53:17,MODO DC,3.59,24.0,11.14,18.65
2025-05-08 22:53:17,MODO DC,3.59,24.0,11.14,18.65
2025-05-08 22:53:17,MODO DC,3.59,24.0,11.14,18.65
2025-05-08 22:53:17,MODO DC,3.59,24.0,11.14,18.65
2025-05-08 22:53:17,MODO DC,3.59,24.0,11.14,18.65
2025-05-08 22:53:17,MODO DC,3.59,24.0,11.14,18.65
2025-05-08 22:53:17,MODO DC,3.59,24.0,11.14,18.65
2025-05-08 22:53:17,MODO DC,3.59,24.0,11.14,18.65
2025-05-08 22:53:18,MODO DC,3.59,24.0,11.14,18.65
2025-05-08 22:53:18,MODO DC,3.59,24.0,11.14,18.65
2025-05-08 22:53:18,MODO DC,3.59,24.0,11.14,18.65
2025-05-08 22:53:18,MODO DC,3.59,24.0,11.14,18.65
2025-05-08 22:53:18,MODO DC,3.59,24.0,11.14,18.65
2025-05-08 22:53:18,MODO DC,3.59,24.0,11.14,18.65
2025-05-08 22:53:18,MODO DC,3.59,24.0,11.14,18.65
2025-05-08 22:53:18,MODO DC,3.59,24.0,11.14,18.65
2025-05-08 22:53:18,MODO DC,3.59,24.0,11.14,18.65
2025-05-08 22:53:18,MODO DC,3.59,24.0,11.14,18.65
2025-05-08 22:53:18,MODO DC,3.59,24.0,11.14,18.65
2025-05-08 22:53:18,MODO DC,3.59,24.0,11.14,18.65
2025-05-08 22:53:18,MODO DC,3.59,24.0,11.14,18.65
2025-05-08 22:53:18,MODO DC,3.59,24.0,11.14,18.65
2025-05-08 22:53:18,MODO DC,3.59,24.0,11.14,18.65
2025-05-08 22:53:18,MODO DC,3.59,24.0,11.14,18.65
2025-05-08 22:53:18,MODO DC,3.59,24.0,11.14,18.65
2025-05-08 22:53:18,MODO DC,3.59,24.0,11.14,18.65
2025-05-08 22:53:18,MODO DC,3.59,24.0,11.14,18.65
2025-05-08 22:53:18,MODO DC,3.59,24.0,11.14,18.65
2025-05-08 22:53:18,MODO DC,3.59,24.0,11.14,18.65
2025-05-08 22:53:18,MODO DC,3.59,24.0,11.14,18.65
2025-05-08 22:53:18,MODO DC,3.59,24.0,11.14,18.65
2025-05-08 22:53:19,MODO DC,3.59,24.0,11.14,18.65
2025-05-08 22:53:19,MODO DC,3.59,24.0,11.14,18.65
2025-05-08 22:53:19,MODO DC,3.59,24.0,11.14,18.65
2025-05-08 22:53:19,MODO DC,3.59,24.0,11.14,18.65
2025-05-08 22:53:19,MODO DC,3.59,24.0,11.14,18.65
2025-05-08 22:53:19,MODO DC,3.59,24.0,11.14,18.65
2025-05-08 22:53:19,MODO DC,3.59,24.0,11.14,18.65
2025-05-08 22:53:19,MODO DC,3.59,24.0,11.14,18.65
2025-05-08 22:53:19,MODO DC,3.59,24.0,11.14,18.65
2025-05-08 22:53:19,MODO DC,3.59,24.0,11.14,18.65
2025-05-08 22:53:19,MODO DC,3.59,24.0,11.14,18.65
2025-05-08 22:53:19,MODO DC,3.59,24.0,11.14,18.65
2025-05-08 22:53:19,MODO DC,3.59,24.0,11.14,18.65
2025-05-08 22:53:19,MODO DC,3.59,24.0,11.14,18.65
2025-05-08 22:53:19,MODO DC,3.59,24.0,11.14,18.65
2025-05-08 22:53:19,MODO DC,3.59,24.0,11.14,18.65
2025-05-08 22:53:19,MODO DC,3.59,24.0,11.14,18.65
2025-05-08 22:53:19,MODO DC,3.59,24.0,11.14,18.65
2025-05-08 22:53:19,MODO DC,3.59,24.0,11.14,18.65
2025-05-08 22:53:19,MODO DC,3.59,24.0,11.14,18.65
2025-05-08 22:53:19,MODO DC,3.59,24.0,11.14,18.65
2025-05-08 22:53:19,MODO DC,3.59,24.0,11.14,18.65
2025-05-08 22:53:19,MODO DC,3.59,24.0,11.14,18.65
2025-05-08 22:53:19,MODO DC,3.59,24.0,11.14,18.65
2025-05-08 22:53:20,MODO DC,3.59,24.0,11.14,18.65
2025-05-08 22:53:20,MODO DC,3.59,24.0,11.14,18.65
2025-05-08 22:53:20,MODO DC,3.59,24.0,11.14,18.65
2025-05-08 22:53:20,MODO DC,3.59,24.0,11.14,18.65
2025-05-08 22:53:20,MODO DC,3.59,24.0,11.14,18.65
2025-05-08 22:53:20,MODO DC,3.59,24.0,11.14,18.65
2025-05-08 22:53:20,MODO DC,3.59,24.0,11.14,18.65
2025-05-08 22:53:20,MODO DC,3.59,24.0,11.14,18.65
2025-05-08 22:53:20,MODO DC,3.59,24.0,11.14,18.65
2025-05-08 22:53:20,MODO DC,3.59,24.0,11.14,18.65
2025-05-08 22:53:20,MODO DC,3.59,24.0,11.14,18.65
2025-05-08 22:53:20,MODO DC,3.59,24.0,11.14,18.65
2025-05-08 22:53:20,MODO DC,3.59,24.0,11.14,18.65
2025-05-08 22:53:20,MODO DC,3.59,24.0,11.14,18.65
2025-05-08 22:53:20,MODO DC,3.59,24.0,11.14,18.65
2025-05-08 22:53:20,MODO DC,3.59,24.0,11.14,18.65
2025-05-08 22:53:20,MODO DC,3.59,24.0,11.14,18.65
2025-05-08 22:53:20,MODO DC,3.59,24.0,11.14,18.65
2025-05-08 22:53:20,MODO DC,3.59,24.0,11.14,18.65
2025-05-08 22:53:20,MODO DC,3.59,24.0,11.14,18.65
2025-05-08 22:53:20,MODO DC,3.59,24.0,11.14,18.65
2025-05-08 22:53:20,MODO DC,3.59,24.0,11.14,18.65
2025-05-08 22:53:20,MODO DC,3.59,24.0,11.14,18.65
2025-05-08 22:53:20,MODO DC,3.59,24.0,11.14,18.65
2025-05-08 22:53:21,MODO DC,3.59,24.0,11.14,18.65
2025-05-08 22:53:21,MODO DC,3.59,24.0,11.14,18.65
2025-05-08 22:53:21,MODO DC,3.59,24.0,11.14,18.65
2025-05-08 22:53:21,MODO DC,3.59,24.0,11.14,18.65
2025-05-08 22:53:21,MODO DC,3.59,24.0,11.14,18.65
2025-05-08 22:53:21,MODO DC,3.59,24.0,11.14,18.65
2025-05-08 22:53:21,MODO DC,3.59,24.0,11.14,18.65
2025-05-08 22:53:21,MODO DC,3.59,24.0,11.14,18.65
2025-05-08 22:53:21,MODO DC,3.59,24.0,11.14,18.65
2025-05-08 22:53:21,MODO DC,3.59,24.0,11.14,18.65
2025-05-08 22:53:21,MODO DC,3.59,24.0,11.14,18.65
2025-05-08 22:53:21,MODO DC,3.59,24.0,11.14,18.65
2025-05-08 22:53:21,MODO DC,3.59,24.0,11.14,18.65
2025-05-08 22:53:21,MODO DC,3.59,24.0,11.14,18.65
2025-05-08 22:53:21,MODO DC,3.59,24.0,11.14,18.65
2025-05-08 22:53:21,MODO DC,3.59,24.0,11.14,18.65
2025-05-08 22:53:21,MODO DC,3.59,24.0,11.14,18.65
2025-05-08 22:53:21,MODO DC,3.59,24.0,11.14,18.65
2025-05-08 22:53:21,MODO DC,3.59,24.0,11.14,18.65
2025-05-08 22:53:21,MODO DC,3.59,24.0,11.14,18.65
2025-05-08 22:53:21,MODO DC,3.59,24.0,11.14,18.65
2025-05-08 22:53:21,MODO DC,3.59,24.0,11.14,18.65
2025-05-08 22:53:21,MODO DC,3.59,24.0,11.14,18.65
2025-05-08 22:53:21,MODO DC,3.59,24.0,11.14,18.65
2025-05-08 22:53:22,MODO DC,3.59,24.0,11.14,18.65
2025-05-08 22:53:22,MODO DC,3.59,24.0,11.14,18.65
2025-05-08 22:53:22,MODO DC,3.59,24.0,11.14,18.65
2025-05-08 22:53:22,MODO DC,3.59,24.0,11.14,18.65
2025-05-08 22:53:22,MODO DC,3.59,24.0,11.14,18.65
2025-05-08 22:53:22,MODO DC,3.59,24.0,11.14,18.65
2025-05-08 22:53:22,MODO DC,3.59,24.0,11.14,18.65
2025-05-08 22:53:22,MODO DC,3.59,24.0,11.14,18.65
2025-05-08 22:53:22,MODO DC,3.59,24.0,11.14,18.65
2025-05-08 22:53:22,MODO DC,3.59,24.0,11.14,18.65
2025-05-08 22:53:22,MODO DC,3.59,24.0,11.14,18.65
2025-05-08 22:53:22,MODO DC,3.59,24.0,11.14,18.65
2025-05-08 22:53:22,MODO DC,3.59,24.0,11.14,18.65
2025-05-08 22:53:22,MODO DC,3.59,24.0,11.14,18.65
2025-05-08 22:53:22,MODO DC,3.59,24.0,11.14,18.65
2025-05-08 22:53:22,MODO DC,3.59,24.0,11.14,18.65
2025-05-08 22:53:22,MODO DC,3.59,24.0,11.14,18.65
2025-05-08 22:53:22,MODO DC,3.59,24.0,11.14,18.65
2025-05-08 22:53:22,MODO DC,3.59,24.0,11.14,18.65
2025-05-08 22:53:22,MODO DC,3.59,24.0,11.14,18.65
2025-05-08 22:53:22,MODO DC,3.59,24.0,11.14,18.65
2025-05-08 22:53:22,MODO DC,3.59,24.0,11.14,18.65
2025-05-08 22:53:22,MODO DC,3.59,24.0,11.14,18.65
2025-05-08 22:53:22,MODO DC,3.59,24.0,11.14,18.65
2025-05-08 22:53:23,MODO DC,3.59,24.0,11.14,18.65
2025-05-08 22:53:23,MODO DC,3.59,24.0,11.14,18.65
2025-05-08 22:53:23,MODO DC,3.59,24.0,11.14,18.65
2025-05-08 22:53:23,MODO DC,3.59,24.0,11.14,18.65
2025-05-08 22:53:23,MODO DC,3.59,24.0,11.14,18.65
2025-05-08 22:53:23,MODO DC,3.59,24.0,11.14,18.65
2025-05-08 22:53:23,MODO DC,3.59,24.0,11.14,18.65
2025-05-08 22:53:23,MODO DC,3.59,24.0,11.14,18.65
2025-05-08 22:53:23,MODO DC,3.59,24.0,11.14,18.65
2025-05-08 22:53:23,MODO DC,3.59,24.0,11.14,18.65
2025-05-08 22:53:23,MODO DC,3.59,24.0,11.14,18.65
2025-05-08 22:53:23,MODO DC,3.59,24.0,11.14,18.65
2025-05-08 22:53:23,MODO DC,3.59,24.0,11.14,18.65
2025-05-08 22:53:23,MODO DC,3.59,24.0,11.14,18.65
2025-05-08 22:53:23,MODO DC,3.59,24.0,11.14,18.65
2025-05-08 22:53:23,MODO DC,3.59,24.0,11.14,18.65
2025-05-08 22:53:23,MODO DC,3.59,24.0,11.14,18.65
2025-05-08 22:53:23,MODO DC,3.59,24.0,11.14,18.65
2025-05-08 22:53:23,MODO DC,3.59,24.0,11.14,18.65
2025-05-08 22:53:23,MODO DC,3.59,24.0,11.14,18.65
2025-05-08 22:53:23,MODO DC,3.59,24.0,11.14,18.65
2025-05-08 22:53:23,MODO DC,3.59,24.0,11.14,18.65
2025-05-08 22:53:23,MODO DC,3.59,24.0,11.14,18.65
2025-05-08 22:53:24,MODO DC,3.59,24.0,11.14,18.65
2025-05-08 22:53:24,MODO DC,3.59,24.0,11.14,18.65
2025-05-08 22:53:24,MODO DC,3.59,24.0,11.14,18.65
2025-05-08 22:53:24,MODO DC,3.59,24.0,11.14,18.65
2025-05-08 22:53:24,MODO DC,3.59,24.0,11.14,18.65
2025-05-08 22:53:24,MODO DC,3.59,24.0,11.14,18.65
2025-05-08 22:53:24,MODO DC,3.59,24.0,11.14,18.65
2025-05-08 22:53:24,MODO DC,3.59,24.0,11.14,18.65
2025-05-08 22:53:24,MODO DC,3.59,24.0,11.14,18.65
2025-05-08 22:53:24,MODO DC,3.59,24.0,11.14,18.65
2025-05-08 22:53:24,MODO DC,3.59,24.0,11.14,18.65
2025-05-08 22:53:24,MODO DC,3.59,24.0,11.14,18.65
2025-05-08 22:53:24,MODO DC,3.59,24.0,11.14,18.65
2025-05-08 22:53:24,MODO DC,3.59,24.0,11.14,18.65
2025-05-08 22:53:24,MODO DC,3.59,24.0,11.14,18.65
2025-05-08 22:53:24,MODO DC,3.59,24.0,11.14,18.65
2025-05-08 22:53:24,MODO DC,3.59,24.0,11.14,18.65
2025-05-08 22:53:24,MODO DC,3.59,24.0,11.14,18.65
2025-05-08 22:53:24,MODO DC,3.59,24.0,11.14,18.65
2025-05-08 22:53:24,MODO DC,3.59,24.0,11.14,18.65
2025-05-08 22:53:24,MODO DC,3.59,24.0,11.14,18.65
2025-05-08 22:53:24,MODO DC,3.59,24.0,11.14,18.65
2025-05-08 22:53:24,MODO DC,3.59,24.0,11.14,18.65
2025-05-08 22:53:24,MODO DC,3.59,24.0,11.14,18.65
2025-05-08 22:53:25,MODO DC,3.59,24.0,11.14,18.65
2025-05-08 22:53:25,MODO DC,3.59,24.0,11.14,18.65
2025-05-08 22:53:25,MODO DC,3.59,24.0,11.14,18.65
2025-05-08 22:53:25,MODO DC,3.59,24.0,11.14,18.65
2025-05-08 22:53:25,MODO DC,3.59,24.0,11.14,18.65
2025-05-08 22:53:25,MODO DC,3.59,24.0,11.14,18.65
2025-05-08 22:53:25,MODO DC,3.59,24.0,11.14,18.65
2025-05-08 22:53:25,MODO DC,3.59,24.0,11.14,18.65
2025-05-08 22:53:25,MODO DC,3.59,24.0,11.14,18.65
2025-05-08 22:53:25,MODO DC,3.59,24.0,11.14,18.65
2025-05-08 22:53:25,MODO DC,3.59,24.0,11.14,18.65
2025-05-08 22:53:25,MODO DC,3.59,24.0,11.14,18.65
2025-05-08 22:53:25,MODO DC,3.59,24.0,11.14,18.65
2025-05-08 22:53:25,MODO DC,3.59,24.0,11.14,18.65
2025-05-08 22:53:25,MODO DC,3.59,24.0,11.14,18.65
2025-05-08 22:53:25,MODO DC,3.59,24.0,11.14,18.65
2025-05-08 22:53:25,MODO DC,3.59,24.0,11.14,18.65
2025-05-08 22:53:25,MODO DC,3.59,24.0,11.14,18.65
2025-05-08 22:53:25,MODO DC,3.59,24.0,11.14,18.65
2025-05-08 22:53:25,MODO DC,3.59,24.0,11.14,18.65
2025-05-08 22:53:25,MODO DC,3.59,24.0,11.14,18.65
2025-05-08 22:53:25,MODO DC,3.59,24.0,11.14,18.65
2025-05-08 22:53:25,MODO DC,3.59,24.0,11.14,18.65
2025-05-08 22:53:25,MODO DC,3.59,24.0,11.14,18.65
2025-05-08 22:53:26,MODO DC,3.59,24.0,11.14,18.65
2025-05-08 22:53:26,MODO DC,3.59,24.0,11.14,18.65
2025-05-08 22:53:26,MODO DC,3.59,24.0,11.14,18.65
2025-05-08 22:53:26,MODO DC,3.59,24.0,11.14,18.65
2025-05-08 22:53:26,MODO DC,3.59,24.0,11.14,18.65
2025-05-08 22:53:26,MODO DC,3.59,24.0,11.14,18.65
2025-05-08 22:53:26,MODO DC,3.59,24.0,11.14,18.65
2025-05-08 22:53:26,MODO DC,3.59,24.0,11.14,18.65
2025-05-08 22:53:26,MODO DC,3.59,24.0,11.14,18.65
2025-05-08 22:53:26,MODO DC,3.59,24.0,11.14,18.65
2025-05-08 22:53:26,MODO DC,3.59,24.0,11.14,18.65
2025-05-08 22:53:26,MODO DC,3.59,24.0,11.14,18.65
2025-05-08 22:53:26,MODO DC,3.59,24.0,11.14,18.65
2025-05-08 22:53:26,MODO DC,3.59,24.0,11.14,18.65
2025-05-08 22:53:26,MODO DC,3.59,24.0,11.14,18.65
2025-05-08 22:53:26,MODO DC,3.59,24.0,11.14,18.65
2025-05-08 22:53:26,MODO DC,3.59,24.0,11.14,18.65
2025-05-08 22:53:26,MODO DC,3.59,24.0,11.14,18.65
2025-05-08 22:53:26,MODO DC,3.59,24.0,11.14,18.65
2025-05-08 22:53:26,MODO DC,3.59,24.0,11.14,18.65
2025-05-08 22:53:26,MODO DC,3.59,24.0,11.14,18.65
2025-05-08 22:53:26,MODO DC,3.59,24.0,11.14,18.65
2025-05-08 22:53:26,MODO DC,3.59,24.0,11.14,18.65
2025-05-08 22:53:26,MODO DC,3.59,24.0,11.14,18.65
2025-05-08 22:53:27,MODO DC,3.59,24.0,11.14,18.65
2025-05-08 22:53:27,MODO DC,3.59,24.0,11.14,18.65
2025-05-08 22:53:27,MODO DC,3.59,24.0,11.14,18.65
2025-05-08 22:53:27,MODO DC,3.59,24.0,11.14,18.65
2025-05-08 22:53:27,MODO DC,3.59,24.0,11.14,18.65
2025-05-08 22:53:27,MODO DC,3.59,24.0,11.14,18.65
2025-05-08 22:53:27,MODO DC,3.59,24.0,11.14,18.65
2025-05-08 22:53:27,MODO DC,3.59,24.0,11.14,18.65
2025-05-08 22:53:27,MODO DC,3.59,24.0,11.14,18.65
2025-05-08 22:53:27,MODO DC,3.59,24.0,11.14,18.65
2025-05-08 22:53:27,MODO DC,3.59,24.0,11.14,18.65
2025-05-08 22:53:27,MODO DC,3.59,24.0,11.14,18.65
2025-05-08 22:53:27,MODO DC,3.59,24.0,11.14,18.65
2025-05-08 22:53:27,MODO DC,3.59,24.0,11.14,18.65
2025-05-08 22:53:27,MODO DC,3.59,24.0,11.14,18.65
2025-05-08 22:53:27,MODO DC,3.59,24.0,11.14,18.65
2025-05-08 22:53:27,MODO DC,3.59,24.0,11.14,18.65
2025-05-08 22:53:27,MODO DC,3.59,24.0,11.14,18.65
2025-05-08 22:53:27,MODO DC,3.59,24.0,11.14,18.65
2025-05-08 22:53:27,MODO DC,3.59,24.0,11.14,18.65
2025-05-08 22:53:27,MODO DC,3.59,24.0,11.14,18.65
2025-05-08 22:53:27,MODO DC,3.59,24.0,11.14,18.65
2025-05-08 22:53:27,MODO DC,3.59,24.0,11.14,18.65
2025-05-08 22:53:28,MODO DC,3.59,24.0,11.14,18.65
2025-05-08 22:53:28,MODO DC,3.59,24.0,11.14,18.65
2025-05-08 22:53:28,MODO DC,3.59,24.0,11.14,18.65
2025-05-08 22:53:28,MODO DC,3.59,24.0,11.14,18.65
2025-05-08 22:53:28,MODO DC,3.59,24.0,11.14,18.65
2025-05-08 22:53:28,MODO DC,3.59,24.0,11.14,18.65
2025-05-08 22:53:28,MODO DC,3.59,24.0,11.14,18.65
2025-05-08 22:53:28,MODO DC,3.59,24.0,11.14,18.65
2025-05-08 22:53:28,MODO DC,3.59,24.0,11.14,18.65
2025-05-08 22:53:28,MODO DC,3.59,24.0,11.14,18.65
2025-05-08 22:53:28,MODO DC,3.59,24.0,11.14,18.65
2025-05-08 22:53:28,MODO DC,3.59,24.0,11.14,18.65
2025-05-08 22:53:28,MODO DC,3.59,24.0,11.14,18.65
2025-05-08 22:53:28,MODO DC,3.59,24.0,11.14,18.65
2025-05-08 22:53:28,MODO DC,3.59,24.0,11.14,18.65
2025-05-08 22:53:28,MODO DC,3.59,24.0,11.14,18.65
2025-05-08 22:53:28,MODO DC,3.59,24.0,11.14,18.65
2025-05-08 22:53:28,MODO DC,3.59,24.0,11.14,18.65
2025-05-08 22:53:28,MODO DC,3.59,24.0,11.14,18.65
2025-05-08 22:53:28,MODO DC,3.59,24.0,11.14,18.65
2025-05-08 22:53:28,MODO DC,3.59,24.0,11.14,18.65
2025-05-08 22:53:28,MODO DC,3.59,24.0,11.14,18.65
2025-05-08 22:53:28,MODO DC,3.59,24.0,11.14,18.65
2025-05-08 22:53:28,MODO DC,3.59,24.0,11.14,18.65
2025-05-08 22:53:29,MODO DC,3.59,24.0,11.14,18.65
2025-05-08 22:53:29,MODO DC,3.59,24.0,11.14,18.65
2025-05-08 22:53:29,MODO DC,3.59,24.0,11.14,18.65
2025-05-08 22:53:29,MODO DC,3.59,24.0,11.14,18.65
2025-05-08 22:53:29,MODO DC,3.59,24.0,11.14,18.65
2025-05-08 22:53:29,MODO DC,3.59,24.0,11.14,18.65
2025-05-08 22:53:29,MODO DC,3.59,24.0,11.14,18.65
2025-05-08 22:53:29,MODO DC,3.59,24.0,11.14,18.65
2025-05-08 22:53:29,MODO DC,3.59,24.0,11.14,18.65
2025-05-08 22:53:29,MODO DC,3.59,24.0,11.14,18.65
2025-05-08 22:53:29,MODO DC,3.59,24.0,11.14,18.65
2025-05-08 22:53:29,MODO DC,3.59,24.0,11.14,18.65
2025-05-08 22:53:29,MODO DC,3.59,24.0,11.14,18.65
2025-05-08 22:53:29,MODO DC,3.59,24.0,11.14,18.65
2025-05-08 22:53:29,MODO DC,3.59,24.0,11.14,18.65
2025-05-08 22:53:29,MODO DC,3.59,24.0,11.14,18.65
2025-05-08 22:53:29,MODO DC,3.59,24.0,11.14,18.65
2025-05-08 22:53:29,MODO DC,3.59,24.0,11.14,18.65
2025-05-08 22:53:29,MODO DC,3.59,24.0,11.14,18.65
2025-05-08 22:53:29,MODO DC,3.59,24.0,11.14,18.65
2025-05-08 22:53:29,MODO DC,3.59,24.0,11.14,18.65
2025-05-08 22:53:29,MODO DC,3.59,24.0,11.14,18.65
2025-05-08 22:53:29,MODO DC,3.59,24.0,11.14,18.65
2025-05-08 22:53:29,MODO DC,3.59,24.0,11.14,18.65
2025-05-08 22:53:30,MODO DC,3.59,24.0,11.14,18.65
2025-05-08 22:53:30,MODO DC,3.59,24.0,11.14,18.65
2025-05-08 22:53:30,MODO DC,3.59,24.0,11.14,18.65
2025-05-08 22:53:30,MODO DC,3.59,24.0,11.14,18.65
2025-05-08 22:53:30,MODO DC,3.59,24.0,11.14,18.65
2025-05-08 22:53:30,MODO DC,3.59,24.0,11.14,18.65
2025-05-08 22:53:30,MODO DC,3.59,24.0,11.14,18.65
2025-05-08 22:53:30,MODO DC,3.59,24.0,11.14,18.65
2025-05-08 22:53:30,MODO DC,3.59,24.0,11.14,18.65
2025-05-08 22:53:30,MODO DC,3.59,24.0,11.14,18.65
2025-05-08 22:53:30,MODO DC,3.59,24.0,11.14,18.65
2025-05-08 22:53:30,MODO DC,3.59,24.0,11.14,18.65
2025-05-08 22:53:30,MODO DC,3.59,24.0,11.14,18.65
2025-05-08 22:53:30,MODO DC,3.59,24.0,11.14,18.65
2025-05-08 22:53:30,MODO DC,3.59,24.0,11.14,18.65
2025-05-08 22:53:30,MODO DC,3.59,24.0,11.14,18.65
2025-05-08 22:53:30,MODO DC,3.59,24.0,11.14,18.65
2025-05-08 22:53:30,MODO DC,3.59,24.0,11.14,18.65
2025-05-08 22:53:30,MODO DC,3.59,24.0,11.14,18.65
2025-05-08 22:53:30,MODO DC,3.59,24.0,11.14,18.65
2025-05-08 22:53:30,MODO DC,3.59,24.0,11.14,18.65
2025-05-08 22:53:30,MODO DC,3.59,24.0,11.14,18.65
2025-05-08 22:53:30,MODO DC,3.59,24.0,11.14,18.65
2025-05-08 22:53:30,MODO DC,3.59,24.0,11.14,18.65
2025-05-08 22:53:31,MODO DC,3.59,24.0,11.14,18.65
2025-05-08 22:53:31,MODO DC,3.59,24.0,11.14,18.65
2025-05-08 22:53:31,MODO DC,3.59,24.0,11.14,18.65
2025-05-08 22:53:31,MODO DC,3.59,24.0,11.14,18.65
2025-05-08 22:53:31,MODO DC,3.59,24.0,11.14,18.65
2025-05-08 22:53:31,MODO DC,3.59,24.0,11.14,18.65
2025-05-08 22:53:31,MODO DC,3.59,24.0,11.14,18.65
2025-05-08 22:53:31,MODO DC,3.59,24.0,11.14,18.65
2025-05-08 22:53:31,MODO DC,3.59,24.0,11.14,18.65
2025-05-08 22:53:31,MODO DC,3.59,24.0,11.14,18.65
2025-05-08 22:53:31,MODO DC,3.59,24.0,11.14,18.65
2025-05-08 22:53:31,MODO DC,3.59,24.0,11.14,18.65
2025-05-08 22:53:31,MODO DC,3.59,24.0,11.14,18.65
2025-05-08 22:53:31,MODO DC,3.59,24.0,11.14,18.65
2025-05-08 22:53:31,MODO DC,3.59,24.0,11.14,18.65
2025-05-08 22:53:31,MODO DC,3.59,24.0,11.14,18.65
2025-05-08 22:53:31,MODO DC,3.59,24.0,11.14,18.65
2025-05-08 22:53:31,MODO DC,3.59,24.0,11.14,18.65
2025-05-08 22:53:31,MODO DC,3.59,24.0,11.14,18.65
2025-05-08 22:53:31,MODO DC,3.59,24.0,11.14,18.65
2025-05-08 22:53:31,MODO DC,3.59,24.0,11.14,18.65
2025-05-08 22:53:31,MODO DC,3.59,24.0,11.14,18.65
2025-05-08 22:53:31,MODO DC,3.59,24.0,11.14,18.65
2025-05-08 22:53:31,MODO DC,3.59,24.0,11.14,18.65
2025-05-08 22:53:32,MODO DC,3.59,24.0,11.14,18.65
2025-05-08 22:53:32,MODO DC,3.59,24.0,11.14,18.65
2025-05-08 22:53:32,MODO DC,3.59,24.0,11.14,18.65
2025-05-08 22:53:32,MODO DC,3.59,24.0,11.14,18.65
2025-05-08 22:53:32,MODO DC,3.59,24.0,11.14,18.65
2025-05-08 22:53:32,MODO DC,3.59,24.0,11.14,18.65
2025-05-08 22:53:32,MODO DC,3.59,24.0,11.14,18.65
2025-05-08 22:53:32,MODO DC,3.59,24.0,11.14,18.65
2025-05-08 22:53:32,MODO DC,3.59,24.0,11.14,18.65
2025-05-08 22:53:32,MODO DC,3.59,24.0,11.14,18.65
2025-05-08 22:53:32,MODO DC,3.59,24.0,11.14,18.65
2025-05-08 22:53:32,MODO DC,3.59,24.0,11.14,18.65
2025-05-08 22:53:32,MODO DC,3.59,24.0,11.14,18.65
2025-05-08 22:53:32,MODO DC,3.59,24.0,11.14,18.65
2025-05-08 22:53:32,MODO DC,3.59,24.0,11.14,18.65
2025-05-08 22:53:32,MODO DC,3.59,24.0,11.14,18.65
2025-05-08 22:53:32,MODO DC,3.59,24.0,11.14,18.65
2025-05-08 22:53:32,MODO DC,3.59,24.0,11.14,18.65
2025-05-08 22:53:32,MODO DC,3.59,24.0,11.14,18.65
2025-05-08 22:53:32,MODO DC,3.59,24.0,11.14,18.65
2025-05-08 22:53:32,MODO DC,3.59,24.0,11.14,18.65
2025-05-08 22:53:32,MODO DC,3.59,24.0,11.14,18.65
2025-05-08 22:53:32,MODO DC,3.59,24.0,11.14,18.65
2025-05-08 22:53:32,MODO DC,3.59,24.0,11.14,18.65
2025-05-08 22:53:32,MODO DC,3.59,24.0,11.14,18.65
2025-05-08 22:53:33,MODO DC,3.59,24.0,11.14,18.65
2025-05-08 22:53:33,MODO DC,3.59,24.0,11.14,18.65
2025-05-08 22:53:33,MODO DC,3.59,24.0,11.14,18.65
2025-05-08 22:53:33,MODO DC,3.59,24.0,11.14,18.65
2025-05-08 22:53:33,MODO DC,3.59,24.0,11.14,18.65
2025-05-08 22:53:33,MODO DC,3.59,24.0,11.14,18.65
2025-05-08 22:53:33,MODO DC,3.59,24.0,11.14,18.65
2025-05-08 22:53:33,MODO DC,3.59,24.0,11.14,18.65
2025-05-08 22:53:33,MODO DC,3.59,24.0,11.14,18.65
2025-05-08 22:53:33,MODO DC,3.59,24.0,11.14,18.65
2025-05-08 22:53:33,MODO DC,3.59,24.0,11.14,18.65
2025-05-08 22:53:33,MODO DC,3.59,24.0,11.14,18.65
2025-05-08 22:53:33,MODO DC,3.59,24.0,11.14,18.65
2025-05-08 22:53:33,MODO DC,3.59,24.0,11.14,18.65
2025-05-08 22:53:33,MODO DC,3.59,24.0,11.14,18.65
2025-05-08 22:53:33,MODO DC,3.59,24.0,11.14,18.65
2025-05-08 22:53:33,MODO DC,3.59,24.0,11.14,18.65
2025-05-08 22:53:33,MODO DC,3.59,24.0,11.14,18.65
2025-05-08 22:53:33,MODO DC,3.59,24.0,11.14,18.65
2025-05-08 22:53:33,MODO DC,3.59,24.0,11.14,18.65
2025-05-08 22:53:33,MODO DC,3.59,24.0,11.14,18.65
2025-05-08 22:53:33,MODO DC,3.59,24.0,11.14,18.65
2025-05-08 22:53:34,MODO DC,3.59,24.0,11.14,18.65
2025-05-08 22:53:34,MODO DC,3.59,24.0,11.14,18.65
2025-05-08 22:53:34,MODO DC,3.59,24.0,11.14,18.65
2025-05-08 22:53:34,MODO DC,3.59,24.0,11.14,18.65
2025-05-08 22:53:34,MODO DC,3.59,24.0,11.14,18.65
2025-05-08 22:53:34,MODO DC,3.59,24.0,11.14,18.65
2025-05-08 22:53:34,MODO DC,3.59,24.0,11.14,18.65
2025-05-08 22:53:34,MODO DC,3.59,24.0,11.14,18.65
2025-05-08 22:53:34,MODO DC,3.59,24.0,11.14,18.65
2025-05-08 22:53:34,MODO DC,3.59,24.0,11.14,18.65
2025-05-08 22:53:34,MODO DC,3.59,24.0,11.14,18.65
2025-05-08 22:53:34,MODO DC,3.59,24.0,11.14,18.65
2025-05-08 22:53:34,MODO DC,3.59,24.0,11.14,18.65
2025-05-08 22:53:34,MODO DC,3.59,24.0,11.14,18.65
2025-05-08 22:53:34,MODO DC,3.59,24.0,11.14,18.65
2025-05-08 22:53:34,MODO DC,3.59,24.0,11.14,18.65
2025-05-08 22:53:34,MODO DC,3.59,24.0,11.14,18.65
2025-05-08 22:53:34,MODO DC,3.59,24.0,11.14,18.65
2025-05-08 22:53:34,MODO DC,3.59,24.0,11.14,18.65
2025-05-08 22:53:34,MODO DC,3.59,24.0,11.14,18.65
2025-05-08 22:53:34,MODO DC,3.59,24.0,11.14,18.65
2025-05-08 22:53:34,MODO DC,3.59,24.0,11.14,18.65
2025-05-08 22:53:34,MODO DC,3.59,24.0,11.14,18.65
2025-05-08 22:53:34,MODO DC,3.59,24.0,11.14,18.65
2025-05-08 22:53:35,MODO DC,3.59,24.0,11.14,18.65
2025-05-08 22:53:35,MODO DC,3.59,24.0,11.14,18.65
2025-05-08 22:53:35,MODO DC,3.59,24.0,11.14,18.65
2025-05-08 22:53:35,MODO DC,3.59,24.0,11.14,18.65
2025-05-08 22:53:35,MODO DC,3.59,24.0,11.14,18.65
2025-05-08 22:53:35,MODO DC,3.59,24.0,11.14,18.65
2025-05-08 22:53:35,MODO DC,3.59,24.0,11.14,18.65
2025-05-08 22:53:35,MODO DC,3.59,24.0,11.14,18.65
2025-05-08 22:53:35,MODO DC,3.59,24.0,11.14,18.65
2025-05-08 22:53:35,MODO DC,3.59,24.0,11.14,18.65
2025-05-08 22:53:35,MODO DC,3.59,24.0,11.14,18.65
2025-05-08 22:53:35,MODO DC,3.59,24.0,11.14,18.65
2025-05-08 22:53:35,MODO DC,3.59,24.0,11.14,18.65
2025-05-08 22:53:35,MODO DC,3.59,24.0,11.14,18.65
2025-05-08 22:53:35,MODO DC,3.59,24.0,11.14,18.65
2025-05-08 22:53:35,MODO DC,3.59,24.0,11.14,18.65
2025-05-08 22:53:35,MODO DC,3.59,24.0,11.14,18.65
2025-05-08 22:53:35,MODO DC,3.59,24.0,11.14,18.65
2025-05-08 22:53:35,MODO DC,3.59,24.0,11.14,18.65
2025-05-08 22:53:35,MODO DC,3.59,24.0,11.14,18.65
2025-05-08 22:53:35,MODO DC,3.59,24.0,11.14,18.65
2025-05-08 22:53:35,MODO DC,3.59,24.0,11.14,18.65
2025-05-08 22:53:35,MODO DC,3.59,24.0,11.14,18.65
2025-05-08 22:53:35,MODO DC,3.59,24.0,11.14,18.65
2025-05-08 22:53:36,MODO DC,3.59,24.0,11.14,18.65
2025-05-08 22:53:36,MODO DC,3.59,24.0,11.14,18.65
2025-05-08 22:53:36,MODO DC,3.59,24.0,11.14,18.65
2025-05-08 22:53:36,MODO DC,3.59,24.0,11.14,18.65
2025-05-08 22:53:36,MODO DC,3.59,24.0,11.14,18.65
2025-05-08 22:53:36,MODO DC,3.59,24.0,11.14,18.65
2025-05-08 22:53:36,MODO DC,3.59,24.0,11.14,18.65
2025-05-08 22:53:36,MODO DC,3.59,24.0,11.14,18.65
2025-05-08 22:53:36,MODO DC,3.59,24.0,11.14,18.65
2025-05-08 22:53:36,MODO DC,3.59,24.0,11.14,18.65
2025-05-08 22:53:36,MODO DC,3.59,24.0,11.14,18.65
2025-05-08 22:53:36,MODO DC,3.59,24.0,11.14,18.65
2025-05-08 22:53:36,MODO DC,3.59,24.0,11.14,18.65
2025-05-08 22:53:36,MODO DC,3.59,24.0,11.14,18.65
2025-05-08 22:53:36,MODO DC,3.59,24.0,11.14,18.65
2025-05-08 22:53:36,MODO DC,3.59,24.0,11.14,18.65
2025-05-08 22:53:36,MODO DC,3.59,24.0,11.14,18.65
2025-05-08 22:53:36,MODO DC,3.59,24.0,11.14,18.65
2025-05-08 22:53:36,MODO DC,3.59,24.0,11.14,18.65
2025-05-08 22:53:36,MODO DC,3.59,24.0,11.14,18.65
2025-05-08 22:53:36,MODO DC,3.59,24.0,11.14,18.65
2025-05-08 22:53:36,MODO DC,3.59,24.0,11.14,18.65
2025-05-08 22:53:36,MODO DC,3.59,24.0,11.14,18.65
2025-05-08 22:53:36,MODO DC,3.59,24.0,11.14,18.65
2025-05-08 22:53:37,MODO DC,3.59,24.0,11.14,18.65
2025-05-08 22:53:37,MODO DC,3.59,24.0,11.14,18.65
2025-05-08 22:53:37,MODO DC,3.59,24.0,11.14,18.65
2025-05-08 22:53:37,MODO DC,3.59,24.0,11.14,18.65
2025-05-08 22:53:37,MODO DC,3.59,24.0,11.14,18.65
2025-05-08 22:53:37,MODO DC,3.59,24.0,11.14,18.65
2025-05-08 22:53:37,MODO DC,3.59,24.0,11.14,18.65
2025-05-08 22:53:37,MODO DC,3.59,24.0,11.14,18.65
2025-05-08 22:53:37,MODO DC,3.59,24.0,11.14,18.65
2025-05-08 22:53:37,MODO DC,3.59,24.0,11.14,18.65
2025-05-08 22:53:37,MODO DC,3.59,24.0,11.14,18.65
2025-05-08 22:53:37,MODO DC,3.59,24.0,11.14,18.65
2025-05-08 22:53:37,MODO DC,3.59,24.0,11.14,18.65
2025-05-08 22:53:37,MODO DC,3.59,24.0,11.14,18.65
2025-05-08 22:53:37,MODO DC,3.59,24.0,11.14,18.65
2025-05-08 22:53:37,MODO DC,3.59,24.0,11.14,18.65
2025-05-08 22:53:37,MODO DC,3.59,24.0,11.14,18.65
2025-05-08 22:53:37,MODO DC,3.59,24.0,11.14,18.65
2025-05-08 22:53:37,MODO DC,3.59,24.0,11.14,18.65
2025-05-08 22:53:37,MODO DC,3.59,24.0,11.14,18.65
2025-05-08 22:53:37,MODO DC,3.59,24.0,11.14,18.65
2025-05-08 22:53:37,MODO DC,3.59,24.0,11.14,18.65
2025-05-08 22:53:37,MODO DC,3.59,24.0,11.14,18.65
2025-05-08 22:53:37,MODO DC,3.59,24.0,11.14,18.65
2025-05-08 22:53:37,MODO DC,3.59,24.0,11.14,18.65
2025-05-08 22:53:38,MODO DC,3.59,24.0,11.14,18.65
2025-05-08 22:53:38,MODO DC,3.59,24.0,11.14,18.65
2025-05-08 22:53:38,MODO DC,3.59,24.0,11.14,18.65
2025-05-08 22:53:38,MODO DC,3.59,24.0,11.14,18.65
2025-05-08 22:53:38,MODO DC,3.59,24.0,11.14,18.65
2025-05-08 22:53:38,MODO DC,3.59,24.0,11.14,18.65
2025-05-08 22:53:38,MODO DC,3.59,24.0,11.14,18.65
2025-05-08 22:53:38,MODO DC,3.59,24.0,11.14,18.65
2025-05-08 22:53:38,MODO DC,3.59,24.0,11.14,18.65
2025-05-08 22:53:38,MODO DC,3.59,24.0,11.14,18.65
2025-05-08 22:53:38,MODO DC,3.59,24.0,11.14,18.65
2025-05-08 22:53:38,MODO DC,3.59,24.0,11.14,18.65
2025-05-08 22:53:38,MODO DC,3.59,24.0,11.14,18.65
2025-05-08 22:53:38,MODO DC,3.59,24.0,11.14,18.65
2025-05-08 22:53:38,MODO DC,3.59,24.0,11.14,18.65
2025-05-08 22:53:38,MODO DC,3.59,24.0,11.14,18.65
2025-05-08 22:53:38,MODO DC,3.59,24.0,11.14,18.65
2025-05-08 22:53:38,MODO DC,3.59,24.0,11.14,18.65
2025-05-08 22:53:38,MODO DC,3.59,24.0,11.14,18.65
2025-05-08 22:53:38,MODO DC,3.59,24.0,11.14,18.65
2025-05-08 22:53:38,MODO DC,3.59,24.0,11.14,18.65
2025-05-08 22:53:38,MODO DC,3.59,24.0,11.14,18.65
2025-05-08 22:53:38,MODO DC,3.59,24.0,11.14,18.65
2025-05-08 22:53:38,MODO DC,3.59,24.0,11.14,18.65
2025-05-08 22:53:39,MODO DC,3.59,24.0,11.14,18.65
2025-05-08 22:53:39,MODO DC,3.59,24.0,11.14,18.65
2025-05-08 22:53:39,MODO DC,3.59,24.0,11.14,18.65
2025-05-08 22:53:39,MODO DC,3.59,24.0,11.14,18.65
2025-05-08 22:53:39,MODO DC,3.59,24.0,11.14,18.65
2025-05-08 22:53:39,MODO DC,3.59,24.0,11.14,18.65
2025-05-08 22:53:39,MODO DC,3.59,24.0,11.14,18.65
2025-05-08 22:53:39,MODO DC,3.59,24.0,11.14,18.65
2025-05-08 22:53:39,MODO DC,3.59,24.0,11.14,18.65
2025-05-08 22:53:39,MODO DC,3.59,24.0,11.14,18.65
2025-05-08 22:53:39,MODO DC,3.59,24.0,11.14,18.65
2025-05-08 22:53:39,MODO DC,3.59,24.0,11.14,18.65
2025-05-08 22:53:39,MODO DC,3.59,24.0,11.14,18.65
2025-05-08 22:53:39,MODO DC,3.59,24.0,11.14,18.65
2025-05-08 22:53:39,MODO DC,3.59,24.0,11.14,18.65
2025-05-08 22:53:39,MODO DC,3.59,24.0,11.14,18.65
2025-05-08 22:53:39,MODO DC,3.59,24.0,11.14,18.65
2025-05-08 22:53:39,MODO DC,3.59,24.0,11.14,18.65
2025-05-08 22:53:39,MODO DC,3.59,24.0,11.14,18.65
2025-05-08 22:53:39,MODO DC,3.59,24.0,11.14,18.65
2025-05-08 22:53:39,MODO DC,3.59,24.0,11.14,18.65
2025-05-08 22:53:39,MODO DC,3.59,24.0,11.14,18.65
2025-05-08 22:53:39,MODO DC,3.59,24.0,11.14,18.65
2025-05-08 22:53:40,MODO DC,3.59,24.0,11.14,18.65
2025-05-08 22:53:40,MODO DC,3.59,24.0,11.14,18.65
2025-05-08 22:53:40,MODO DC,3.59,24.0,11.14,18.65
2025-05-08 22:53:40,MODO DC,3.59,24.0,11.14,18.65
2025-05-08 22:53:40,MODO DC,3.59,24.0,11.14,18.65
2025-05-08 22:53:40,MODO DC,3.59,24.0,11.14,18.65
2025-05-08 22:53:40,MODO DC,3.59,24.0,11.14,18.65
2025-05-08 22:53:40,MODO DC,3.59,24.0,11.14,18.65
2025-05-08 22:53:40,MODO DC,3.59,24.0,11.14,18.65
2025-05-08 22:53:40,MODO DC,3.59,24.0,11.14,18.65
2025-05-08 22:53:40,MODO DC,3.59,24.0,11.14,18.65
2025-05-08 22:53:40,MODO DC,3.59,24.0,11.14,18.65
2025-05-08 22:53:40,MODO DC,3.59,24.0,11.14,18.65
2025-05-08 22:53:40,MODO DC,3.59,24.0,11.14,18.65
2025-05-08 22:53:40,MODO DC,3.59,24.0,11.14,18.65
2025-05-08 22:53:40,MODO DC,3.59,24.0,11.14,18.65
2025-05-08 22:53:40,MODO DC,3.59,24.0,11.14,18.65
2025-05-08 22:53:40,MODO DC,3.59,24.0,11.14,18.65
2025-05-08 22:53:40,MODO DC,3.59,24.0,11.14,18.65
2025-05-08 22:53:40,MODO DC,3.59,24.0,11.14,18.65
2025-05-08 22:53:40,MODO DC,3.59,24.0,11.14,18.65
2025-05-08 22:53:40,MODO DC,3.59,24.0,11.14,18.65
2025-05-08 22:53:40,MODO DC,3.59,24.0,11.14,18.65
2025-05-08 22:53:40,MODO DC,3.59,24.0,11.14,18.65
2025-05-08 22:53:40,MODO DC,3.59,24.0,11.14,18.65
2025-05-08 22:53:41,MODO DC,3.59,24.0,11.14,18.65
2025-05-08 22:53:41,MODO DC,3.59,24.0,11.14,18.65
2025-05-08 22:53:41,MODO DC,3.59,24.0,11.14,18.65
2025-05-08 22:53:41,MODO DC,3.59,24.0,11.14,18.65
2025-05-08 22:53:41,MODO DC,3.59,24.0,11.14,18.65
2025-05-08 22:53:41,MODO DC,3.59,24.0,11.14,18.65
2025-05-08 22:53:41,MODO DC,3.59,24.0,11.14,18.65
2025-05-08 22:53:41,MODO DC,3.59,24.0,11.14,18.65
2025-05-08 22:53:41,MODO DC,3.59,24.0,11.14,18.65
2025-05-08 22:53:41,MODO DC,3.59,24.0,11.14,18.65
2025-05-08 22:53:41,MODO DC,3.59,24.0,11.14,18.65
2025-05-08 22:53:41,MODO DC,3.59,24.0,11.14,18.65
2025-05-08 22:53:41,MODO DC,3.59,24.0,11.14,18.65
2025-05-08 22:53:41,MODO DC,3.59,24.0,11.14,18.65
2025-05-08 22:53:41,MODO DC,3.59,24.0,11.14,18.65
2025-05-08 22:53:41,MODO DC,3.59,24.0,11.14,18.65
2025-05-08 22:53:41,MODO DC,3.59,24.0,11.14,18.65
2025-05-08 22:53:41,MODO DC,3.59,24.0,11.14,18.65
2025-05-08 22:53:41,MODO DC,3.59,24.0,11.14,18.65
2025-05-08 22:53:41,MODO DC,3.59,24.0,11.14,18.65
2025-05-08 22:53:41,MODO DC,3.59,24.0,11.14,18.65
2025-05-08 22:53:41,MODO DC,3.59,24.0,11.14,18.65
2025-05-08 22:53:41,MODO DC,3.59,24.0,11.14,18.65
2025-05-08 22:53:41,MODO DC,3.59,24.0,11.14,18.65
2025-05-08 22:53:42,MODO DC,3.59,24.0,11.14,18.65
2025-05-08 22:53:42,MODO DC,3.59,24.0,11.14,18.65
2025-05-08 22:53:42,MODO DC,3.59,24.0,11.14,18.65
2025-05-08 22:53:42,MODO DC,3.59,24.0,11.14,18.65
2025-05-08 22:53:42,MODO DC,3.59,24.0,11.14,18.65
2025-05-08 22:53:42,MODO DC,3.59,24.0,11.14,18.65
2025-05-08 22:53:42,MODO DC,3.59,24.0,11.14,18.65
2025-05-08 22:53:42,MODO DC,3.59,24.0,11.14,18.65
2025-05-08 22:53:42,MODO DC,3.59,24.0,11.14,18.65
2025-05-08 22:53:42,MODO DC,3.59,24.0,11.14,18.65
2025-05-08 22:53:42,MODO DC,3.59,24.0,11.14,18.65
2025-05-08 22:53:42,MODO DC,3.59,24.0,11.14,18.65
2025-05-08 22:53:42,MODO DC,3.59,24.0,11.14,18.65
2025-05-08 22:53:42,MODO DC,3.59,24.0,11.14,18.65
2025-05-08 22:53:42,MODO DC,3.59,24.0,11.14,18.65
2025-05-08 22:53:42,MODO DC,3.59,24.0,11.14,18.65
2025-05-08 22:53:42,MODO DC,3.59,24.0,11.14,18.65
2025-05-08 22:53:43,MODO DC,3.59,24.0,11.14,18.0
